date,daily_pnl_pct,equity,drawdown_pct,policy
2021-10-01,0.6227313299167262,100.62273132991673,0.0,A_baseline
2021-10-02,0.0,100.62273132991673,0.0,A_baseline
2021-10-03,0.0,100.62273132991673,0.0,A_baseline
2021-10-04,0.0,100.62273132991673,0.0,A_baseline
2021-10-05,0.0,100.62273132991673,0.0,A_baseline
2021-10-06,0.0,100.62273132991673,0.0,A_baseline
2021-10-07,0.0,100.62273132991673,0.0,A_baseline
2021-10-08,0.0,100.62273132991673,0.0,A_baseline
2021-10-09,0.0,100.62273132991673,0.0,A_baseline
2021-10-10,0.0,100.62273132991673,0.0,A_baseline
2021-10-11,0.0,100.62273132991673,0.0,A_baseline
2021-10-12,0.0,100.62273132991673,0.0,A_baseline
2021-10-13,0.0,100.62273132991673,0.0,A_baseline
2021-10-14,0.0,100.62273132991673,0.0,A_baseline
2021-10-15,0.0,100.62273132991673,0.0,A_baseline
2021-10-16,0.0,100.62273132991673,0.0,A_baseline
2021-10-17,0.0,100.62273132991673,0.0,A_baseline
2021-10-18,0.0,100.62273132991673,0.0,A_baseline
2021-10-19,0.0,100.62273132991673,0.0,A_baseline
2021-10-20,0.0,100.62273132991673,0.0,A_baseline
2021-10-21,0.0,100.62273132991673,0.0,A_baseline
2021-10-22,0.0,100.62273132991673,0.0,A_baseline
2021-10-23,0.0,100.62273132991673,0.0,A_baseline
2021-10-24,0.0,100.62273132991673,0.0,A_baseline
2021-10-25,0.0,100.62273132991673,0.0,A_baseline
2021-10-26,0.0,100.62273132991673,0.0,A_baseline
2021-10-27,0.0,100.62273132991673,0.0,A_baseline
2021-10-28,0.0,100.62273132991673,0.0,A_baseline
2021-10-29,0.0,100.62273132991673,0.0,A_baseline
2021-10-30,0.0,100.62273132991673,0.0,A_baseline
2021-10-31,0.0,100.62273132991673,0.0,A_baseline
2021-11-01,0.0,100.62273132991673,0.0,A_baseline
2021-11-02,0.0,100.62273132991673,0.0,A_baseline
2021-11-03,0.0,100.62273132991673,0.0,A_baseline
2021-11-04,0.0,100.62273132991673,0.0,A_baseline
2021-11-05,0.0,100.62273132991673,0.0,A_baseline
2021-11-06,0.0,100.62273132991673,0.0,A_baseline
2021-11-07,0.0,100.62273132991673,0.0,A_baseline
2021-11-08,0.0,100.62273132991673,0.0,A_baseline
2021-11-09,0.0,100.62273132991673,0.0,A_baseline
2021-11-10,0.0,100.62273132991673,0.0,A_baseline
2021-11-11,0.0,100.62273132991673,0.0,A_baseline
2021-11-12,0.0,100.62273132991673,0.0,A_baseline
2021-11-13,0.0,100.62273132991673,0.0,A_baseline
2021-11-14,0.0,100.62273132991673,0.0,A_baseline
2021-11-15,0.0,100.62273132991673,0.0,A_baseline
2021-11-16,0.0,100.62273132991673,0.0,A_baseline
2021-11-17,0.0,100.62273132991673,0.0,A_baseline
2021-11-18,0.0,100.62273132991673,0.0,A_baseline
2021-11-19,0.0,100.62273132991673,0.0,A_baseline
2021-11-20,0.0,100.62273132991673,0.0,A_baseline
2021-11-21,0.0,100.62273132991673,0.0,A_baseline
2021-11-22,0.0,100.62273132991673,0.0,A_baseline
2021-11-23,0.0,100.62273132991673,0.0,A_baseline
2021-11-24,0.0,100.62273132991673,0.0,A_baseline
2021-11-25,0.0,100.62273132991673,0.0,A_baseline
2021-11-26,0.0,100.62273132991673,0.0,A_baseline
2021-11-27,0.0,100.62273132991673,0.0,A_baseline
2021-11-28,0.0,100.62273132991673,0.0,A_baseline
2021-11-29,0.0,100.62273132991673,0.0,A_baseline
2021-11-30,0.0,100.62273132991673,0.0,A_baseline
2021-12-01,0.0,100.62273132991673,0.0,A_baseline
2021-12-02,0.0,100.62273132991673,0.0,A_baseline
2021-12-03,0.0,100.62273132991673,0.0,A_baseline
2021-12-04,0.0,100.62273132991673,0.0,A_baseline
2021-12-05,0.0,100.62273132991673,0.0,A_baseline
2021-12-06,0.0,100.62273132991673,0.0,A_baseline
2021-12-07,0.0,100.62273132991673,0.0,A_baseline
2021-12-08,0.0,100.62273132991673,0.0,A_baseline
2021-12-09,0.0,100.62273132991673,0.0,A_baseline
2021-12-10,0.0,100.62273132991673,0.0,A_baseline
2021-12-11,0.0,100.62273132991673,0.0,A_baseline
2021-12-12,0.0,100.62273132991673,0.0,A_baseline
2021-12-13,0.0,100.62273132991673,0.0,A_baseline
2021-12-14,0.0,100.62273132991673,0.0,A_baseline
2021-12-15,0.0,100.62273132991673,0.0,A_baseline
2021-12-16,0.0,100.62273132991673,0.0,A_baseline
2021-12-17,0.0,100.62273132991673,0.0,A_baseline
2021-12-18,0.0,100.62273132991673,0.0,A_baseline
2021-12-19,0.0,100.62273132991673,0.0,A_baseline
2021-12-20,0.0,100.62273132991673,0.0,A_baseline
2021-12-21,0.0,100.62273132991673,0.0,A_baseline
2021-12-22,0.0,100.62273132991673,0.0,A_baseline
2021-12-23,0.0,100.62273132991673,0.0,A_baseline
2021-12-24,0.0,100.62273132991673,0.0,A_baseline
2021-12-25,0.0,100.62273132991673,0.0,A_baseline
2021-12-26,0.0,100.62273132991673,0.0,A_baseline
2021-12-27,0.0,100.62273132991673,0.0,A_baseline
2021-12-28,0.0,100.62273132991673,0.0,A_baseline
2021-12-29,0.0,100.62273132991673,0.0,A_baseline
2021-12-30,0.0,100.62273132991673,0.0,A_baseline
2021-12-31,0.0,100.62273132991673,0.0,A_baseline
2022-01-01,0.0,100.62273132991673,0.0,A_baseline
2022-01-02,0.0,100.62273132991673,0.0,A_baseline
2022-01-03,-0.16030652780112126,100.4624248021156,-0.15931442695141795,A_baseline
2022-01-04,0.0,100.4624248021156,-0.15931442695141795,A_baseline
2022-01-05,0.0,100.4624248021156,-0.15931442695141795,A_baseline
2022-01-06,0.0,100.4624248021156,-0.15931442695141795,A_baseline
2022-01-07,0.0,100.4624248021156,-0.15931442695141795,A_baseline
2022-01-08,0.0,100.4624248021156,-0.15931442695141795,A_baseline
2022-01-09,0.0,100.4624248021156,-0.15931442695141795,A_baseline
2022-01-10,0.0,100.4624248021156,-0.15931442695141795,A_baseline
2022-01-11,0.0,100.4624248021156,-0.15931442695141795,A_baseline
2022-01-12,0.0,100.4624248021156,-0.15931442695141795,A_baseline
2022-01-13,0.0,100.4624248021156,-0.15931442695141795,A_baseline
2022-01-14,0.0,100.4624248021156,-0.15931442695141795,A_baseline
2022-01-15,0.0,100.4624248021156,-0.15931442695141795,A_baseline
2022-01-16,0.0,100.4624248021156,-0.15931442695141795,A_baseline
2022-01-17,0.0,100.4624248021156,-0.15931442695141795,A_baseline
2022-01-18,0.0,100.4624248021156,-0.15931442695141795,A_baseline
2022-01-19,0.0,100.4624248021156,-0.15931442695141795,A_baseline
2022-01-20,0.0,100.4624248021156,-0.15931442695141795,A_baseline
2022-01-21,0.0,100.4624248021156,-0.15931442695141795,A_baseline
2022-01-22,0.0,100.4624248021156,-0.15931442695141795,A_baseline
2022-01-23,0.0,100.4624248021156,-0.15931442695141795,A_baseline
2022-01-24,0.0,100.4624248021156,-0.15931442695141795,A_baseline
2022-01-25,0.0,100.4624248021156,-0.15931442695141795,A_baseline
2022-01-26,0.0,100.4624248021156,-0.15931442695141795,A_baseline
2022-01-27,0.0,100.4624248021156,-0.15931442695141795,A_baseline
2022-01-28,0.0,100.4624248021156,-0.15931442695141795,A_baseline
2022-01-29,0.0,100.4624248021156,-0.15931442695141795,A_baseline
2022-01-30,0.0,100.4624248021156,-0.15931442695141795,A_baseline
2022-01-31,0.0,100.4624248021156,-0.15931442695141795,A_baseline
2022-02-01,0.0,100.4624248021156,-0.15931442695141795,A_baseline
2022-02-02,0.0,100.4624248021156,-0.15931442695141795,A_baseline
2022-02-03,0.0,100.4624248021156,-0.15931442695141795,A_baseline
2022-02-04,0.0,100.4624248021156,-0.15931442695141795,A_baseline
2022-02-05,0.0,100.4624248021156,-0.15931442695141795,A_baseline
2022-02-06,0.0,100.4624248021156,-0.15931442695141795,A_baseline
2022-02-07,0.0,100.4624248021156,-0.15931442695141795,A_baseline
2022-02-08,0.0,100.4624248021156,-0.15931442695141795,A_baseline
2022-02-09,0.0,100.4624248021156,-0.15931442695141795,A_baseline
2022-02-10,0.0,100.4624248021156,-0.15931442695141795,A_baseline
2022-02-11,0.0,100.4624248021156,-0.15931442695141795,A_baseline
2022-02-12,0.0,100.4624248021156,-0.15931442695141795,A_baseline
2022-02-13,0.0,100.4624248021156,-0.15931442695141795,A_baseline
2022-02-14,0.0,100.4624248021156,-0.15931442695141795,A_baseline
2022-02-15,0.0,100.4624248021156,-0.15931442695141795,A_baseline
2022-02-16,0.0,100.4624248021156,-0.15931442695141795,A_baseline
2022-02-17,0.0,100.4624248021156,-0.15931442695141795,A_baseline
2022-02-18,0.0,100.4624248021156,-0.15931442695141795,A_baseline
2022-02-19,0.0,100.4624248021156,-0.15931442695141795,A_baseline
2022-02-20,0.0,100.4624248021156,-0.15931442695141795,A_baseline
2022-02-21,0.0,100.4624248021156,-0.15931442695141795,A_baseline
2022-02-22,0.0,100.4624248021156,-0.15931442695141795,A_baseline
2022-02-23,0.0,100.4624248021156,-0.15931442695141795,A_baseline
2022-02-24,0.0,100.4624248021156,-0.15931442695141795,A_baseline
2022-02-25,0.0,100.4624248021156,-0.15931442695141795,A_baseline
2022-02-26,0.0,100.4624248021156,-0.15931442695141795,A_baseline
2022-02-27,0.0,100.4624248021156,-0.15931442695141795,A_baseline
2022-02-28,0.0,100.4624248021156,-0.15931442695141795,A_baseline
2022-03-01,0.0,100.4624248021156,-0.15931442695141795,A_baseline
2022-03-02,0.0,100.4624248021156,-0.15931442695141795,A_baseline
2022-03-03,0.0,100.4624248021156,-0.15931442695141795,A_baseline
2022-03-04,0.0,100.4624248021156,-0.15931442695141795,A_baseline
2022-03-05,0.0,100.4624248021156,-0.15931442695141795,A_baseline
2022-03-06,0.0,100.4624248021156,-0.15931442695141795,A_baseline
2022-03-07,0.0,100.4624248021156,-0.15931442695141795,A_baseline
2022-03-08,0.0,100.4624248021156,-0.15931442695141795,A_baseline
2022-03-09,0.0,100.4624248021156,-0.15931442695141795,A_baseline
2022-03-10,0.0,100.4624248021156,-0.15931442695141795,A_baseline
2022-03-11,0.0,100.4624248021156,-0.15931442695141795,A_baseline
2022-03-12,0.0,100.4624248021156,-0.15931442695141795,A_baseline
2022-03-13,0.0,100.4624248021156,-0.15931442695141795,A_baseline
2022-03-14,0.0,100.4624248021156,-0.15931442695141795,A_baseline
2022-03-15,0.0,100.4624248021156,-0.15931442695141795,A_baseline
2022-03-16,0.0,100.4624248021156,-0.15931442695141795,A_baseline
2022-03-17,0.0,100.4624248021156,-0.15931442695141795,A_baseline
2022-03-18,0.0,100.4624248021156,-0.15931442695141795,A_baseline
2022-03-19,0.0,100.4624248021156,-0.15931442695141795,A_baseline
2022-03-20,0.0,100.4624248021156,-0.15931442695141795,A_baseline
2022-03-21,0.0,100.4624248021156,-0.15931442695141795,A_baseline
2022-03-22,0.0,100.4624248021156,-0.15931442695141795,A_baseline
2022-03-23,0.0,100.4624248021156,-0.15931442695141795,A_baseline
2022-03-24,0.0,100.4624248021156,-0.15931442695141795,A_baseline
2022-03-25,0.0,100.4624248021156,-0.15931442695141795,A_baseline
2022-03-26,0.0,100.4624248021156,-0.15931442695141795,A_baseline
2022-03-27,0.0,100.4624248021156,-0.15931442695141795,A_baseline
2022-03-28,0.0,100.4624248021156,-0.15931442695141795,A_baseline
2022-03-29,0.0,100.4624248021156,-0.15931442695141795,A_baseline
2022-03-30,0.0,100.4624248021156,-0.15931442695141795,A_baseline
2022-03-31,0.0,100.4624248021156,-0.15931442695141795,A_baseline
2022-04-01,0.0,100.4624248021156,-0.15931442695141795,A_baseline
2022-04-02,0.0,100.4624248021156,-0.15931442695141795,A_baseline
2022-04-03,0.0,100.4624248021156,-0.15931442695141795,A_baseline
2022-04-04,0.0,100.4624248021156,-0.15931442695141795,A_baseline
2022-04-05,-0.16437761138063062,100.29804719073498,-0.3226747424666887,A_baseline
2022-04-06,0.0,100.29804719073498,-0.3226747424666887,A_baseline
2022-04-07,0.0,100.29804719073498,-0.3226747424666887,A_baseline
2022-04-08,0.0,100.29804719073498,-0.3226747424666887,A_baseline
2022-04-09,0.0,100.29804719073498,-0.3226747424666887,A_baseline
2022-04-10,0.0,100.29804719073498,-0.3226747424666887,A_baseline
2022-04-11,0.0,100.29804719073498,-0.3226747424666887,A_baseline
2022-04-12,0.0,100.29804719073498,-0.3226747424666887,A_baseline
2022-04-13,0.0,100.29804719073498,-0.3226747424666887,A_baseline
2022-04-14,0.0,100.29804719073498,-0.3226747424666887,A_baseline
2022-04-15,0.0,100.29804719073498,-0.3226747424666887,A_baseline
2022-04-16,0.0,100.29804719073498,-0.3226747424666887,A_baseline
2022-04-17,0.0,100.29804719073498,-0.3226747424666887,A_baseline
2022-04-18,0.0,100.29804719073498,-0.3226747424666887,A_baseline
2022-04-19,0.0,100.29804719073498,-0.3226747424666887,A_baseline
2022-04-20,0.0,100.29804719073498,-0.3226747424666887,A_baseline
2022-04-21,0.0,100.29804719073498,-0.3226747424666887,A_baseline
2022-04-22,0.0,100.29804719073498,-0.3226747424666887,A_baseline
2022-04-23,0.0,100.29804719073498,-0.3226747424666887,A_baseline
2022-04-24,0.0,100.29804719073498,-0.3226747424666887,A_baseline
2022-04-25,0.0,100.29804719073498,-0.3226747424666887,A_baseline
2022-04-26,0.0,100.29804719073498,-0.3226747424666887,A_baseline
2022-04-27,0.0,100.29804719073498,-0.3226747424666887,A_baseline
2022-04-28,0.0,100.29804719073498,-0.3226747424666887,A_baseline
2022-04-29,0.0,100.29804719073498,-0.3226747424666887,A_baseline
2022-04-30,0.0,100.29804719073498,-0.3226747424666887,A_baseline
2022-05-01,0.0,100.29804719073498,-0.3226747424666887,A_baseline
2022-05-02,0.0,100.29804719073498,-0.3226747424666887,A_baseline
2022-05-03,0.0,100.29804719073498,-0.3226747424666887,A_baseline
2022-05-04,0.0,100.29804719073498,-0.3226747424666887,A_baseline
2022-05-05,0.0,100.29804719073498,-0.3226747424666887,A_baseline
2022-05-06,0.0,100.29804719073498,-0.3226747424666887,A_baseline
2022-05-07,0.0,100.29804719073498,-0.3226747424666887,A_baseline
2022-05-08,0.0,100.29804719073498,-0.3226747424666887,A_baseline
2022-05-09,0.0,100.29804719073498,-0.3226747424666887,A_baseline
2022-05-10,0.0,100.29804719073498,-0.3226747424666887,A_baseline
2022-05-11,0.0,100.29804719073498,-0.3226747424666887,A_baseline
2022-05-12,0.0,100.29804719073498,-0.3226747424666887,A_baseline
2022-05-13,0.0,100.29804719073498,-0.3226747424666887,A_baseline
2022-05-14,0.0,100.29804719073498,-0.3226747424666887,A_baseline
2022-05-15,0.0,100.29804719073498,-0.3226747424666887,A_baseline
2022-05-16,0.0,100.29804719073498,-0.3226747424666887,A_baseline
2022-05-17,0.0,100.29804719073498,-0.3226747424666887,A_baseline
2022-05-18,0.0,100.29804719073498,-0.3226747424666887,A_baseline
2022-05-19,0.0,100.29804719073498,-0.3226747424666887,A_baseline
2022-05-20,0.0,100.29804719073498,-0.3226747424666887,A_baseline
2022-05-21,0.0,100.29804719073498,-0.3226747424666887,A_baseline
2022-05-22,0.0,100.29804719073498,-0.3226747424666887,A_baseline
2022-05-23,0.0,100.29804719073498,-0.3226747424666887,A_baseline
2022-05-24,0.0,100.29804719073498,-0.3226747424666887,A_baseline
2022-05-25,0.0,100.29804719073498,-0.3226747424666887,A_baseline
2022-05-26,0.0,100.29804719073498,-0.3226747424666887,A_baseline
2022-05-27,0.0,100.29804719073498,-0.3226747424666887,A_baseline
2022-05-28,0.0,100.29804719073498,-0.3226747424666887,A_baseline
2022-05-29,0.0,100.29804719073498,-0.3226747424666887,A_baseline
2022-05-30,0.0,100.29804719073498,-0.3226747424666887,A_baseline
2022-05-31,0.0,100.29804719073498,-0.3226747424666887,A_baseline
2022-06-01,0.0,100.29804719073498,-0.3226747424666887,A_baseline
2022-06-02,0.0,100.29804719073498,-0.3226747424666887,A_baseline
2022-06-03,0.0,100.29804719073498,-0.3226747424666887,A_baseline
2022-06-04,0.0,100.29804719073498,-0.3226747424666887,A_baseline
2022-06-05,0.0,100.29804719073498,-0.3226747424666887,A_baseline
2022-06-06,0.0,100.29804719073498,-0.3226747424666887,A_baseline
2022-06-07,0.0,100.29804719073498,-0.3226747424666887,A_baseline
2022-06-08,0.0,100.29804719073498,-0.3226747424666887,A_baseline
2022-06-09,0.0,100.29804719073498,-0.3226747424666887,A_baseline
2022-06-10,0.0,100.29804719073498,-0.3226747424666887,A_baseline
2022-06-11,0.0,100.29804719073498,-0.3226747424666887,A_baseline
2022-06-12,0.0,100.29804719073498,-0.3226747424666887,A_baseline
2022-06-13,0.0,100.29804719073498,-0.3226747424666887,A_baseline
2022-06-14,0.0,100.29804719073498,-0.3226747424666887,A_baseline
2022-06-15,0.0,100.29804719073498,-0.3226747424666887,A_baseline
2022-06-16,0.0,100.29804719073498,-0.3226747424666887,A_baseline
2022-06-17,0.0,100.29804719073498,-0.3226747424666887,A_baseline
2022-06-18,0.0,100.29804719073498,-0.3226747424666887,A_baseline
2022-06-19,0.0,100.29804719073498,-0.3226747424666887,A_baseline
2022-06-20,0.0,100.29804719073498,-0.3226747424666887,A_baseline
2022-06-21,0.0,100.29804719073498,-0.3226747424666887,A_baseline
2022-06-22,0.0,100.29804719073498,-0.3226747424666887,A_baseline
2022-06-23,0.0,100.29804719073498,-0.3226747424666887,A_baseline
2022-06-24,0.0,100.29804719073498,-0.3226747424666887,A_baseline
2022-06-25,0.0,100.29804719073498,-0.3226747424666887,A_baseline
2022-06-26,0.0,100.29804719073498,-0.3226747424666887,A_baseline
2022-06-27,0.0,100.29804719073498,-0.3226747424666887,A_baseline
2022-06-28,0.0,100.29804719073498,-0.3226747424666887,A_baseline
2022-06-29,0.0,100.29804719073498,-0.3226747424666887,A_baseline
2022-06-30,0.0,100.29804719073498,-0.3226747424666887,A_baseline
2022-07-01,0.0,100.29804719073498,-0.3226747424666887,A_baseline
2022-07-02,0.0,100.29804719073498,-0.3226747424666887,A_baseline
2022-07-03,0.0,100.29804719073498,-0.3226747424666887,A_baseline
2022-07-04,0.0,100.29804719073498,-0.3226747424666887,A_baseline
2022-07-05,0.0,100.29804719073498,-0.3226747424666887,A_baseline
2022-07-06,-0.045794613232053055,100.25225257750292,-0.36818594319319997,A_baseline
2022-07-07,0.0,100.25225257750292,-0.36818594319319997,A_baseline
2022-07-08,0.0,100.25225257750292,-0.36818594319319997,A_baseline
2022-07-09,0.0,100.25225257750292,-0.36818594319319997,A_baseline
2022-07-10,0.0,100.25225257750292,-0.36818594319319997,A_baseline
2022-07-11,0.0,100.25225257750292,-0.36818594319319997,A_baseline
2022-07-12,0.0,100.25225257750292,-0.36818594319319997,A_baseline
2022-07-13,0.0,100.25225257750292,-0.36818594319319997,A_baseline
2022-07-14,0.0,100.25225257750292,-0.36818594319319997,A_baseline
2022-07-15,0.0,100.25225257750292,-0.36818594319319997,A_baseline
2022-07-16,0.0,100.25225257750292,-0.36818594319319997,A_baseline
2022-07-17,0.0,100.25225257750292,-0.36818594319319997,A_baseline
2022-07-18,0.0,100.25225257750292,-0.36818594319319997,A_baseline
2022-07-19,0.0,100.25225257750292,-0.36818594319319997,A_baseline
2022-07-20,0.0,100.25225257750292,-0.36818594319319997,A_baseline
2022-07-21,0.0,100.25225257750292,-0.36818594319319997,A_baseline
2022-07-22,0.0,100.25225257750292,-0.36818594319319997,A_baseline
2022-07-23,0.0,100.25225257750292,-0.36818594319319997,A_baseline
2022-07-24,0.0,100.25225257750292,-0.36818594319319997,A_baseline
2022-07-25,0.0,100.25225257750292,-0.36818594319319997,A_baseline
2022-07-26,0.0,100.25225257750292,-0.36818594319319997,A_baseline
2022-07-27,0.0,100.25225257750292,-0.36818594319319997,A_baseline
2022-07-28,0.0,100.25225257750292,-0.36818594319319997,A_baseline
2022-07-29,0.0,100.25225257750292,-0.36818594319319997,A_baseline
2022-07-30,0.0,100.25225257750292,-0.36818594319319997,A_baseline
2022-07-31,0.0,100.25225257750292,-0.36818594319319997,A_baseline
2022-08-01,0.0,100.25225257750292,-0.36818594319319997,A_baseline
2022-08-02,0.0,100.25225257750292,-0.36818594319319997,A_baseline
2022-08-03,0.0,100.25225257750292,-0.36818594319319997,A_baseline
2022-08-04,0.0,100.25225257750292,-0.36818594319319997,A_baseline
2022-08-05,0.0,100.25225257750292,-0.36818594319319997,A_baseline
2022-08-06,0.0,100.25225257750292,-0.36818594319319997,A_baseline
2022-08-07,0.0,100.25225257750292,-0.36818594319319997,A_baseline
2022-08-08,0.0,100.25225257750292,-0.36818594319319997,A_baseline
2022-08-09,0.0,100.25225257750292,-0.36818594319319997,A_baseline
2022-08-10,0.0,100.25225257750292,-0.36818594319319997,A_baseline
2022-08-11,0.0,100.25225257750292,-0.36818594319319997,A_baseline
2022-08-12,0.0,100.25225257750292,-0.36818594319319997,A_baseline
2022-08-13,0.0,100.25225257750292,-0.36818594319319997,A_baseline
2022-08-14,0.0,100.25225257750292,-0.36818594319319997,A_baseline
2022-08-15,0.0,100.25225257750292,-0.36818594319319997,A_baseline
2022-08-16,0.0,100.25225257750292,-0.36818594319319997,A_baseline
2022-08-17,0.0,100.25225257750292,-0.36818594319319997,A_baseline
2022-08-18,0.0,100.25225257750292,-0.36818594319319997,A_baseline
2022-08-19,0.0,100.25225257750292,-0.36818594319319997,A_baseline
2022-08-20,0.0,100.25225257750292,-0.36818594319319997,A_baseline
2022-08-21,0.0,100.25225257750292,-0.36818594319319997,A_baseline
2022-08-22,0.0,100.25225257750292,-0.36818594319319997,A_baseline
2022-08-23,0.0,100.25225257750292,-0.36818594319319997,A_baseline
2022-08-24,0.0,100.25225257750292,-0.36818594319319997,A_baseline
2022-08-25,0.0,100.25225257750292,-0.36818594319319997,A_baseline
2022-08-26,0.0,100.25225257750292,-0.36818594319319997,A_baseline
2022-08-27,0.0,100.25225257750292,-0.36818594319319997,A_baseline
2022-08-28,0.0,100.25225257750292,-0.36818594319319997,A_baseline
2022-08-29,0.0,100.25225257750292,-0.36818594319319997,A_baseline
2022-08-30,0.0,100.25225257750292,-0.36818594319319997,A_baseline
2022-08-31,0.0,100.25225257750292,-0.36818594319319997,A_baseline
2022-09-01,0.0,100.25225257750292,-0.36818594319319997,A_baseline
2022-09-02,0.0,100.25225257750292,-0.36818594319319997,A_baseline
2022-09-03,0.0,100.25225257750292,-0.36818594319319997,A_baseline
2022-09-04,0.0,100.25225257750292,-0.36818594319319997,A_baseline
2022-09-05,0.0,100.25225257750292,-0.36818594319319997,A_baseline
2022-09-06,0.0,100.25225257750292,-0.36818594319319997,A_baseline
2022-09-07,0.0,100.25225257750292,-0.36818594319319997,A_baseline
2022-09-08,0.0,100.25225257750292,-0.36818594319319997,A_baseline
2022-09-09,0.0,100.25225257750292,-0.36818594319319997,A_baseline
2022-09-10,0.0,100.25225257750292,-0.36818594319319997,A_baseline
2022-09-11,0.0,100.25225257750292,-0.36818594319319997,A_baseline
2022-09-12,0.0,100.25225257750292,-0.36818594319319997,A_baseline
2022-09-13,0.0,100.25225257750292,-0.36818594319319997,A_baseline
2022-09-14,0.0,100.25225257750292,-0.36818594319319997,A_baseline
2022-09-15,0.0,100.25225257750292,-0.36818594319319997,A_baseline
2022-09-16,0.0,100.25225257750292,-0.36818594319319997,A_baseline
2022-09-17,0.0,100.25225257750292,-0.36818594319319997,A_baseline
2022-09-18,0.0,100.25225257750292,-0.36818594319319997,A_baseline
2022-09-19,0.0,100.25225257750292,-0.36818594319319997,A_baseline
2022-09-20,0.0,100.25225257750292,-0.36818594319319997,A_baseline
2022-09-21,0.0,100.25225257750292,-0.36818594319319997,A_baseline
2022-09-22,0.0,100.25225257750292,-0.36818594319319997,A_baseline
2022-09-23,0.0,100.25225257750292,-0.36818594319319997,A_baseline
2022-09-24,0.0,100.25225257750292,-0.36818594319319997,A_baseline
2022-09-25,0.0,100.25225257750292,-0.36818594319319997,A_baseline
2022-09-26,0.0,100.25225257750292,-0.36818594319319997,A_baseline
2022-09-27,0.0,100.25225257750292,-0.36818594319319997,A_baseline
2022-09-28,0.0,100.25225257750292,-0.36818594319319997,A_baseline
2022-09-29,0.0,100.25225257750292,-0.36818594319319997,A_baseline
2022-09-30,0.0,100.25225257750292,-0.36818594319319997,A_baseline
2022-10-01,0.0,100.25225257750292,-0.36818594319319997,A_baseline
2022-10-02,0.0,100.25225257750292,-0.36818594319319997,A_baseline
2022-10-03,0.0,100.25225257750292,-0.36818594319319997,A_baseline
2022-10-04,0.0,100.25225257750292,-0.36818594319319997,A_baseline
2022-10-05,0.0,100.25225257750292,-0.36818594319319997,A_baseline
2022-10-06,0.0,100.25225257750292,-0.36818594319319997,A_baseline
2022-10-07,0.3800675984602961,100.63232017596322,0.0,A_baseline
2022-10-08,0.0,100.63232017596322,0.0,A_baseline
2022-10-09,0.0,100.63232017596322,0.0,A_baseline
2022-10-10,0.0,100.63232017596322,0.0,A_baseline
2022-10-11,0.0,100.63232017596322,0.0,A_baseline
2022-10-12,0.0,100.63232017596322,0.0,A_baseline
2022-10-13,0.0,100.63232017596322,0.0,A_baseline
2022-10-14,0.0,100.63232017596322,0.0,A_baseline
2022-10-15,0.0,100.63232017596322,0.0,A_baseline
2022-10-16,0.0,100.63232017596322,0.0,A_baseline
2022-10-17,0.0,100.63232017596322,0.0,A_baseline
2022-10-18,0.0,100.63232017596322,0.0,A_baseline
2022-10-19,0.0,100.63232017596322,0.0,A_baseline
2022-10-20,0.0,100.63232017596322,0.0,A_baseline
2022-10-21,0.0,100.63232017596322,0.0,A_baseline
2022-10-22,0.0,100.63232017596322,0.0,A_baseline
2022-10-23,0.0,100.63232017596322,0.0,A_baseline
2022-10-24,0.0,100.63232017596322,0.0,A_baseline
2022-10-25,0.0,100.63232017596322,0.0,A_baseline
2022-10-26,0.0,100.63232017596322,0.0,A_baseline
2022-10-27,0.0,100.63232017596322,0.0,A_baseline
2022-10-28,0.0,100.63232017596322,0.0,A_baseline
2022-10-29,0.0,100.63232017596322,0.0,A_baseline
2022-10-30,0.0,100.63232017596322,0.0,A_baseline
2022-10-31,0.0,100.63232017596322,0.0,A_baseline
2022-11-01,0.0,100.63232017596322,0.0,A_baseline
2022-11-02,0.0,100.63232017596322,0.0,A_baseline
2022-11-03,0.0,100.63232017596322,0.0,A_baseline
2022-11-04,0.0,100.63232017596322,0.0,A_baseline
2022-11-05,0.0,100.63232017596322,0.0,A_baseline
2022-11-06,0.0,100.63232017596322,0.0,A_baseline
2022-11-07,0.0,100.63232017596322,0.0,A_baseline
2022-11-08,0.0,100.63232017596322,0.0,A_baseline
2022-11-09,0.0,100.63232017596322,0.0,A_baseline
2022-11-10,0.0,100.63232017596322,0.0,A_baseline
2022-11-11,0.0,100.63232017596322,0.0,A_baseline
2022-11-12,0.0,100.63232017596322,0.0,A_baseline
2022-11-13,0.0,100.63232017596322,0.0,A_baseline
2022-11-14,0.0,100.63232017596322,0.0,A_baseline
2022-11-15,0.0,100.63232017596322,0.0,A_baseline
2022-11-16,0.0,100.63232017596322,0.0,A_baseline
2022-11-17,0.0,100.63232017596322,0.0,A_baseline
2022-11-18,0.0,100.63232017596322,0.0,A_baseline
2022-11-19,0.0,100.63232017596322,0.0,A_baseline
2022-11-20,0.0,100.63232017596322,0.0,A_baseline
2022-11-21,0.0,100.63232017596322,0.0,A_baseline
2022-11-22,0.0,100.63232017596322,0.0,A_baseline
2022-11-23,0.0,100.63232017596322,0.0,A_baseline
2022-11-24,0.0,100.63232017596322,0.0,A_baseline
2022-11-25,0.0,100.63232017596322,0.0,A_baseline
2022-11-26,0.0,100.63232017596322,0.0,A_baseline
2022-11-27,0.0,100.63232017596322,0.0,A_baseline
2022-11-28,0.0,100.63232017596322,0.0,A_baseline
2022-11-29,0.0,100.63232017596322,0.0,A_baseline
2022-11-30,0.0,100.63232017596322,0.0,A_baseline
2022-12-01,0.0,100.63232017596322,0.0,A_baseline
2022-12-02,0.0,100.63232017596322,0.0,A_baseline
2022-12-03,0.0,100.63232017596322,0.0,A_baseline
2022-12-04,0.0,100.63232017596322,0.0,A_baseline
2022-12-05,0.0,100.63232017596322,0.0,A_baseline
2022-12-06,0.0,100.63232017596322,0.0,A_baseline
2022-12-07,0.0,100.63232017596322,0.0,A_baseline
2022-12-08,0.0,100.63232017596322,0.0,A_baseline
2022-12-09,0.0,100.63232017596322,0.0,A_baseline
2022-12-10,0.0,100.63232017596322,0.0,A_baseline
2022-12-11,0.0,100.63232017596322,0.0,A_baseline
2022-12-12,0.0,100.63232017596322,0.0,A_baseline
2022-12-13,0.0,100.63232017596322,0.0,A_baseline
2022-12-14,0.0,100.63232017596322,0.0,A_baseline
2022-12-15,0.0,100.63232017596322,0.0,A_baseline
2022-12-16,0.0,100.63232017596322,0.0,A_baseline
2022-12-17,0.0,100.63232017596322,0.0,A_baseline
2022-12-18,0.0,100.63232017596322,0.0,A_baseline
2022-12-19,0.0,100.63232017596322,0.0,A_baseline
2022-12-20,0.0,100.63232017596322,0.0,A_baseline
2022-12-21,0.0,100.63232017596322,0.0,A_baseline
2022-12-22,0.0,100.63232017596322,0.0,A_baseline
2022-12-23,0.0,100.63232017596322,0.0,A_baseline
2022-12-24,0.0,100.63232017596322,0.0,A_baseline
2022-12-25,0.0,100.63232017596322,0.0,A_baseline
2022-12-26,0.0,100.63232017596322,0.0,A_baseline
2022-12-27,0.0,100.63232017596322,0.0,A_baseline
2022-12-28,0.0,100.63232017596322,0.0,A_baseline
2022-12-29,0.0,100.63232017596322,0.0,A_baseline
2022-12-30,0.0,100.63232017596322,0.0,A_baseline
2022-12-31,0.0,100.63232017596322,0.0,A_baseline
2023-01-01,0.0,100.63232017596322,0.0,A_baseline
2023-01-02,0.0,100.63232017596322,0.0,A_baseline
2023-01-03,0.0,100.63232017596322,0.0,A_baseline
2023-01-04,0.0,100.63232017596322,0.0,A_baseline
2023-01-05,0.0,100.63232017596322,0.0,A_baseline
2023-01-06,0.7086890442168455,101.34100922018007,0.0,A_baseline
2023-01-07,0.0,101.34100922018007,0.0,A_baseline
2023-01-08,0.0,101.34100922018007,0.0,A_baseline
2023-01-09,0.0,101.34100922018007,0.0,A_baseline
2023-01-10,0.0,101.34100922018007,0.0,A_baseline
2023-01-11,0.0,101.34100922018007,0.0,A_baseline
2023-01-12,0.0,101.34100922018007,0.0,A_baseline
2023-01-13,0.0,101.34100922018007,0.0,A_baseline
2023-01-14,0.0,101.34100922018007,0.0,A_baseline
2023-01-15,0.0,101.34100922018007,0.0,A_baseline
2023-01-16,0.0,101.34100922018007,0.0,A_baseline
2023-01-17,0.0,101.34100922018007,0.0,A_baseline
2023-01-18,0.0,101.34100922018007,0.0,A_baseline
2023-01-19,0.0,101.34100922018007,0.0,A_baseline
2023-01-20,0.0,101.34100922018007,0.0,A_baseline
2023-01-21,0.0,101.34100922018007,0.0,A_baseline
2023-01-22,0.0,101.34100922018007,0.0,A_baseline
2023-01-23,0.0,101.34100922018007,0.0,A_baseline
2023-01-24,0.0,101.34100922018007,0.0,A_baseline
2023-01-25,0.0,101.34100922018007,0.0,A_baseline
2023-01-26,0.0,101.34100922018007,0.0,A_baseline
2023-01-27,0.0,101.34100922018007,0.0,A_baseline
2023-01-28,0.0,101.34100922018007,0.0,A_baseline
2023-01-29,0.0,101.34100922018007,0.0,A_baseline
2023-01-30,0.0,101.34100922018007,0.0,A_baseline
2023-01-31,0.0,101.34100922018007,0.0,A_baseline
2023-02-01,0.0,101.34100922018007,0.0,A_baseline
2023-02-02,0.0,101.34100922018007,0.0,A_baseline
2023-02-03,0.0,101.34100922018007,0.0,A_baseline
2023-02-04,0.0,101.34100922018007,0.0,A_baseline
2023-02-05,0.0,101.34100922018007,0.0,A_baseline
2023-02-06,0.0,101.34100922018007,0.0,A_baseline
2023-02-07,0.0,101.34100922018007,0.0,A_baseline
2023-02-08,0.0,101.34100922018007,0.0,A_baseline
2023-02-09,0.0,101.34100922018007,0.0,A_baseline
2023-02-10,0.0,101.34100922018007,0.0,A_baseline
2023-02-11,0.0,101.34100922018007,0.0,A_baseline
2023-02-12,0.0,101.34100922018007,0.0,A_baseline
2023-02-13,0.0,101.34100922018007,0.0,A_baseline
2023-02-14,0.0,101.34100922018007,0.0,A_baseline
2023-02-15,0.0,101.34100922018007,0.0,A_baseline
2023-02-16,0.0,101.34100922018007,0.0,A_baseline
2023-02-17,0.0,101.34100922018007,0.0,A_baseline
2023-02-18,0.0,101.34100922018007,0.0,A_baseline
2023-02-19,0.0,101.34100922018007,0.0,A_baseline
2023-02-20,0.0,101.34100922018007,0.0,A_baseline
2023-02-21,0.0,101.34100922018007,0.0,A_baseline
2023-02-22,0.0,101.34100922018007,0.0,A_baseline
2023-02-23,0.0,101.34100922018007,0.0,A_baseline
2023-02-24,0.0,101.34100922018007,0.0,A_baseline
2023-02-25,0.0,101.34100922018007,0.0,A_baseline
2023-02-26,0.0,101.34100922018007,0.0,A_baseline
2023-02-27,0.0,101.34100922018007,0.0,A_baseline
2023-02-28,0.0,101.34100922018007,0.0,A_baseline
2023-03-01,0.0,101.34100922018007,0.0,A_baseline
2023-03-02,0.0,101.34100922018007,0.0,A_baseline
2023-03-03,0.0,101.34100922018007,0.0,A_baseline
2023-03-04,0.0,101.34100922018007,0.0,A_baseline
2023-03-05,0.0,101.34100922018007,0.0,A_baseline
2023-03-06,0.0,101.34100922018007,0.0,A_baseline
2023-03-07,0.0,101.34100922018007,0.0,A_baseline
2023-03-08,0.0,101.34100922018007,0.0,A_baseline
2023-03-09,0.0,101.34100922018007,0.0,A_baseline
2023-03-10,0.0,101.34100922018007,0.0,A_baseline
2023-03-11,0.0,101.34100922018007,0.0,A_baseline
2023-03-12,0.0,101.34100922018007,0.0,A_baseline
2023-03-13,0.0,101.34100922018007,0.0,A_baseline
2023-03-14,0.0,101.34100922018007,0.0,A_baseline
2023-03-15,0.0,101.34100922018007,0.0,A_baseline
2023-03-16,0.0,101.34100922018007,0.0,A_baseline
2023-03-17,0.0,101.34100922018007,0.0,A_baseline
2023-03-18,0.0,101.34100922018007,0.0,A_baseline
2023-03-19,0.0,101.34100922018007,0.0,A_baseline
2023-03-20,0.0,101.34100922018007,0.0,A_baseline
2023-03-21,0.0,101.34100922018007,0.0,A_baseline
2023-03-22,0.0,101.34100922018007,0.0,A_baseline
2023-03-23,0.0,101.34100922018007,0.0,A_baseline
2023-03-24,0.0,101.34100922018007,0.0,A_baseline
2023-03-25,0.0,101.34100922018007,0.0,A_baseline
2023-03-26,0.0,101.34100922018007,0.0,A_baseline
2023-03-27,0.0,101.34100922018007,0.0,A_baseline
2023-03-28,0.0,101.34100922018007,0.0,A_baseline
2023-03-29,0.0,101.34100922018007,0.0,A_baseline
2023-03-30,0.0,101.34100922018007,0.0,A_baseline
2023-03-31,0.0,101.34100922018007,0.0,A_baseline
2023-04-01,0.0,101.34100922018007,0.0,A_baseline
2023-04-02,0.0,101.34100922018007,0.0,A_baseline
2023-04-03,0.0,101.34100922018007,0.0,A_baseline
2023-04-04,0.0,101.34100922018007,0.0,A_baseline
2023-04-05,0.0,101.34100922018007,0.0,A_baseline
2023-04-06,0.0,101.34100922018007,0.0,A_baseline
2023-04-07,0.0,101.34100922018007,0.0,A_baseline
2023-04-08,0.0,101.34100922018007,0.0,A_baseline
2023-04-09,0.0,101.34100922018007,0.0,A_baseline
2023-04-10,0.0,101.34100922018007,0.0,A_baseline
2023-04-11,0.0,101.34100922018007,0.0,A_baseline
2023-04-12,0.1563651265792966,101.49737434675936,0.0,A_baseline
2023-04-13,0.0,101.49737434675936,0.0,A_baseline
2023-04-14,0.0,101.49737434675936,0.0,A_baseline
2023-04-15,0.0,101.49737434675936,0.0,A_baseline
2023-04-16,0.0,101.49737434675936,0.0,A_baseline
2023-04-17,0.0,101.49737434675936,0.0,A_baseline
2023-04-18,0.0,101.49737434675936,0.0,A_baseline
2023-04-19,0.0,101.49737434675936,0.0,A_baseline
2023-04-20,0.0,101.49737434675936,0.0,A_baseline
2023-04-21,0.0,101.49737434675936,0.0,A_baseline
2023-04-22,0.0,101.49737434675936,0.0,A_baseline
2023-04-23,0.0,101.49737434675936,0.0,A_baseline
2023-04-24,0.0,101.49737434675936,0.0,A_baseline
2023-04-25,0.0,101.49737434675936,0.0,A_baseline
2023-04-26,0.0,101.49737434675936,0.0,A_baseline
2023-04-27,0.0,101.49737434675936,0.0,A_baseline
2023-04-28,0.0,101.49737434675936,0.0,A_baseline
2023-04-29,0.0,101.49737434675936,0.0,A_baseline
2023-04-30,0.0,101.49737434675936,0.0,A_baseline
2023-05-01,0.0,101.49737434675936,0.0,A_baseline
2023-05-02,0.0,101.49737434675936,0.0,A_baseline
2023-05-03,0.0,101.49737434675936,0.0,A_baseline
2023-05-04,0.0,101.49737434675936,0.0,A_baseline
2023-05-05,0.0,101.49737434675936,0.0,A_baseline
2023-05-06,0.0,101.49737434675936,0.0,A_baseline
2023-05-07,0.0,101.49737434675936,0.0,A_baseline
2023-05-08,0.0,101.49737434675936,0.0,A_baseline
2023-05-09,0.0,101.49737434675936,0.0,A_baseline
2023-05-10,0.0,101.49737434675936,0.0,A_baseline
2023-05-11,0.0,101.49737434675936,0.0,A_baseline
2023-05-12,0.0,101.49737434675936,0.0,A_baseline
2023-05-13,0.0,101.49737434675936,0.0,A_baseline
2023-05-14,0.0,101.49737434675936,0.0,A_baseline
2023-05-15,0.0,101.49737434675936,0.0,A_baseline
2023-05-16,0.0,101.49737434675936,0.0,A_baseline
2023-05-17,0.0,101.49737434675936,0.0,A_baseline
2023-05-18,0.0,101.49737434675936,0.0,A_baseline
2023-05-19,0.0,101.49737434675936,0.0,A_baseline
2023-05-20,0.0,101.49737434675936,0.0,A_baseline
2023-05-21,0.0,101.49737434675936,0.0,A_baseline
2023-05-22,0.0,101.49737434675936,0.0,A_baseline
2023-05-23,0.0,101.49737434675936,0.0,A_baseline
2023-05-24,0.0,101.49737434675936,0.0,A_baseline
2023-05-25,0.0,101.49737434675936,0.0,A_baseline
2023-05-26,0.0,101.49737434675936,0.0,A_baseline
2023-05-27,0.0,101.49737434675936,0.0,A_baseline
2023-05-28,0.0,101.49737434675936,0.0,A_baseline
2023-05-29,0.0,101.49737434675936,0.0,A_baseline
2023-05-30,0.0,101.49737434675936,0.0,A_baseline
2023-05-31,0.0,101.49737434675936,0.0,A_baseline
2023-06-01,0.0,101.49737434675936,0.0,A_baseline
2023-06-02,0.0,101.49737434675936,0.0,A_baseline
2023-06-03,0.0,101.49737434675936,0.0,A_baseline
2023-06-04,0.0,101.49737434675936,0.0,A_baseline
2023-06-05,0.0,101.49737434675936,0.0,A_baseline
2023-06-06,0.0,101.49737434675936,0.0,A_baseline
2023-06-07,0.0,101.49737434675936,0.0,A_baseline
2023-06-08,0.0,101.49737434675936,0.0,A_baseline
2023-06-09,0.0,101.49737434675936,0.0,A_baseline
2023-06-10,0.0,101.49737434675936,0.0,A_baseline
2023-06-11,0.0,101.49737434675936,0.0,A_baseline
2023-06-12,0.0,101.49737434675936,0.0,A_baseline
2023-06-13,0.0,101.49737434675936,0.0,A_baseline
2023-06-14,0.0,101.49737434675936,0.0,A_baseline
2023-06-15,0.0,101.49737434675936,0.0,A_baseline
2023-06-16,0.0,101.49737434675936,0.0,A_baseline
2023-06-17,0.0,101.49737434675936,0.0,A_baseline
2023-06-18,0.0,101.49737434675936,0.0,A_baseline
2023-06-19,0.0,101.49737434675936,0.0,A_baseline
2023-06-20,0.0,101.49737434675936,0.0,A_baseline
2023-06-21,0.0,101.49737434675936,0.0,A_baseline
2023-06-22,0.0,101.49737434675936,0.0,A_baseline
2023-06-23,0.0,101.49737434675936,0.0,A_baseline
2023-06-24,0.0,101.49737434675936,0.0,A_baseline
2023-06-25,0.0,101.49737434675936,0.0,A_baseline
2023-06-26,0.0,101.49737434675936,0.0,A_baseline
2023-06-27,0.0,101.49737434675936,0.0,A_baseline
2023-06-28,0.0,101.49737434675936,0.0,A_baseline
2023-06-29,0.0,101.49737434675936,0.0,A_baseline
2023-06-30,0.0,101.49737434675936,0.0,A_baseline
2023-07-01,0.0,101.49737434675936,0.0,A_baseline
2023-07-02,0.0,101.49737434675936,0.0,A_baseline
2023-07-03,0.0,101.49737434675936,0.0,A_baseline
2023-07-04,0.0,101.49737434675936,0.0,A_baseline
2023-07-05,0.0,101.49737434675936,0.0,A_baseline
2023-07-06,0.0,101.49737434675936,0.0,A_baseline
2023-07-07,0.0,101.49737434675936,0.0,A_baseline
2023-07-08,0.0,101.49737434675936,0.0,A_baseline
2023-07-09,0.0,101.49737434675936,0.0,A_baseline
2023-07-10,0.0,101.49737434675936,0.0,A_baseline
2023-07-11,0.0,101.49737434675936,0.0,A_baseline
2023-07-12,0.0,101.49737434675936,0.0,A_baseline
2023-07-13,0.6840508772050681,102.18142522396442,0.0,A_baseline
2023-07-14,0.0,102.18142522396442,0.0,A_baseline
2023-07-15,0.0,102.18142522396442,0.0,A_baseline
2023-07-16,0.0,102.18142522396442,0.0,A_baseline
2023-07-17,0.0,102.18142522396442,0.0,A_baseline
2023-07-18,0.0,102.18142522396442,0.0,A_baseline
2023-07-19,0.0,102.18142522396442,0.0,A_baseline
2023-07-20,0.0,102.18142522396442,0.0,A_baseline
2023-07-21,0.0,102.18142522396442,0.0,A_baseline
2023-07-22,0.0,102.18142522396442,0.0,A_baseline
2023-07-23,0.0,102.18142522396442,0.0,A_baseline
2023-07-24,0.0,102.18142522396442,0.0,A_baseline
2023-07-25,0.0,102.18142522396442,0.0,A_baseline
2023-07-26,0.0,102.18142522396442,0.0,A_baseline
2023-07-27,0.0,102.18142522396442,0.0,A_baseline
2023-07-28,0.0,102.18142522396442,0.0,A_baseline
2023-07-29,0.0,102.18142522396442,0.0,A_baseline
2023-07-30,0.0,102.18142522396442,0.0,A_baseline
2023-07-31,0.0,102.18142522396442,0.0,A_baseline
2023-08-01,0.0,102.18142522396442,0.0,A_baseline
2023-08-02,0.0,102.18142522396442,0.0,A_baseline
2023-08-03,0.0,102.18142522396442,0.0,A_baseline
2023-08-04,0.0,102.18142522396442,0.0,A_baseline
2023-08-05,0.0,102.18142522396442,0.0,A_baseline
2023-08-06,0.0,102.18142522396442,0.0,A_baseline
2023-08-07,0.0,102.18142522396442,0.0,A_baseline
2023-08-08,0.0,102.18142522396442,0.0,A_baseline
2023-08-09,0.0,102.18142522396442,0.0,A_baseline
2023-08-10,0.0,102.18142522396442,0.0,A_baseline
2023-08-11,0.0,102.18142522396442,0.0,A_baseline
2023-08-12,0.0,102.18142522396442,0.0,A_baseline
2023-08-13,0.0,102.18142522396442,0.0,A_baseline
2023-08-14,0.0,102.18142522396442,0.0,A_baseline
2023-08-15,0.0,102.18142522396442,0.0,A_baseline
2023-08-16,0.0,102.18142522396442,0.0,A_baseline
2023-08-17,0.0,102.18142522396442,0.0,A_baseline
2023-08-18,0.0,102.18142522396442,0.0,A_baseline
2023-08-19,0.0,102.18142522396442,0.0,A_baseline
2023-08-20,0.0,102.18142522396442,0.0,A_baseline
2023-08-21,0.0,102.18142522396442,0.0,A_baseline
2023-08-22,0.0,102.18142522396442,0.0,A_baseline
2023-08-23,0.0,102.18142522396442,0.0,A_baseline
2023-08-24,0.0,102.18142522396442,0.0,A_baseline
2023-08-25,0.0,102.18142522396442,0.0,A_baseline
2023-08-26,0.0,102.18142522396442,0.0,A_baseline
2023-08-27,0.0,102.18142522396442,0.0,A_baseline
2023-08-28,0.0,102.18142522396442,0.0,A_baseline
2023-08-29,0.0,102.18142522396442,0.0,A_baseline
2023-08-30,0.0,102.18142522396442,0.0,A_baseline
2023-08-31,0.0,102.18142522396442,0.0,A_baseline
2023-09-01,0.0,102.18142522396442,0.0,A_baseline
2023-09-02,0.0,102.18142522396442,0.0,A_baseline
2023-09-03,0.0,102.18142522396442,0.0,A_baseline
2023-09-04,0.0,102.18142522396442,0.0,A_baseline
2023-09-05,0.0,102.18142522396442,0.0,A_baseline
2023-09-06,0.0,102.18142522396442,0.0,A_baseline
2023-09-07,0.0,102.18142522396442,0.0,A_baseline
2023-09-08,0.0,102.18142522396442,0.0,A_baseline
2023-09-09,0.0,102.18142522396442,0.0,A_baseline
2023-09-10,0.0,102.18142522396442,0.0,A_baseline
2023-09-11,0.0,102.18142522396442,0.0,A_baseline
2023-09-12,0.0,102.18142522396442,0.0,A_baseline
2023-09-13,0.0,102.18142522396442,0.0,A_baseline
2023-09-14,0.0,102.18142522396442,0.0,A_baseline
2023-09-15,0.0,102.18142522396442,0.0,A_baseline
2023-09-16,0.0,102.18142522396442,0.0,A_baseline
2023-09-17,0.0,102.18142522396442,0.0,A_baseline
2023-09-18,0.0,102.18142522396442,0.0,A_baseline
2023-09-19,0.0,102.18142522396442,0.0,A_baseline
2023-09-20,0.0,102.18142522396442,0.0,A_baseline
2023-09-21,0.0,102.18142522396442,0.0,A_baseline
2023-09-22,0.0,102.18142522396442,0.0,A_baseline
2023-09-23,0.0,102.18142522396442,0.0,A_baseline
2023-09-24,0.0,102.18142522396442,0.0,A_baseline
2023-09-25,0.0,102.18142522396442,0.0,A_baseline
2023-09-26,0.0,102.18142522396442,0.0,A_baseline
2023-09-27,0.0,102.18142522396442,0.0,A_baseline
2023-09-28,0.0,102.18142522396442,0.0,A_baseline
2023-09-29,0.0,102.18142522396442,0.0,A_baseline
2023-09-30,0.0,102.18142522396442,0.0,A_baseline
2023-10-01,0.0,102.18142522396442,0.0,A_baseline
2023-10-02,0.0,102.18142522396442,0.0,A_baseline
2023-10-03,0.0,102.18142522396442,0.0,A_baseline
2023-10-04,0.0,102.18142522396442,0.0,A_baseline
2023-10-05,0.0,102.18142522396442,0.0,A_baseline
2023-10-06,0.0,102.18142522396442,0.0,A_baseline
2023-10-07,0.0,102.18142522396442,0.0,A_baseline
2023-10-08,0.0,102.18142522396442,0.0,A_baseline
2023-10-09,0.0,102.18142522396442,0.0,A_baseline
2023-10-10,0.0,102.18142522396442,0.0,A_baseline
2023-10-11,0.0,102.18142522396442,0.0,A_baseline
2023-10-12,0.0,102.18142522396442,0.0,A_baseline
2023-10-13,0.377772050745639,102.55919727471007,0.0,A_baseline
2023-10-14,0.0,102.55919727471007,0.0,A_baseline
2023-10-15,0.0,102.55919727471007,0.0,A_baseline
2023-10-16,0.0,102.55919727471007,0.0,A_baseline
2023-10-17,0.0,102.55919727471007,0.0,A_baseline
2023-10-18,0.0,102.55919727471007,0.0,A_baseline
2023-10-19,0.0,102.55919727471007,0.0,A_baseline
2023-10-20,0.0,102.55919727471007,0.0,A_baseline
2023-10-21,0.0,102.55919727471007,0.0,A_baseline
2023-10-22,0.0,102.55919727471007,0.0,A_baseline
2023-10-23,0.0,102.55919727471007,0.0,A_baseline
2023-10-24,0.0,102.55919727471007,0.0,A_baseline
2023-10-25,0.0,102.55919727471007,0.0,A_baseline
2023-10-26,0.0,102.55919727471007,0.0,A_baseline
2023-10-27,0.0,102.55919727471007,0.0,A_baseline
2023-10-28,0.0,102.55919727471007,0.0,A_baseline
2023-10-29,0.0,102.55919727471007,0.0,A_baseline
2023-10-30,0.0,102.55919727471007,0.0,A_baseline
2023-10-31,0.0,102.55919727471007,0.0,A_baseline
2023-11-01,0.0,102.55919727471007,0.0,A_baseline
2023-11-02,0.0,102.55919727471007,0.0,A_baseline
2023-11-03,0.0,102.55919727471007,0.0,A_baseline
2023-11-04,0.0,102.55919727471007,0.0,A_baseline
2023-11-05,0.0,102.55919727471007,0.0,A_baseline
2023-11-06,0.0,102.55919727471007,0.0,A_baseline
2023-11-07,0.0,102.55919727471007,0.0,A_baseline
2023-11-08,0.0,102.55919727471007,0.0,A_baseline
2023-11-09,0.0,102.55919727471007,0.0,A_baseline
2023-11-10,0.0,102.55919727471007,0.0,A_baseline
2023-11-11,0.0,102.55919727471007,0.0,A_baseline
2023-11-12,0.0,102.55919727471007,0.0,A_baseline
2023-11-13,0.0,102.55919727471007,0.0,A_baseline
2023-11-14,0.0,102.55919727471007,0.0,A_baseline
2023-11-15,0.0,102.55919727471007,0.0,A_baseline
2023-11-16,0.0,102.55919727471007,0.0,A_baseline
2023-11-17,0.0,102.55919727471007,0.0,A_baseline
2023-11-18,0.0,102.55919727471007,0.0,A_baseline
2023-11-19,0.0,102.55919727471007,0.0,A_baseline
2023-11-20,0.0,102.55919727471007,0.0,A_baseline
2023-11-21,0.0,102.55919727471007,0.0,A_baseline
2023-11-22,0.0,102.55919727471007,0.0,A_baseline
2023-11-23,0.0,102.55919727471007,0.0,A_baseline
2023-11-24,0.0,102.55919727471007,0.0,A_baseline
2023-11-25,0.0,102.55919727471007,0.0,A_baseline
2023-11-26,0.0,102.55919727471007,0.0,A_baseline
2023-11-27,0.0,102.55919727471007,0.0,A_baseline
2023-11-28,0.0,102.55919727471007,0.0,A_baseline
2023-11-29,0.0,102.55919727471007,0.0,A_baseline
2023-11-30,0.0,102.55919727471007,0.0,A_baseline
2023-12-01,0.0,102.55919727471007,0.0,A_baseline
2023-12-02,0.0,102.55919727471007,0.0,A_baseline
2023-12-03,0.0,102.55919727471007,0.0,A_baseline
2023-12-04,0.0,102.55919727471007,0.0,A_baseline
2023-12-05,0.0,102.55919727471007,0.0,A_baseline
2023-12-06,0.0,102.55919727471007,0.0,A_baseline
2023-12-07,0.0,102.55919727471007,0.0,A_baseline
2023-12-08,0.0,102.55919727471007,0.0,A_baseline
2023-12-09,0.0,102.55919727471007,0.0,A_baseline
2023-12-10,0.0,102.55919727471007,0.0,A_baseline
2023-12-11,0.0,102.55919727471007,0.0,A_baseline
2023-12-12,0.0,102.55919727471007,0.0,A_baseline
2023-12-13,0.0,102.55919727471007,0.0,A_baseline
2023-12-14,0.0,102.55919727471007,0.0,A_baseline
2023-12-15,0.0,102.55919727471007,0.0,A_baseline
2023-12-16,0.0,102.55919727471007,0.0,A_baseline
2023-12-17,0.0,102.55919727471007,0.0,A_baseline
2023-12-18,0.0,102.55919727471007,0.0,A_baseline
2023-12-19,0.0,102.55919727471007,0.0,A_baseline
2023-12-20,0.0,102.55919727471007,0.0,A_baseline
2023-12-21,0.0,102.55919727471007,0.0,A_baseline
2023-12-22,0.0,102.55919727471007,0.0,A_baseline
2023-12-23,0.0,102.55919727471007,0.0,A_baseline
2023-12-24,0.0,102.55919727471007,0.0,A_baseline
2023-12-25,0.0,102.55919727471007,0.0,A_baseline
2023-12-26,0.0,102.55919727471007,0.0,A_baseline
2023-12-27,0.0,102.55919727471007,0.0,A_baseline
2023-12-28,0.0,102.55919727471007,0.0,A_baseline
2023-12-29,0.0,102.55919727471007,0.0,A_baseline
2023-12-30,0.0,102.55919727471007,0.0,A_baseline
2023-12-31,0.0,102.55919727471007,0.0,A_baseline
2024-01-01,0.0,102.55919727471007,0.0,A_baseline
2024-01-02,0.0,102.55919727471007,0.0,A_baseline
2024-01-03,0.0,102.55919727471007,0.0,A_baseline
2024-01-04,0.0,102.55919727471007,0.0,A_baseline
2024-01-05,0.0,102.55919727471007,0.0,A_baseline
2024-01-06,0.0,102.55919727471007,0.0,A_baseline
2024-01-07,0.0,102.55919727471007,0.0,A_baseline
2024-01-08,0.0,102.55919727471007,0.0,A_baseline
2024-01-09,0.0,102.55919727471007,0.0,A_baseline
2024-01-10,0.0,102.55919727471007,0.0,A_baseline
2024-01-11,0.0,102.55919727471007,0.0,A_baseline
2024-01-12,0.0,102.55919727471007,0.0,A_baseline
2024-01-13,0.0,102.55919727471007,0.0,A_baseline
2024-01-14,0.0,102.55919727471007,0.0,A_baseline
2024-01-15,0.6728644310096475,103.23206170571972,0.0,A_baseline
2024-01-16,0.0,103.23206170571972,0.0,A_baseline
2024-01-17,0.0,103.23206170571972,0.0,A_baseline
2024-01-18,0.0,103.23206170571972,0.0,A_baseline
2024-01-19,0.0,103.23206170571972,0.0,A_baseline
2024-01-20,0.0,103.23206170571972,0.0,A_baseline
2024-01-21,0.0,103.23206170571972,0.0,A_baseline
2024-01-22,0.0,103.23206170571972,0.0,A_baseline
2024-01-23,0.0,103.23206170571972,0.0,A_baseline
2024-01-24,0.0,103.23206170571972,0.0,A_baseline
2024-01-25,0.0,103.23206170571972,0.0,A_baseline
2024-01-26,0.0,103.23206170571972,0.0,A_baseline
2024-01-27,0.0,103.23206170571972,0.0,A_baseline
2024-01-28,0.0,103.23206170571972,0.0,A_baseline
2024-01-29,0.0,103.23206170571972,0.0,A_baseline
2024-01-30,0.0,103.23206170571972,0.0,A_baseline
2024-01-31,0.0,103.23206170571972,0.0,A_baseline
2024-02-01,0.0,103.23206170571972,0.0,A_baseline
2024-02-02,0.0,103.23206170571972,0.0,A_baseline
2024-02-03,0.0,103.23206170571972,0.0,A_baseline
2024-02-04,0.0,103.23206170571972,0.0,A_baseline
2024-02-05,0.0,103.23206170571972,0.0,A_baseline
2024-02-06,0.0,103.23206170571972,0.0,A_baseline
2024-02-07,0.0,103.23206170571972,0.0,A_baseline
2024-02-08,0.0,103.23206170571972,0.0,A_baseline
2024-02-09,0.0,103.23206170571972,0.0,A_baseline
2024-02-10,0.0,103.23206170571972,0.0,A_baseline
2024-02-11,0.0,103.23206170571972,0.0,A_baseline
2024-02-12,0.0,103.23206170571972,0.0,A_baseline
2024-02-13,0.0,103.23206170571972,0.0,A_baseline
2024-02-14,0.0,103.23206170571972,0.0,A_baseline
2024-02-15,0.0,103.23206170571972,0.0,A_baseline
2024-02-16,0.0,103.23206170571972,0.0,A_baseline
2024-02-17,0.0,103.23206170571972,0.0,A_baseline
2024-02-18,0.0,103.23206170571972,0.0,A_baseline
2024-02-19,0.0,103.23206170571972,0.0,A_baseline
2024-02-20,0.0,103.23206170571972,0.0,A_baseline
2024-02-21,0.0,103.23206170571972,0.0,A_baseline
2024-02-22,0.0,103.23206170571972,0.0,A_baseline
2024-02-23,0.0,103.23206170571972,0.0,A_baseline
2024-02-24,0.0,103.23206170571972,0.0,A_baseline
2024-02-25,0.0,103.23206170571972,0.0,A_baseline
2024-02-26,0.0,103.23206170571972,0.0,A_baseline
2024-02-27,0.0,103.23206170571972,0.0,A_baseline
2024-02-28,0.0,103.23206170571972,0.0,A_baseline
2024-02-29,0.0,103.23206170571972,0.0,A_baseline
2024-03-01,0.0,103.23206170571972,0.0,A_baseline
2024-03-02,0.0,103.23206170571972,0.0,A_baseline
2024-03-03,0.0,103.23206170571972,0.0,A_baseline
2024-03-04,0.0,103.23206170571972,0.0,A_baseline
2024-03-05,0.0,103.23206170571972,0.0,A_baseline
2024-03-06,0.0,103.23206170571972,0.0,A_baseline
2024-03-07,0.0,103.23206170571972,0.0,A_baseline
2024-03-08,0.0,103.23206170571972,0.0,A_baseline
2024-03-09,0.0,103.23206170571972,0.0,A_baseline
2024-03-10,0.0,103.23206170571972,0.0,A_baseline
2024-03-11,0.0,103.23206170571972,0.0,A_baseline
2024-03-12,0.0,103.23206170571972,0.0,A_baseline
2024-03-13,0.0,103.23206170571972,0.0,A_baseline
2024-03-14,0.0,103.23206170571972,0.0,A_baseline
2024-03-15,0.0,103.23206170571972,0.0,A_baseline
2024-03-16,0.0,103.23206170571972,0.0,A_baseline
2024-03-17,0.0,103.23206170571972,0.0,A_baseline
2024-03-18,0.0,103.23206170571972,0.0,A_baseline
2024-03-19,0.0,103.23206170571972,0.0,A_baseline
2024-03-20,0.0,103.23206170571972,0.0,A_baseline
2024-03-21,0.0,103.23206170571972,0.0,A_baseline
2024-03-22,0.0,103.23206170571972,0.0,A_baseline
2024-03-23,0.0,103.23206170571972,0.0,A_baseline
2024-03-24,0.0,103.23206170571972,0.0,A_baseline
2024-03-25,0.0,103.23206170571972,0.0,A_baseline
2024-03-26,0.0,103.23206170571972,0.0,A_baseline
2024-03-27,0.0,103.23206170571972,0.0,A_baseline
2024-03-28,0.0,103.23206170571972,0.0,A_baseline
2024-03-29,0.0,103.23206170571972,0.0,A_baseline
2024-03-30,0.0,103.23206170571972,0.0,A_baseline
2024-03-31,0.0,103.23206170571972,0.0,A_baseline
2024-04-01,0.0,103.23206170571972,0.0,A_baseline
2024-04-02,0.0,103.23206170571972,0.0,A_baseline
2024-04-03,0.0,103.23206170571972,0.0,A_baseline
2024-04-04,0.0,103.23206170571972,0.0,A_baseline
2024-04-05,0.0,103.23206170571972,0.0,A_baseline
2024-04-06,0.0,103.23206170571972,0.0,A_baseline
2024-04-07,0.0,103.23206170571972,0.0,A_baseline
2024-04-08,0.0,103.23206170571972,0.0,A_baseline
2024-04-09,0.0,103.23206170571972,0.0,A_baseline
2024-04-10,0.0,103.23206170571972,0.0,A_baseline
2024-04-11,0.0,103.23206170571972,0.0,A_baseline
2024-04-12,0.0,103.23206170571972,0.0,A_baseline
2024-04-13,0.0,103.23206170571972,0.0,A_baseline
2024-04-14,0.0,103.23206170571972,0.0,A_baseline
2024-04-15,0.0,103.23206170571972,0.0,A_baseline
2024-04-16,0.0,103.23206170571972,0.0,A_baseline
2024-04-17,0.0,103.23206170571972,0.0,A_baseline
2024-04-18,0.0896997865104096,103.32176149223012,0.0,A_baseline
2024-04-19,0.0,103.32176149223012,0.0,A_baseline
2024-04-20,0.0,103.32176149223012,0.0,A_baseline
2024-04-21,0.0,103.32176149223012,0.0,A_baseline
2024-04-22,0.0,103.32176149223012,0.0,A_baseline
2024-04-23,0.0,103.32176149223012,0.0,A_baseline
2024-04-24,0.0,103.32176149223012,0.0,A_baseline
2024-04-25,0.0,103.32176149223012,0.0,A_baseline
2024-04-26,0.0,103.32176149223012,0.0,A_baseline
2024-04-27,0.0,103.32176149223012,0.0,A_baseline
2024-04-28,0.0,103.32176149223012,0.0,A_baseline
2024-04-29,0.0,103.32176149223012,0.0,A_baseline
2024-04-30,0.0,103.32176149223012,0.0,A_baseline
2024-05-01,0.0,103.32176149223012,0.0,A_baseline
2024-05-02,0.0,103.32176149223012,0.0,A_baseline
2024-05-03,0.0,103.32176149223012,0.0,A_baseline
2024-05-04,0.0,103.32176149223012,0.0,A_baseline
2024-05-05,0.0,103.32176149223012,0.0,A_baseline
2024-05-06,0.0,103.32176149223012,0.0,A_baseline
2024-05-07,0.0,103.32176149223012,0.0,A_baseline
2024-05-08,0.0,103.32176149223012,0.0,A_baseline
2024-05-09,0.0,103.32176149223012,0.0,A_baseline
2024-05-10,0.0,103.32176149223012,0.0,A_baseline
2024-05-11,0.0,103.32176149223012,0.0,A_baseline
2024-05-12,0.0,103.32176149223012,0.0,A_baseline
2024-05-13,0.0,103.32176149223012,0.0,A_baseline
2024-05-14,0.0,103.32176149223012,0.0,A_baseline
2024-05-15,0.0,103.32176149223012,0.0,A_baseline
2024-05-16,0.0,103.32176149223012,0.0,A_baseline
2024-05-17,0.0,103.32176149223012,0.0,A_baseline
2024-05-18,0.0,103.32176149223012,0.0,A_baseline
2024-05-19,0.0,103.32176149223012,0.0,A_baseline
2024-05-20,0.0,103.32176149223012,0.0,A_baseline
2024-05-21,0.0,103.32176149223012,0.0,A_baseline
2024-05-22,0.0,103.32176149223012,0.0,A_baseline
2024-05-23,0.0,103.32176149223012,0.0,A_baseline
2024-05-24,0.0,103.32176149223012,0.0,A_baseline
2024-05-25,0.0,103.32176149223012,0.0,A_baseline
2024-05-26,0.0,103.32176149223012,0.0,A_baseline
2024-05-27,0.0,103.32176149223012,0.0,A_baseline
2024-05-28,0.0,103.32176149223012,0.0,A_baseline
2024-05-29,0.0,103.32176149223012,0.0,A_baseline
2024-05-30,0.0,103.32176149223012,0.0,A_baseline
2024-05-31,0.0,103.32176149223012,0.0,A_baseline
2024-06-01,0.0,103.32176149223012,0.0,A_baseline
2024-06-02,0.0,103.32176149223012,0.0,A_baseline
2024-06-03,0.0,103.32176149223012,0.0,A_baseline
2024-06-04,0.0,103.32176149223012,0.0,A_baseline
2024-06-05,0.0,103.32176149223012,0.0,A_baseline
2024-06-06,0.0,103.32176149223012,0.0,A_baseline
2024-06-07,0.0,103.32176149223012,0.0,A_baseline
2024-06-08,0.0,103.32176149223012,0.0,A_baseline
2024-06-09,0.0,103.32176149223012,0.0,A_baseline
2024-06-10,0.0,103.32176149223012,0.0,A_baseline
2024-06-11,0.0,103.32176149223012,0.0,A_baseline
2024-06-12,0.0,103.32176149223012,0.0,A_baseline
2024-06-13,0.0,103.32176149223012,0.0,A_baseline
2024-06-14,0.0,103.32176149223012,0.0,A_baseline
2024-06-15,0.0,103.32176149223012,0.0,A_baseline
2024-06-16,0.0,103.32176149223012,0.0,A_baseline
2024-06-17,0.0,103.32176149223012,0.0,A_baseline
2024-06-18,0.0,103.32176149223012,0.0,A_baseline
2024-06-19,0.0,103.32176149223012,0.0,A_baseline
2024-06-20,0.0,103.32176149223012,0.0,A_baseline
2024-06-21,0.0,103.32176149223012,0.0,A_baseline
2024-06-22,0.0,103.32176149223012,0.0,A_baseline
2024-06-23,0.0,103.32176149223012,0.0,A_baseline
2024-06-24,0.0,103.32176149223012,0.0,A_baseline
2024-06-25,0.0,103.32176149223012,0.0,A_baseline
2024-06-26,0.0,103.32176149223012,0.0,A_baseline
2024-06-27,0.0,103.32176149223012,0.0,A_baseline
2024-06-28,0.0,103.32176149223012,0.0,A_baseline
2024-06-29,0.0,103.32176149223012,0.0,A_baseline
2024-06-30,0.0,103.32176149223012,0.0,A_baseline
2024-07-01,0.0,103.32176149223012,0.0,A_baseline
2024-07-02,0.0,103.32176149223012,0.0,A_baseline
2024-07-03,0.0,103.32176149223012,0.0,A_baseline
2024-07-04,0.0,103.32176149223012,0.0,A_baseline
2024-07-05,0.0,103.32176149223012,0.0,A_baseline
2024-07-06,0.0,103.32176149223012,0.0,A_baseline
2024-07-07,0.0,103.32176149223012,0.0,A_baseline
2024-07-08,0.0,103.32176149223012,0.0,A_baseline
2024-07-09,0.0,103.32176149223012,0.0,A_baseline
2024-07-10,0.0,103.32176149223012,0.0,A_baseline
2024-07-11,0.0,103.32176149223012,0.0,A_baseline
2024-07-12,0.0,103.32176149223012,0.0,A_baseline
2024-07-13,0.0,103.32176149223012,0.0,A_baseline
2024-07-14,0.0,103.32176149223012,0.0,A_baseline
2024-07-15,0.0,103.32176149223012,0.0,A_baseline
2024-07-16,0.0,103.32176149223012,0.0,A_baseline
2024-07-17,0.0,103.32176149223012,0.0,A_baseline
2024-07-18,0.0,103.32176149223012,0.0,A_baseline
2024-07-19,0.6469323960088571,103.96869388823899,0.0,A_baseline
2024-07-20,0.0,103.96869388823899,0.0,A_baseline
2024-07-21,0.0,103.96869388823899,0.0,A_baseline
2024-07-22,0.0,103.96869388823899,0.0,A_baseline
2024-07-23,0.0,103.96869388823899,0.0,A_baseline
2024-07-24,0.0,103.96869388823899,0.0,A_baseline
2024-07-25,0.0,103.96869388823899,0.0,A_baseline
2024-07-26,0.0,103.96869388823899,0.0,A_baseline
2024-07-27,0.0,103.96869388823899,0.0,A_baseline
2024-07-28,0.0,103.96869388823899,0.0,A_baseline
2024-07-29,0.0,103.96869388823899,0.0,A_baseline
2024-07-30,0.0,103.96869388823899,0.0,A_baseline
2024-07-31,0.0,103.96869388823899,0.0,A_baseline
2024-08-01,0.0,103.96869388823899,0.0,A_baseline
2024-08-02,0.0,103.96869388823899,0.0,A_baseline
2024-08-03,0.0,103.96869388823899,0.0,A_baseline
2024-08-04,0.0,103.96869388823899,0.0,A_baseline
2024-08-05,0.0,103.96869388823899,0.0,A_baseline
2024-08-06,0.0,103.96869388823899,0.0,A_baseline
2024-08-07,0.0,103.96869388823899,0.0,A_baseline
2024-08-08,0.0,103.96869388823899,0.0,A_baseline
2024-08-09,0.0,103.96869388823899,0.0,A_baseline
2024-08-10,0.0,103.96869388823899,0.0,A_baseline
2024-08-11,0.0,103.96869388823899,0.0,A_baseline
2024-08-12,0.0,103.96869388823899,0.0,A_baseline
2024-08-13,0.0,103.96869388823899,0.0,A_baseline
2024-08-14,0.0,103.96869388823899,0.0,A_baseline
2024-08-15,0.0,103.96869388823899,0.0,A_baseline
2024-08-16,0.0,103.96869388823899,0.0,A_baseline
2024-08-17,0.0,103.96869388823899,0.0,A_baseline
2024-08-18,0.0,103.96869388823899,0.0,A_baseline
2024-08-19,0.0,103.96869388823899,0.0,A_baseline
2024-08-20,0.0,103.96869388823899,0.0,A_baseline
2024-08-21,0.0,103.96869388823899,0.0,A_baseline
2024-08-22,0.0,103.96869388823899,0.0,A_baseline
2024-08-23,0.0,103.96869388823899,0.0,A_baseline
2024-08-24,0.0,103.96869388823899,0.0,A_baseline
2024-08-25,0.0,103.96869388823899,0.0,A_baseline
2024-08-26,0.0,103.96869388823899,0.0,A_baseline
2024-08-27,0.0,103.96869388823899,0.0,A_baseline
2024-08-28,0.0,103.96869388823899,0.0,A_baseline
2024-08-29,0.0,103.96869388823899,0.0,A_baseline
2024-08-30,0.0,103.96869388823899,0.0,A_baseline
2024-08-31,0.0,103.96869388823899,0.0,A_baseline
2024-09-01,0.0,103.96869388823899,0.0,A_baseline
2024-09-02,0.0,103.96869388823899,0.0,A_baseline
2024-09-03,0.0,103.96869388823899,0.0,A_baseline
2024-09-04,0.0,103.96869388823899,0.0,A_baseline
2024-09-05,0.0,103.96869388823899,0.0,A_baseline
2024-09-06,0.0,103.96869388823899,0.0,A_baseline
2024-09-07,0.0,103.96869388823899,0.0,A_baseline
2024-09-08,0.0,103.96869388823899,0.0,A_baseline
2024-09-09,0.0,103.96869388823899,0.0,A_baseline
2024-09-10,0.0,103.96869388823899,0.0,A_baseline
2024-09-11,0.0,103.96869388823899,0.0,A_baseline
2024-09-12,0.0,103.96869388823899,0.0,A_baseline
2024-09-13,0.0,103.96869388823899,0.0,A_baseline
2024-09-14,0.0,103.96869388823899,0.0,A_baseline
2024-09-15,0.0,103.96869388823899,0.0,A_baseline
2024-09-16,0.0,103.96869388823899,0.0,A_baseline
2024-09-17,0.0,103.96869388823899,0.0,A_baseline
2024-09-18,0.0,103.96869388823899,0.0,A_baseline
2024-09-19,0.0,103.96869388823899,0.0,A_baseline
2024-09-20,0.0,103.96869388823899,0.0,A_baseline
2024-09-21,0.0,103.96869388823899,0.0,A_baseline
2024-09-22,0.0,103.96869388823899,0.0,A_baseline
2024-09-23,0.0,103.96869388823899,0.0,A_baseline
2024-09-24,0.0,103.96869388823899,0.0,A_baseline
2024-09-25,0.0,103.96869388823899,0.0,A_baseline
2024-09-26,0.0,103.96869388823899,0.0,A_baseline
2024-09-27,0.0,103.96869388823899,0.0,A_baseline
2024-09-28,0.0,103.96869388823899,0.0,A_baseline
2024-09-29,0.0,103.96869388823899,0.0,A_baseline
2024-09-30,0.0,103.96869388823899,0.0,A_baseline
2024-10-01,0.0,103.96869388823899,0.0,A_baseline
2024-10-02,0.0,103.96869388823899,0.0,A_baseline
2024-10-03,0.0,103.96869388823899,0.0,A_baseline
2024-10-04,0.0,103.96869388823899,0.0,A_baseline
2024-10-05,0.0,103.96869388823899,0.0,A_baseline
2024-10-06,0.0,103.96869388823899,0.0,A_baseline
2024-10-07,0.0,103.96869388823899,0.0,A_baseline
2024-10-08,0.0,103.96869388823899,0.0,A_baseline
2024-10-09,0.0,103.96869388823899,0.0,A_baseline
2024-10-10,0.0,103.96869388823899,0.0,A_baseline
2024-10-11,0.0,103.96869388823899,0.0,A_baseline
2024-10-12,0.0,103.96869388823899,0.0,A_baseline
2024-10-13,0.0,103.96869388823899,0.0,A_baseline
2024-10-14,0.0,103.96869388823899,0.0,A_baseline
2024-10-15,0.0,103.96869388823899,0.0,A_baseline
2024-10-16,0.0,103.96869388823899,0.0,A_baseline
2024-10-17,0.0,103.96869388823899,0.0,A_baseline
2024-10-18,0.20472732000640317,104.17342120824539,0.0,A_baseline
2024-10-19,0.0,104.17342120824539,0.0,A_baseline
2024-10-20,0.0,104.17342120824539,0.0,A_baseline
2024-10-21,0.0,104.17342120824539,0.0,A_baseline
2024-10-22,0.0,104.17342120824539,0.0,A_baseline
2024-10-23,0.0,104.17342120824539,0.0,A_baseline
2024-10-24,0.0,104.17342120824539,0.0,A_baseline
2024-10-25,0.0,104.17342120824539,0.0,A_baseline
2024-10-26,0.0,104.17342120824539,0.0,A_baseline
2024-10-27,0.0,104.17342120824539,0.0,A_baseline
2024-10-28,0.0,104.17342120824539,0.0,A_baseline
2024-10-29,0.0,104.17342120824539,0.0,A_baseline
2024-10-30,0.0,104.17342120824539,0.0,A_baseline
2024-10-31,0.0,104.17342120824539,0.0,A_baseline
2024-11-01,0.0,104.17342120824539,0.0,A_baseline
2024-11-02,0.0,104.17342120824539,0.0,A_baseline
2024-11-03,0.0,104.17342120824539,0.0,A_baseline
2024-11-04,0.0,104.17342120824539,0.0,A_baseline
2024-11-05,0.0,104.17342120824539,0.0,A_baseline
2024-11-06,0.0,104.17342120824539,0.0,A_baseline
2024-11-07,0.0,104.17342120824539,0.0,A_baseline
2024-11-08,0.0,104.17342120824539,0.0,A_baseline
2024-11-09,0.0,104.17342120824539,0.0,A_baseline
2024-11-10,0.0,104.17342120824539,0.0,A_baseline
2024-11-11,0.0,104.17342120824539,0.0,A_baseline
2024-11-12,0.0,104.17342120824539,0.0,A_baseline
2024-11-13,0.0,104.17342120824539,0.0,A_baseline
2024-11-14,0.0,104.17342120824539,0.0,A_baseline
2024-11-15,0.0,104.17342120824539,0.0,A_baseline
2024-11-16,0.0,104.17342120824539,0.0,A_baseline
2024-11-17,0.0,104.17342120824539,0.0,A_baseline
2024-11-18,0.0,104.17342120824539,0.0,A_baseline
2024-11-19,0.0,104.17342120824539,0.0,A_baseline
2024-11-20,0.0,104.17342120824539,0.0,A_baseline
2024-11-21,0.0,104.17342120824539,0.0,A_baseline
2024-11-22,0.0,104.17342120824539,0.0,A_baseline
2024-11-23,0.0,104.17342120824539,0.0,A_baseline
2024-11-24,0.0,104.17342120824539,0.0,A_baseline
2024-11-25,0.0,104.17342120824539,0.0,A_baseline
2024-11-26,0.0,104.17342120824539,0.0,A_baseline
2024-11-27,0.0,104.17342120824539,0.0,A_baseline
2024-11-28,0.0,104.17342120824539,0.0,A_baseline
2024-11-29,0.0,104.17342120824539,0.0,A_baseline
2024-11-30,0.0,104.17342120824539,0.0,A_baseline
2024-12-01,0.0,104.17342120824539,0.0,A_baseline
2024-12-02,0.0,104.17342120824539,0.0,A_baseline
2024-12-03,0.0,104.17342120824539,0.0,A_baseline
2024-12-04,0.0,104.17342120824539,0.0,A_baseline
2024-12-05,0.0,104.17342120824539,0.0,A_baseline
2024-12-06,0.0,104.17342120824539,0.0,A_baseline
2024-12-07,0.0,104.17342120824539,0.0,A_baseline
2024-12-08,0.0,104.17342120824539,0.0,A_baseline
2024-12-09,0.0,104.17342120824539,0.0,A_baseline
2024-12-10,0.0,104.17342120824539,0.0,A_baseline
2024-12-11,0.0,104.17342120824539,0.0,A_baseline
2024-12-12,0.0,104.17342120824539,0.0,A_baseline
2024-12-13,0.0,104.17342120824539,0.0,A_baseline
2024-12-14,0.0,104.17342120824539,0.0,A_baseline
2024-12-15,0.0,104.17342120824539,0.0,A_baseline
2024-12-16,0.0,104.17342120824539,0.0,A_baseline
2024-12-17,0.0,104.17342120824539,0.0,A_baseline
2024-12-18,0.0,104.17342120824539,0.0,A_baseline
2024-12-19,0.0,104.17342120824539,0.0,A_baseline
2024-12-20,0.0,104.17342120824539,0.0,A_baseline
2024-12-21,0.0,104.17342120824539,0.0,A_baseline
2024-12-22,0.0,104.17342120824539,0.0,A_baseline
2024-12-23,0.0,104.17342120824539,0.0,A_baseline
2024-12-24,0.0,104.17342120824539,0.0,A_baseline
2024-12-25,0.0,104.17342120824539,0.0,A_baseline
2024-12-26,0.0,104.17342120824539,0.0,A_baseline
2024-12-27,0.0,104.17342120824539,0.0,A_baseline
2024-12-28,0.0,104.17342120824539,0.0,A_baseline
2024-12-29,0.0,104.17342120824539,0.0,A_baseline
2024-12-30,0.0,104.17342120824539,0.0,A_baseline
2024-12-31,0.0,104.17342120824539,0.0,A_baseline
2025-01-01,0.0,104.17342120824539,0.0,A_baseline
2025-01-02,0.0,104.17342120824539,0.0,A_baseline
2025-01-03,0.0,104.17342120824539,0.0,A_baseline
2025-01-04,0.0,104.17342120824539,0.0,A_baseline
2025-01-05,0.0,104.17342120824539,0.0,A_baseline
2025-01-06,0.0,104.17342120824539,0.0,A_baseline
2025-01-07,0.0,104.17342120824539,0.0,A_baseline
2025-01-08,0.0,104.17342120824539,0.0,A_baseline
2025-01-09,0.0,104.17342120824539,0.0,A_baseline
2025-01-10,0.0,104.17342120824539,0.0,A_baseline
2025-01-11,0.0,104.17342120824539,0.0,A_baseline
2025-01-12,0.0,104.17342120824539,0.0,A_baseline
2025-01-13,0.0,104.17342120824539,0.0,A_baseline
2025-01-14,0.0,104.17342120824539,0.0,A_baseline
2025-01-15,0.0,104.17342120824539,0.0,A_baseline
2025-01-16,0.0,104.17342120824539,0.0,A_baseline
2025-01-17,0.0,104.17342120824539,0.0,A_baseline
2025-01-18,0.0,104.17342120824539,0.0,A_baseline
2025-01-19,0.0,104.17342120824539,0.0,A_baseline
2025-01-20,-0.31775726540336025,103.85566394284203,-0.30502719572601533,A_baseline
2025-01-21,0.0,103.85566394284203,-0.30502719572601533,A_baseline
2025-01-22,0.0,103.85566394284203,-0.30502719572601533,A_baseline
2025-01-23,0.0,103.85566394284203,-0.30502719572601533,A_baseline
2025-01-24,0.0,103.85566394284203,-0.30502719572601533,A_baseline
2025-01-25,0.0,103.85566394284203,-0.30502719572601533,A_baseline
2025-01-26,0.0,103.85566394284203,-0.30502719572601533,A_baseline
2025-01-27,0.0,103.85566394284203,-0.30502719572601533,A_baseline
2025-01-28,0.0,103.85566394284203,-0.30502719572601533,A_baseline
2025-01-29,0.0,103.85566394284203,-0.30502719572601533,A_baseline
2025-01-30,0.0,103.85566394284203,-0.30502719572601533,A_baseline
2025-01-31,0.0,103.85566394284203,-0.30502719572601533,A_baseline
2025-02-01,0.0,103.85566394284203,-0.30502719572601533,A_baseline
2025-02-02,0.0,103.85566394284203,-0.30502719572601533,A_baseline
2025-02-03,0.0,103.85566394284203,-0.30502719572601533,A_baseline
2025-02-04,0.0,103.85566394284203,-0.30502719572601533,A_baseline
2025-02-05,0.0,103.85566394284203,-0.30502719572601533,A_baseline
2025-02-06,0.0,103.85566394284203,-0.30502719572601533,A_baseline
2025-02-07,0.0,103.85566394284203,-0.30502719572601533,A_baseline
2025-02-08,0.0,103.85566394284203,-0.30502719572601533,A_baseline
2025-02-09,0.0,103.85566394284203,-0.30502719572601533,A_baseline
2025-02-10,0.0,103.85566394284203,-0.30502719572601533,A_baseline
2025-02-11,0.0,103.85566394284203,-0.30502719572601533,A_baseline
2025-02-12,0.0,103.85566394284203,-0.30502719572601533,A_baseline
2025-02-13,0.0,103.85566394284203,-0.30502719572601533,A_baseline
2025-02-14,0.0,103.85566394284203,-0.30502719572601533,A_baseline
2025-02-15,0.0,103.85566394284203,-0.30502719572601533,A_baseline
2025-02-16,0.0,103.85566394284203,-0.30502719572601533,A_baseline
2025-02-17,0.0,103.85566394284203,-0.30502719572601533,A_baseline
2025-02-18,0.0,103.85566394284203,-0.30502719572601533,A_baseline
2025-02-19,0.0,103.85566394284203,-0.30502719572601533,A_baseline
2025-02-20,0.0,103.85566394284203,-0.30502719572601533,A_baseline
2025-02-21,0.0,103.85566394284203,-0.30502719572601533,A_baseline
2025-02-22,0.0,103.85566394284203,-0.30502719572601533,A_baseline
2025-02-23,0.0,103.85566394284203,-0.30502719572601533,A_baseline
2025-02-24,0.0,103.85566394284203,-0.30502719572601533,A_baseline
2025-02-25,0.0,103.85566394284203,-0.30502719572601533,A_baseline
2025-02-26,0.0,103.85566394284203,-0.30502719572601533,A_baseline
2025-02-27,0.0,103.85566394284203,-0.30502719572601533,A_baseline
2025-02-28,0.0,103.85566394284203,-0.30502719572601533,A_baseline
2025-03-01,0.0,103.85566394284203,-0.30502719572601533,A_baseline
2025-03-02,0.0,103.85566394284203,-0.30502719572601533,A_baseline
2025-03-03,0.0,103.85566394284203,-0.30502719572601533,A_baseline
2025-03-04,0.0,103.85566394284203,-0.30502719572601533,A_baseline
2025-03-05,0.0,103.85566394284203,-0.30502719572601533,A_baseline
2025-03-06,0.0,103.85566394284203,-0.30502719572601533,A_baseline
2025-03-07,0.0,103.85566394284203,-0.30502719572601533,A_baseline
2025-03-08,0.0,103.85566394284203,-0.30502719572601533,A_baseline
2025-03-09,0.0,103.85566394284203,-0.30502719572601533,A_baseline
2025-03-10,0.0,103.85566394284203,-0.30502719572601533,A_baseline
2025-03-11,0.0,103.85566394284203,-0.30502719572601533,A_baseline
2025-03-12,0.0,103.85566394284203,-0.30502719572601533,A_baseline
2025-03-13,0.0,103.85566394284203,-0.30502719572601533,A_baseline
2025-03-14,0.0,103.85566394284203,-0.30502719572601533,A_baseline
2025-03-15,0.0,103.85566394284203,-0.30502719572601533,A_baseline
2025-03-16,0.0,103.85566394284203,-0.30502719572601533,A_baseline
2025-03-17,0.0,103.85566394284203,-0.30502719572601533,A_baseline
2025-03-18,0.0,103.85566394284203,-0.30502719572601533,A_baseline
2025-03-19,0.0,103.85566394284203,-0.30502719572601533,A_baseline
2025-03-20,0.0,103.85566394284203,-0.30502719572601533,A_baseline
2025-03-21,0.0,103.85566394284203,-0.30502719572601533,A_baseline
2025-03-22,0.0,103.85566394284203,-0.30502719572601533,A_baseline
2025-03-23,0.0,103.85566394284203,-0.30502719572601533,A_baseline
2025-03-24,0.0,103.85566394284203,-0.30502719572601533,A_baseline
2025-03-25,0.0,103.85566394284203,-0.30502719572601533,A_baseline
2025-03-26,0.0,103.85566394284203,-0.30502719572601533,A_baseline
2025-03-27,0.0,103.85566394284203,-0.30502719572601533,A_baseline
2025-03-28,0.0,103.85566394284203,-0.30502719572601533,A_baseline
2025-03-29,0.0,103.85566394284203,-0.30502719572601533,A_baseline
2025-03-30,0.0,103.85566394284203,-0.30502719572601533,A_baseline
2025-03-31,0.0,103.85566394284203,-0.30502719572601533,A_baseline
2025-04-01,0.0,103.85566394284203,-0.30502719572601533,A_baseline
2025-04-02,0.0,103.85566394284203,-0.30502719572601533,A_baseline
2025-04-03,0.0,103.85566394284203,-0.30502719572601533,A_baseline
2025-04-04,0.0,103.85566394284203,-0.30502719572601533,A_baseline
2025-04-05,0.0,103.85566394284203,-0.30502719572601533,A_baseline
2025-04-06,0.0,103.85566394284203,-0.30502719572601533,A_baseline
2025-04-07,0.0,103.85566394284203,-0.30502719572601533,A_baseline
2025-04-08,0.0,103.85566394284203,-0.30502719572601533,A_baseline
2025-04-09,0.0,103.85566394284203,-0.30502719572601533,A_baseline
2025-04-10,0.0,103.85566394284203,-0.30502719572601533,A_baseline
2025-04-11,0.0,103.85566394284203,-0.30502719572601533,A_baseline
2025-04-12,0.0,103.85566394284203,-0.30502719572601533,A_baseline
2025-04-13,0.0,103.85566394284203,-0.30502719572601533,A_baseline
2025-04-14,0.0,103.85566394284203,-0.30502719572601533,A_baseline
2025-04-15,0.0,103.85566394284203,-0.30502719572601533,A_baseline
2025-04-16,0.0,103.85566394284203,-0.30502719572601533,A_baseline
2025-04-17,0.0,103.85566394284203,-0.30502719572601533,A_baseline
2025-04-18,0.0,103.85566394284203,-0.30502719572601533,A_baseline
2025-04-19,0.0,103.85566394284203,-0.30502719572601533,A_baseline
2025-04-20,0.0,103.85566394284203,-0.30502719572601533,A_baseline
2025-04-21,0.0,103.85566394284203,-0.30502719572601533,A_baseline
2025-04-22,0.0,103.85566394284203,-0.30502719572601533,A_baseline
2025-04-23,0.0,103.85566394284203,-0.30502719572601533,A_baseline
2025-04-24,0.20943543428263417,104.06509937712465,-0.10398221529481777,A_baseline
2025-04-25,0.0,104.06509937712465,-0.10398221529481777,A_baseline
2025-04-26,0.0,104.06509937712465,-0.10398221529481777,A_baseline
2025-04-27,0.0,104.06509937712465,-0.10398221529481777,A_baseline
2025-04-28,0.0,104.06509937712465,-0.10398221529481777,A_baseline
2025-04-29,0.0,104.06509937712465,-0.10398221529481777,A_baseline
2025-04-30,0.0,104.06509937712465,-0.10398221529481777,A_baseline
2025-05-01,0.0,104.06509937712465,-0.10398221529481777,A_baseline
2025-05-02,0.0,104.06509937712465,-0.10398221529481777,A_baseline
2025-05-03,0.0,104.06509937712465,-0.10398221529481777,A_baseline
2025-05-04,0.0,104.06509937712465,-0.10398221529481777,A_baseline
2025-05-05,0.0,104.06509937712465,-0.10398221529481777,A_baseline
2025-05-06,0.0,104.06509937712465,-0.10398221529481777,A_baseline
2025-05-07,0.0,104.06509937712465,-0.10398221529481777,A_baseline
2025-05-08,0.0,104.06509937712465,-0.10398221529481777,A_baseline
2025-05-09,0.0,104.06509937712465,-0.10398221529481777,A_baseline
2025-05-10,0.0,104.06509937712465,-0.10398221529481777,A_baseline
2025-05-11,0.0,104.06509937712465,-0.10398221529481777,A_baseline
2025-05-12,0.0,104.06509937712465,-0.10398221529481777,A_baseline
2025-05-13,0.0,104.06509937712465,-0.10398221529481777,A_baseline
2025-05-14,0.0,104.06509937712465,-0.10398221529481777,A_baseline
2025-05-15,0.0,104.06509937712465,-0.10398221529481777,A_baseline
2025-05-16,0.0,104.06509937712465,-0.10398221529481777,A_baseline
2025-05-17,0.0,104.06509937712465,-0.10398221529481777,A_baseline
2025-05-18,0.0,104.06509937712465,-0.10398221529481777,A_baseline
2025-05-19,0.0,104.06509937712465,-0.10398221529481777,A_baseline
2025-05-20,0.0,104.06509937712465,-0.10398221529481777,A_baseline
2025-05-21,0.0,104.06509937712465,-0.10398221529481777,A_baseline
2025-05-22,0.0,104.06509937712465,-0.10398221529481777,A_baseline
2025-05-23,0.0,104.06509937712465,-0.10398221529481777,A_baseline
2025-05-24,0.0,104.06509937712465,-0.10398221529481777,A_baseline
2025-05-25,0.0,104.06509937712465,-0.10398221529481777,A_baseline
2025-05-26,0.0,104.06509937712465,-0.10398221529481777,A_baseline
2025-05-27,0.0,104.06509937712465,-0.10398221529481777,A_baseline
2025-05-28,0.0,104.06509937712465,-0.10398221529481777,A_baseline
2025-05-29,0.0,104.06509937712465,-0.10398221529481777,A_baseline
2025-05-30,0.0,104.06509937712465,-0.10398221529481777,A_baseline
2025-05-31,0.0,104.06509937712465,-0.10398221529481777,A_baseline
2025-06-01,0.0,104.06509937712465,-0.10398221529481777,A_baseline
2025-06-02,0.0,104.06509937712465,-0.10398221529481777,A_baseline
2025-06-03,0.0,104.06509937712465,-0.10398221529481777,A_baseline
2025-06-04,0.0,104.06509937712465,-0.10398221529481777,A_baseline
2025-06-05,0.0,104.06509937712465,-0.10398221529481777,A_baseline
2025-06-06,0.0,104.06509937712465,-0.10398221529481777,A_baseline
2025-06-07,0.0,104.06509937712465,-0.10398221529481777,A_baseline
2025-06-08,0.0,104.06509937712465,-0.10398221529481777,A_baseline
2025-06-09,0.0,104.06509937712465,-0.10398221529481777,A_baseline
2025-06-10,0.0,104.06509937712465,-0.10398221529481777,A_baseline
2025-06-11,0.0,104.06509937712465,-0.10398221529481777,A_baseline
2025-06-12,0.0,104.06509937712465,-0.10398221529481777,A_baseline
2025-06-13,0.0,104.06509937712465,-0.10398221529481777,A_baseline
2025-06-14,0.0,104.06509937712465,-0.10398221529481777,A_baseline
2025-06-15,0.0,104.06509937712465,-0.10398221529481777,A_baseline
2025-06-16,0.0,104.06509937712465,-0.10398221529481777,A_baseline
2025-06-17,0.0,104.06509937712465,-0.10398221529481777,A_baseline
2025-06-18,0.0,104.06509937712465,-0.10398221529481777,A_baseline
2025-06-19,0.0,104.06509937712465,-0.10398221529481777,A_baseline
2025-06-20,0.0,104.06509937712465,-0.10398221529481777,A_baseline
2025-06-21,0.0,104.06509937712465,-0.10398221529481777,A_baseline
2025-06-22,0.0,104.06509937712465,-0.10398221529481777,A_baseline
2025-06-23,0.0,104.06509937712465,-0.10398221529481777,A_baseline
2025-06-24,0.0,104.06509937712465,-0.10398221529481777,A_baseline
2025-06-25,0.0,104.06509937712465,-0.10398221529481777,A_baseline
2025-06-26,0.0,104.06509937712465,-0.10398221529481777,A_baseline
2025-06-27,0.0,104.06509937712465,-0.10398221529481777,A_baseline
2025-06-28,0.0,104.06509937712465,-0.10398221529481777,A_baseline
2025-06-29,0.0,104.06509937712465,-0.10398221529481777,A_baseline
2025-06-30,0.0,104.06509937712465,-0.10398221529481777,A_baseline
2025-07-01,0.0,104.06509937712465,-0.10398221529481777,A_baseline
2025-07-02,0.0,104.06509937712465,-0.10398221529481777,A_baseline
2025-07-03,0.0,104.06509937712465,-0.10398221529481777,A_baseline
2025-07-04,0.0,104.06509937712465,-0.10398221529481777,A_baseline
2025-07-05,0.0,104.06509937712465,-0.10398221529481777,A_baseline
2025-07-06,0.0,104.06509937712465,-0.10398221529481777,A_baseline
2025-07-07,0.0,104.06509937712465,-0.10398221529481777,A_baseline
2025-07-08,0.0,104.06509937712465,-0.10398221529481777,A_baseline
2025-07-09,0.0,104.06509937712465,-0.10398221529481777,A_baseline
2025-07-10,0.0,104.06509937712465,-0.10398221529481777,A_baseline
2025-07-11,0.0,104.06509937712465,-0.10398221529481777,A_baseline
2025-07-12,0.0,104.06509937712465,-0.10398221529481777,A_baseline
2025-07-13,0.0,104.06509937712465,-0.10398221529481777,A_baseline
2025-07-14,0.0,104.06509937712465,-0.10398221529481777,A_baseline
2025-07-15,0.0,104.06509937712465,-0.10398221529481777,A_baseline
2025-07-16,0.0,104.06509937712465,-0.10398221529481777,A_baseline
2025-07-17,0.0,104.06509937712465,-0.10398221529481777,A_baseline
2025-07-18,0.0,104.06509937712465,-0.10398221529481777,A_baseline
2025-07-19,0.0,104.06509937712465,-0.10398221529481777,A_baseline
2025-07-20,0.0,104.06509937712465,-0.10398221529481777,A_baseline
2025-07-21,0.0,104.06509937712465,-0.10398221529481777,A_baseline
2025-07-22,0.0,104.06509937712465,-0.10398221529481777,A_baseline
2025-07-23,0.10730939614713403,104.1724087732718,-0.0009718745548004115,A_baseline
2025-07-24,0.0,104.1724087732718,-0.0009718745548004115,A_baseline
2025-07-25,0.0,104.1724087732718,-0.0009718745548004115,A_baseline
2025-07-26,0.0,104.1724087732718,-0.0009718745548004115,A_baseline
2025-07-27,0.0,104.1724087732718,-0.0009718745548004115,A_baseline
2025-07-28,0.0,104.1724087732718,-0.0009718745548004115,A_baseline
2025-07-29,0.0,104.1724087732718,-0.0009718745548004115,A_baseline
2025-07-30,0.0,104.1724087732718,-0.0009718745548004115,A_baseline
2025-07-31,0.0,104.1724087732718,-0.0009718745548004115,A_baseline
2025-08-01,0.0,104.1724087732718,-0.0009718745548004115,A_baseline
2025-08-02,0.0,104.1724087732718,-0.0009718745548004115,A_baseline
2025-08-03,0.0,104.1724087732718,-0.0009718745548004115,A_baseline
2025-08-04,0.0,104.1724087732718,-0.0009718745548004115,A_baseline
2025-08-05,0.0,104.1724087732718,-0.0009718745548004115,A_baseline
2025-08-06,0.0,104.1724087732718,-0.0009718745548004115,A_baseline
2025-08-07,0.0,104.1724087732718,-0.0009718745548004115,A_baseline
2025-08-08,0.0,104.1724087732718,-0.0009718745548004115,A_baseline
2025-08-09,0.0,104.1724087732718,-0.0009718745548004115,A_baseline
2025-08-10,0.0,104.1724087732718,-0.0009718745548004115,A_baseline
2025-08-11,0.0,104.1724087732718,-0.0009718745548004115,A_baseline
2025-08-12,0.0,104.1724087732718,-0.0009718745548004115,A_baseline
2025-08-13,0.0,104.1724087732718,-0.0009718745548004115,A_baseline
2025-08-14,0.0,104.1724087732718,-0.0009718745548004115,A_baseline
2025-08-15,0.0,104.1724087732718,-0.0009718745548004115,A_baseline
2025-08-16,0.0,104.1724087732718,-0.0009718745548004115,A_baseline
2025-08-17,0.0,104.1724087732718,-0.0009718745548004115,A_baseline
2025-08-18,0.0,104.1724087732718,-0.0009718745548004115,A_baseline
2025-08-19,0.0,104.1724087732718,-0.0009718745548004115,A_baseline
2025-08-20,0.0,104.1724087732718,-0.0009718745548004115,A_baseline
2025-08-21,0.0,104.1724087732718,-0.0009718745548004115,A_baseline
2025-08-22,0.0,104.1724087732718,-0.0009718745548004115,A_baseline
2025-08-23,0.0,104.1724087732718,-0.0009718745548004115,A_baseline
2025-08-24,0.0,104.1724087732718,-0.0009718745548004115,A_baseline
2025-08-25,0.0,104.1724087732718,-0.0009718745548004115,A_baseline
2025-08-26,0.0,104.1724087732718,-0.0009718745548004115,A_baseline
2025-08-27,0.0,104.1724087732718,-0.0009718745548004115,A_baseline
2025-08-28,0.0,104.1724087732718,-0.0009718745548004115,A_baseline
2025-08-29,0.0,104.1724087732718,-0.0009718745548004115,A_baseline
2025-08-30,0.0,104.1724087732718,-0.0009718745548004115,A_baseline
2025-08-31,0.0,104.1724087732718,-0.0009718745548004115,A_baseline
2025-09-01,0.0,104.1724087732718,-0.0009718745548004115,A_baseline
2025-09-02,0.0,104.1724087732718,-0.0009718745548004115,A_baseline
2025-09-03,0.0,104.1724087732718,-0.0009718745548004115,A_baseline
2025-09-04,0.0,104.1724087732718,-0.0009718745548004115,A_baseline
2025-09-05,0.0,104.1724087732718,-0.0009718745548004115,A_baseline
2025-09-06,0.0,104.1724087732718,-0.0009718745548004115,A_baseline
2025-09-07,0.0,104.1724087732718,-0.0009718745548004115,A_baseline
2025-09-08,0.0,104.1724087732718,-0.0009718745548004115,A_baseline
2025-09-09,0.0,104.1724087732718,-0.0009718745548004115,A_baseline
2025-09-10,0.0,104.1724087732718,-0.0009718745548004115,A_baseline
2025-09-11,0.0,104.1724087732718,-0.0009718745548004115,A_baseline
2025-09-12,0.0,104.1724087732718,-0.0009718745548004115,A_baseline
2025-09-13,0.0,104.1724087732718,-0.0009718745548004115,A_baseline
2025-09-14,0.0,104.1724087732718,-0.0009718745548004115,A_baseline
2025-09-15,0.0,104.1724087732718,-0.0009718745548004115,A_baseline
2025-09-16,0.0,104.1724087732718,-0.0009718745548004115,A_baseline
2025-09-17,0.0,104.1724087732718,-0.0009718745548004115,A_baseline
2025-09-18,0.0,104.1724087732718,-0.0009718745548004115,A_baseline
2025-09-19,0.0,104.1724087732718,-0.0009718745548004115,A_baseline
2025-09-20,0.0,104.1724087732718,-0.0009718745548004115,A_baseline
2025-09-21,0.0,104.1724087732718,-0.0009718745548004115,A_baseline
2025-09-22,0.0,104.1724087732718,-0.0009718745548004115,A_baseline
2025-09-23,0.0,104.1724087732718,-0.0009718745548004115,A_baseline
2025-09-24,0.0,104.1724087732718,-0.0009718745548004115,A_baseline
2025-09-25,0.0,104.1724087732718,-0.0009718745548004115,A_baseline
2025-09-26,0.0,104.1724087732718,-0.0009718745548004115,A_baseline
2025-09-27,0.0,104.1724087732718,-0.0009718745548004115,A_baseline
2025-09-28,0.0,104.1724087732718,-0.0009718745548004115,A_baseline
2025-09-29,0.0,104.1724087732718,-0.0009718745548004115,A_baseline
2025-09-30,0.0,104.1724087732718,-0.0009718745548004115,A_baseline
2025-10-01,0.0,104.1724087732718,-0.0009718745548004115,A_baseline
2025-10-02,0.0,104.1724087732718,-0.0009718745548004115,A_baseline
2025-10-03,0.0,104.1724087732718,-0.0009718745548004115,A_baseline
2025-10-04,0.0,104.1724087732718,-0.0009718745548004115,A_baseline
2025-10-05,0.0,104.1724087732718,-0.0009718745548004115,A_baseline
2025-10-06,0.0,104.1724087732718,-0.0009718745548004115,A_baseline
2025-10-07,0.0,104.1724087732718,-0.0009718745548004115,A_baseline
2025-10-08,0.0,104.1724087732718,-0.0009718745548004115,A_baseline
2025-10-09,0.0,104.1724087732718,-0.0009718745548004115,A_baseline
2025-10-10,0.0,104.1724087732718,-0.0009718745548004115,A_baseline
2025-10-11,0.0,104.1724087732718,-0.0009718745548004115,A_baseline
2025-10-12,0.0,104.1724087732718,-0.0009718745548004115,A_baseline
2025-10-13,0.0,104.1724087732718,-0.0009718745548004115,A_baseline
2025-10-14,0.0,104.1724087732718,-0.0009718745548004115,A_baseline
2025-10-15,0.0,104.1724087732718,-0.0009718745548004115,A_baseline
2025-10-16,0.0,104.1724087732718,-0.0009718745548004115,A_baseline
2025-10-17,0.0,104.1724087732718,-0.0009718745548004115,A_baseline
2025-10-18,0.0,104.1724087732718,-0.0009718745548004115,A_baseline
2025-10-19,0.0,104.1724087732718,-0.0009718745548004115,A_baseline
2025-10-20,0.0,104.1724087732718,-0.0009718745548004115,A_baseline
2025-10-21,0.0,104.1724087732718,-0.0009718745548004115,A_baseline
2025-10-22,0.0,104.1724087732718,-0.0009718745548004115,A_baseline
2025-10-23,0.0,104.1724087732718,-0.0009718745548004115,A_baseline
2025-10-24,0.12607611120515613,104.29848488447695,0.0,A_baseline
2025-10-25,0.0,104.29848488447695,0.0,A_baseline
2025-10-26,0.0,104.29848488447695,0.0,A_baseline
2025-10-27,0.0,104.29848488447695,0.0,A_baseline
2025-10-28,0.0,104.29848488447695,0.0,A_baseline
2025-10-29,0.0,104.29848488447695,0.0,A_baseline
2025-10-30,0.0,104.29848488447695,0.0,A_baseline
2025-10-31,0.0,104.29848488447695,0.0,A_baseline
2025-11-01,0.0,104.29848488447695,0.0,A_baseline
2025-11-02,0.0,104.29848488447695,0.0,A_baseline
2025-11-03,0.0,104.29848488447695,0.0,A_baseline
2025-11-04,0.0,104.29848488447695,0.0,A_baseline
2025-11-05,0.0,104.29848488447695,0.0,A_baseline
2025-11-06,0.0,104.29848488447695,0.0,A_baseline
2025-11-07,0.0,104.29848488447695,0.0,A_baseline
2025-11-08,0.0,104.29848488447695,0.0,A_baseline
2025-11-09,0.0,104.29848488447695,0.0,A_baseline
2025-11-10,0.0,104.29848488447695,0.0,A_baseline
2025-11-11,0.0,104.29848488447695,0.0,A_baseline
2025-11-12,0.0,104.29848488447695,0.0,A_baseline
2025-11-13,0.0,104.29848488447695,0.0,A_baseline
2025-11-14,0.0,104.29848488447695,0.0,A_baseline
2025-11-15,0.0,104.29848488447695,0.0,A_baseline
2025-11-16,0.0,104.29848488447695,0.0,A_baseline
2025-11-17,0.0,104.29848488447695,0.0,A_baseline
2025-11-18,0.0,104.29848488447695,0.0,A_baseline
2025-11-19,0.0,104.29848488447695,0.0,A_baseline
2025-11-20,0.0,104.29848488447695,0.0,A_baseline
2025-11-21,0.0,104.29848488447695,0.0,A_baseline
2025-11-22,0.0,104.29848488447695,0.0,A_baseline
2025-11-23,0.0,104.29848488447695,0.0,A_baseline
2025-11-24,0.0,104.29848488447695,0.0,A_baseline
2025-11-25,0.0,104.29848488447695,0.0,A_baseline
2025-11-26,0.0,104.29848488447695,0.0,A_baseline
2025-11-27,0.0,104.29848488447695,0.0,A_baseline
2025-11-28,0.0,104.29848488447695,0.0,A_baseline
2025-11-29,0.0,104.29848488447695,0.0,A_baseline
2025-11-30,0.0,104.29848488447695,0.0,A_baseline
2025-12-01,0.0,104.29848488447695,0.0,A_baseline
2025-12-02,0.0,104.29848488447695,0.0,A_baseline
2025-12-03,0.0,104.29848488447695,0.0,A_baseline
2025-12-04,0.0,104.29848488447695,0.0,A_baseline
2025-12-05,0.0,104.29848488447695,0.0,A_baseline
2025-12-06,0.0,104.29848488447695,0.0,A_baseline
2025-12-07,0.0,104.29848488447695,0.0,A_baseline
2025-12-08,0.0,104.29848488447695,0.0,A_baseline
2025-12-09,0.0,104.29848488447695,0.0,A_baseline
2025-12-10,0.0,104.29848488447695,0.0,A_baseline
2025-12-11,0.0,104.29848488447695,0.0,A_baseline
2025-12-12,0.0,104.29848488447695,0.0,A_baseline
2025-12-13,0.0,104.29848488447695,0.0,A_baseline
2025-12-14,0.0,104.29848488447695,0.0,A_baseline
2025-12-15,0.0,104.29848488447695,0.0,A_baseline
2025-12-16,0.0,104.29848488447695,0.0,A_baseline
2025-12-17,0.0,104.29848488447695,0.0,A_baseline
2025-12-18,0.0,104.29848488447695,0.0,A_baseline
2025-12-19,0.0,104.29848488447695,0.0,A_baseline
2025-12-20,0.0,104.29848488447695,0.0,A_baseline
2025-12-21,0.0,104.29848488447695,0.0,A_baseline
2025-12-22,0.0,104.29848488447695,0.0,A_baseline
2025-12-23,0.0,104.29848488447695,0.0,A_baseline
2025-12-24,0.0,104.29848488447695,0.0,A_baseline
2025-12-25,0.0,104.29848488447695,0.0,A_baseline
2025-12-26,0.0,104.29848488447695,0.0,A_baseline
2025-12-27,0.0,104.29848488447695,0.0,A_baseline
2025-12-28,0.0,104.29848488447695,0.0,A_baseline
2025-12-29,0.0,104.29848488447695,0.0,A_baseline
2025-12-30,0.0,104.29848488447695,0.0,A_baseline
2025-12-31,0.0,104.29848488447695,0.0,A_baseline
2026-01-01,0.0,104.29848488447695,0.0,A_baseline
2026-01-02,0.0,104.29848488447695,0.0,A_baseline
2026-01-03,0.0,104.29848488447695,0.0,A_baseline
2026-01-04,0.0,104.29848488447695,0.0,A_baseline
2026-01-05,0.0,104.29848488447695,0.0,A_baseline
2026-01-06,0.0,104.29848488447695,0.0,A_baseline
2026-01-07,0.0,104.29848488447695,0.0,A_baseline
2026-01-08,0.0,104.29848488447695,0.0,A_baseline
2026-01-09,0.0,104.29848488447695,0.0,A_baseline
2026-01-10,0.0,104.29848488447695,0.0,A_baseline
2026-01-11,0.0,104.29848488447695,0.0,A_baseline
2026-01-12,0.0,104.29848488447695,0.0,A_baseline
2026-01-13,0.0,104.29848488447695,0.0,A_baseline
2026-01-14,0.0,104.29848488447695,0.0,A_baseline
2026-01-15,0.0,104.29848488447695,0.0,A_baseline
2026-01-16,0.0,104.29848488447695,0.0,A_baseline
2026-01-17,0.0,104.29848488447695,0.0,A_baseline
2026-01-18,0.0,104.29848488447695,0.0,A_baseline
2026-01-19,0.0,104.29848488447695,0.0,A_baseline
2026-01-20,0.0,104.29848488447695,0.0,A_baseline
2026-01-21,0.0,104.29848488447695,0.0,A_baseline
2026-01-22,0.0,104.29848488447695,0.0,A_baseline
2026-01-23,0.0,104.29848488447695,0.0,A_baseline
2026-01-24,0.0,104.29848488447695,0.0,A_baseline
2026-01-25,0.0,104.29848488447695,0.0,A_baseline
2026-01-26,0.0,104.29848488447695,0.0,A_baseline
2026-01-27,-0.08462807760847402,104.21385680686848,-0.08114027514609656,A_baseline
2026-01-28,0.0,104.21385680686848,-0.08114027514609656,A_baseline
2026-01-29,0.0,104.21385680686848,-0.08114027514609656,A_baseline
2026-01-30,0.0,104.21385680686848,-0.08114027514609656,A_baseline
2026-01-31,0.0,104.21385680686848,-0.08114027514609656,A_baseline
2026-02-01,0.0,104.21385680686848,-0.08114027514609656,A_baseline
2026-02-02,0.0,104.21385680686848,-0.08114027514609656,A_baseline
2026-02-03,0.0,104.21385680686848,-0.08114027514609656,A_baseline
2026-02-04,0.0,104.21385680686848,-0.08114027514609656,A_baseline
2026-02-05,0.0,104.21385680686848,-0.08114027514609656,A_baseline
2026-02-06,0.0,104.21385680686848,-0.08114027514609656,A_baseline
2026-02-07,0.0,104.21385680686848,-0.08114027514609656,A_baseline
2026-02-08,0.0,104.21385680686848,-0.08114027514609656,A_baseline
2026-02-09,0.0,104.21385680686848,-0.08114027514609656,A_baseline
2026-02-10,0.0,104.21385680686848,-0.08114027514609656,A_baseline
2026-02-11,0.0,104.21385680686848,-0.08114027514609656,A_baseline
2026-02-12,0.0,104.21385680686848,-0.08114027514609656,A_baseline
2026-02-13,0.0,104.21385680686848,-0.08114027514609656,A_baseline
2026-02-14,0.0,104.21385680686848,-0.08114027514609656,A_baseline
2026-02-15,0.0,104.21385680686848,-0.08114027514609656,A_baseline
2026-02-16,0.0,104.21385680686848,-0.08114027514609656,A_baseline
2026-02-17,0.0,104.21385680686848,-0.08114027514609656,A_baseline
2026-02-18,0.0,104.21385680686848,-0.08114027514609656,A_baseline
2026-02-19,0.0,104.21385680686848,-0.08114027514609656,A_baseline
2026-02-20,0.0,104.21385680686848,-0.08114027514609656,A_baseline
2026-02-21,0.0,104.21385680686848,-0.08114027514609656,A_baseline
2026-02-22,0.0,104.21385680686848,-0.08114027514609656,A_baseline
2026-02-23,0.0,104.21385680686848,-0.08114027514609656,A_baseline
2026-02-24,0.0,104.21385680686848,-0.08114027514609656,A_baseline
2026-02-25,0.0,104.21385680686848,-0.08114027514609656,A_baseline
2026-02-26,0.0,104.21385680686848,-0.08114027514609656,A_baseline
2026-02-27,0.0,104.21385680686848,-0.08114027514609656,A_baseline
2026-02-28,0.0,104.21385680686848,-0.08114027514609656,A_baseline
2026-03-01,0.0,104.21385680686848,-0.08114027514609656,A_baseline
2026-03-02,0.0,104.21385680686848,-0.08114027514609656,A_baseline
2026-03-03,0.0,104.21385680686848,-0.08114027514609656,A_baseline
2026-03-04,0.0,104.21385680686848,-0.08114027514609656,A_baseline
2026-03-05,0.0,104.21385680686848,-0.08114027514609656,A_baseline
2026-03-06,0.0,104.21385680686848,-0.08114027514609656,A_baseline
2026-03-07,0.0,104.21385680686848,-0.08114027514609656,A_baseline
2026-03-08,0.0,104.21385680686848,-0.08114027514609656,A_baseline
2026-03-09,0.0,104.21385680686848,-0.08114027514609656,A_baseline
2026-03-10,0.0,104.21385680686848,-0.08114027514609656,A_baseline
2026-03-11,0.0,104.21385680686848,-0.08114027514609656,A_baseline
2026-03-12,0.0,104.21385680686848,-0.08114027514609656,A_baseline
2026-03-13,0.0,104.21385680686848,-0.08114027514609656,A_baseline
2026-03-14,0.0,104.21385680686848,-0.08114027514609656,A_baseline
2026-03-15,0.0,104.21385680686848,-0.08114027514609656,A_baseline
2026-03-16,0.0,104.21385680686848,-0.08114027514609656,A_baseline
2026-03-17,0.0,104.21385680686848,-0.08114027514609656,A_baseline
2026-03-18,0.0,104.21385680686848,-0.08114027514609656,A_baseline
2026-03-19,0.0,104.21385680686848,-0.08114027514609656,A_baseline
2026-03-20,0.0,104.21385680686848,-0.08114027514609656,A_baseline
2026-03-21,0.0,104.21385680686848,-0.08114027514609656,A_baseline
2026-03-22,0.0,104.21385680686848,-0.08114027514609656,A_baseline
2026-03-23,0.0,104.21385680686848,-0.08114027514609656,A_baseline
2026-03-24,0.0,104.21385680686848,-0.08114027514609656,A_baseline
2026-03-25,0.0,104.21385680686848,-0.08114027514609656,A_baseline
2026-03-26,0.0,104.21385680686848,-0.08114027514609656,A_baseline
2026-03-27,0.0,104.21385680686848,-0.08114027514609656,A_baseline
2026-03-28,0.0,104.21385680686848,-0.08114027514609656,A_baseline
2026-03-29,0.0,104.21385680686848,-0.08114027514609656,A_baseline
2026-03-30,0.0,104.21385680686848,-0.08114027514609656,A_baseline
2026-03-31,0.0,104.21385680686848,-0.08114027514609656,A_baseline
2026-04-01,0.0,104.21385680686848,-0.08114027514609656,A_baseline
2026-04-02,0.0,104.21385680686848,-0.08114027514609656,A_baseline
2026-04-03,0.0,104.21385680686848,-0.08114027514609656,A_baseline
2026-04-04,0.0,104.21385680686848,-0.08114027514609656,A_baseline
2026-04-05,0.0,104.21385680686848,-0.08114027514609656,A_baseline
2026-04-06,0.0,104.21385680686848,-0.08114027514609656,A_baseline
2026-04-07,0.0,104.21385680686848,-0.08114027514609656,A_baseline
2026-04-08,0.0,104.21385680686848,-0.08114027514609656,A_baseline
2026-04-09,0.0,104.21385680686848,-0.08114027514609656,A_baseline
2026-04-10,0.0,104.21385680686848,-0.08114027514609656,A_baseline
2026-04-11,0.0,104.21385680686848,-0.08114027514609656,A_baseline
2026-04-12,0.0,104.21385680686848,-0.08114027514609656,A_baseline
2026-04-13,0.0,104.21385680686848,-0.08114027514609656,A_baseline
2026-04-14,0.0,104.21385680686848,-0.08114027514609656,A_baseline
2026-04-15,0.0,104.21385680686848,-0.08114027514609656,A_baseline
2026-04-16,0.0,104.21385680686848,-0.08114027514609656,A_baseline
2026-04-17,0.0,104.21385680686848,-0.08114027514609656,A_baseline
2026-04-18,0.0,104.21385680686848,-0.08114027514609656,A_baseline
2026-04-19,0.0,104.21385680686848,-0.08114027514609656,A_baseline
2026-04-20,0.0,104.21385680686848,-0.08114027514609656,A_baseline
2026-04-21,0.0,104.21385680686848,-0.08114027514609656,A_baseline
2026-04-22,0.0,104.21385680686848,-0.08114027514609656,A_baseline
2026-04-23,0.0,104.21385680686848,-0.08114027514609656,A_baseline
2026-04-24,0.0,104.21385680686848,-0.08114027514609656,A_baseline
2026-04-25,0.0,104.21385680686848,-0.08114027514609656,A_baseline
2026-04-26,0.0,104.21385680686848,-0.08114027514609656,A_baseline
2026-04-27,0.0,104.21385680686848,-0.08114027514609656,A_baseline
2026-04-28,0.0,104.21385680686848,-0.08114027514609656,A_baseline
2026-04-29,0.0,104.21385680686848,-0.08114027514609656,A_baseline
2026-04-30,0.1060696996110031,104.31992650647948,0.0,A_baseline
2021-07-19,-0.018105263157894746,99.98189473684211,0.0,B_hard5
2021-07-20,-0.018105263157894767,99.96378947368422,-0.01810854175703369,B_hard5
2021-07-21,0.0,99.96378947368422,-0.01810854175703369,B_hard5
2021-07-22,-0.018105263157894735,99.94568421052631,-0.036217083514078485,B_hard5
2021-07-23,0.0,99.94568421052631,-0.036217083514078485,B_hard5
2021-07-24,0.0,99.94568421052631,-0.036217083514078485,B_hard5
2021-07-25,0.0,99.94568421052631,-0.036217083514078485,B_hard5
2021-07-26,-0.018105263157894746,99.92757894736842,-0.05432562527111218,B_hard5
2021-07-27,0.0,99.92757894736842,-0.05432562527111218,B_hard5
2021-07-28,0.0,99.92757894736842,-0.05432562527111218,B_hard5
2021-07-29,0.0,99.92757894736842,-0.05432562527111218,B_hard5
2021-07-30,0.0,99.92757894736842,-0.05432562527111218,B_hard5
2021-07-31,0.0,99.92757894736842,-0.05432562527111218,B_hard5
2021-08-01,0.0,99.92757894736842,-0.05432562527111218,B_hard5
2021-08-02,0.0,99.92757894736842,-0.05432562527111218,B_hard5
2021-08-03,-0.018105263157894735,99.90947368421052,-0.07243416702813477,B_hard5
2021-08-04,0.0,99.90947368421052,-0.07243416702813477,B_hard5
2021-08-05,0.0,99.90947368421052,-0.07243416702813477,B_hard5
2021-08-06,0.0,99.90947368421052,-0.07243416702813477,B_hard5
2021-08-07,0.0,99.90947368421052,-0.07243416702813477,B_hard5
2021-08-08,0.0,99.90947368421052,-0.07243416702813477,B_hard5
2021-08-09,0.0,99.90947368421052,-0.07243416702813477,B_hard5
2021-08-10,0.0,99.90947368421052,-0.07243416702813477,B_hard5
2021-08-11,0.0,99.90947368421052,-0.07243416702813477,B_hard5
2021-08-12,0.0,99.90947368421052,-0.07243416702813477,B_hard5
2021-08-13,0.0,99.90947368421052,-0.07243416702813477,B_hard5
2021-08-14,0.0,99.90947368421052,-0.07243416702813477,B_hard5
2021-08-15,0.0,99.90947368421052,-0.07243416702813477,B_hard5
2021-08-16,0.0,99.90947368421052,-0.07243416702813477,B_hard5
2021-08-17,0.0,99.90947368421052,-0.07243416702813477,B_hard5
2021-08-18,0.0,99.90947368421052,-0.07243416702813477,B_hard5
2021-08-19,0.0,99.90947368421052,-0.07243416702813477,B_hard5
2021-08-20,0.0,99.90947368421052,-0.07243416702813477,B_hard5
2021-08-21,0.0,99.90947368421052,-0.07243416702813477,B_hard5
2021-08-22,0.0,99.90947368421052,-0.07243416702813477,B_hard5
2021-08-23,0.0,99.90947368421052,-0.07243416702813477,B_hard5
2021-08-24,0.0,99.90947368421052,-0.07243416702813477,B_hard5
2021-08-25,0.0,99.90947368421052,-0.07243416702813477,B_hard5
2021-08-26,0.0,99.90947368421052,-0.07243416702813477,B_hard5
2021-08-27,0.0,99.90947368421052,-0.07243416702813477,B_hard5
2021-08-28,0.0,99.90947368421052,-0.07243416702813477,B_hard5
2021-08-29,0.0,99.90947368421052,-0.07243416702813477,B_hard5
2021-08-30,0.0,99.90947368421052,-0.07243416702813477,B_hard5
2021-08-31,0.0,99.90947368421052,-0.07243416702813477,B_hard5
2021-09-01,0.0,99.90947368421052,-0.07243416702813477,B_hard5
2021-09-02,0.0,99.90947368421052,-0.07243416702813477,B_hard5
2021-09-03,0.0,99.90947368421052,-0.07243416702813477,B_hard5
2021-09-04,0.0,99.90947368421052,-0.07243416702813477,B_hard5
2021-09-05,0.0,99.90947368421052,-0.07243416702813477,B_hard5
2021-09-06,0.0,99.90947368421052,-0.07243416702813477,B_hard5
2021-09-07,0.0,99.90947368421052,-0.07243416702813477,B_hard5
2021-09-08,0.0,99.90947368421052,-0.07243416702813477,B_hard5
2021-09-09,0.0,99.90947368421052,-0.07243416702813477,B_hard5
2021-09-10,0.0,99.90947368421052,-0.07243416702813477,B_hard5
2021-09-11,0.0,99.90947368421052,-0.07243416702813477,B_hard5
2021-09-12,0.0,99.90947368421052,-0.07243416702813477,B_hard5
2021-09-13,0.0,99.90947368421052,-0.07243416702813477,B_hard5
2021-09-14,0.0,99.90947368421052,-0.07243416702813477,B_hard5
2021-09-15,0.0,99.90947368421052,-0.07243416702813477,B_hard5
2021-09-16,0.0,99.90947368421052,-0.07243416702813477,B_hard5
2021-09-17,0.0,99.90947368421052,-0.07243416702813477,B_hard5
2021-09-18,0.0,99.90947368421052,-0.07243416702813477,B_hard5
2021-09-19,0.0,99.90947368421052,-0.07243416702813477,B_hard5
2021-09-20,0.0,99.90947368421052,-0.07243416702813477,B_hard5
2021-09-21,0.0,99.90947368421052,-0.07243416702813477,B_hard5
2021-09-22,0.0,99.90947368421052,-0.07243416702813477,B_hard5
2021-09-23,0.0,99.90947368421052,-0.07243416702813477,B_hard5
2021-09-24,0.0,99.90947368421052,-0.07243416702813477,B_hard5
2021-09-25,0.0,99.90947368421052,-0.07243416702813477,B_hard5
2021-09-26,0.0,99.90947368421052,-0.07243416702813477,B_hard5
2021-09-27,0.0,99.90947368421052,-0.07243416702813477,B_hard5
2021-09-28,0.0,99.90947368421052,-0.07243416702813477,B_hard5
2021-09-29,0.0,99.90947368421052,-0.07243416702813477,B_hard5
2021-09-30,0.0,99.90947368421052,-0.07243416702813477,B_hard5
2021-10-01,0.5658754817031911,100.47534916591371,0.0,B_hard5
2021-10-02,0.0,100.47534916591371,0.0,B_hard5
2021-10-03,0.0,100.47534916591371,0.0,B_hard5
2021-10-04,0.0,100.47534916591371,0.0,B_hard5
2021-10-05,0.0,100.47534916591371,0.0,B_hard5
2021-10-06,0.0,100.47534916591371,0.0,B_hard5
2021-10-07,0.0,100.47534916591371,0.0,B_hard5
2021-10-08,0.0,100.47534916591371,0.0,B_hard5
2021-10-09,0.0,100.47534916591371,0.0,B_hard5
2021-10-10,0.0,100.47534916591371,0.0,B_hard5
2021-10-11,0.0,100.47534916591371,0.0,B_hard5
2021-10-12,0.0,100.47534916591371,0.0,B_hard5
2021-10-13,0.0,100.47534916591371,0.0,B_hard5
2021-10-14,0.0,100.47534916591371,0.0,B_hard5
2021-10-15,0.0,100.47534916591371,0.0,B_hard5
2021-10-16,0.0,100.47534916591371,0.0,B_hard5
2021-10-17,0.0,100.47534916591371,0.0,B_hard5
2021-10-18,-0.018105263157894774,100.45724390275582,-0.01801960710581252,B_hard5
2021-10-19,0.0,100.45724390275582,-0.01801960710581252,B_hard5
2021-10-20,0.0,100.45724390275582,-0.01801960710581252,B_hard5
2021-10-21,-0.09052631578947383,100.36671758696635,-0.10811764263489732,B_hard5
2021-10-22,0.0,100.36671758696635,-0.10811764263489732,B_hard5
2021-10-23,0.0,100.36671758696635,-0.10811764263489732,B_hard5
2021-10-24,0.0,100.36671758696635,-0.10811764263489732,B_hard5
2021-10-25,-0.054315789473684276,100.31240179749267,-0.16217646395233487,B_hard5
2021-10-26,0.0,100.31240179749267,-0.16217646395233487,B_hard5
2021-10-27,0.0,100.31240179749267,-0.16217646395233487,B_hard5
2021-10-28,0.0,100.31240179749267,-0.16217646395233487,B_hard5
2021-10-29,0.0,100.31240179749267,-0.16217646395233487,B_hard5
2021-10-30,0.0,100.31240179749267,-0.16217646395233487,B_hard5
2021-10-31,0.0,100.31240179749267,-0.16217646395233487,B_hard5
2021-11-01,0.0,100.31240179749267,-0.16217646395233487,B_hard5
2021-11-02,0.0,100.31240179749267,-0.16217646395233487,B_hard5
2021-11-03,0.0,100.31240179749267,-0.16217646395233487,B_hard5
2021-11-04,0.0,100.31240179749267,-0.16217646395233487,B_hard5
2021-11-05,0.0,100.31240179749267,-0.16217646395233487,B_hard5
2021-11-06,0.0,100.31240179749267,-0.16217646395233487,B_hard5
2021-11-07,0.0,100.31240179749267,-0.16217646395233487,B_hard5
2021-11-08,0.0,100.31240179749267,-0.16217646395233487,B_hard5
2021-11-09,0.0,100.31240179749267,-0.16217646395233487,B_hard5
2021-11-10,0.0,100.31240179749267,-0.16217646395233487,B_hard5
2021-11-11,0.0,100.31240179749267,-0.16217646395233487,B_hard5
2021-11-12,-0.018105263157894746,100.29429653433478,-0.1801960710581474,B_hard5
2021-11-13,0.0,100.29429653433478,-0.1801960710581474,B_hard5
2021-11-14,0.0,100.29429653433478,-0.1801960710581474,B_hard5
2021-11-15,0.0,100.29429653433478,-0.1801960710581474,B_hard5
2021-11-16,0.0,100.29429653433478,-0.1801960710581474,B_hard5
2021-11-17,0.0,100.29429653433478,-0.1801960710581474,B_hard5
2021-11-18,0.0,100.29429653433478,-0.1801960710581474,B_hard5
2021-11-19,0.0,100.29429653433478,-0.1801960710581474,B_hard5
2021-11-20,0.0,100.29429653433478,-0.1801960710581474,B_hard5
2021-11-21,0.0,100.29429653433478,-0.1801960710581474,B_hard5
2021-11-22,-0.01810526315789474,100.27619127117687,-0.1982156781639821,B_hard5
2021-11-23,0.0,100.27619127117687,-0.1982156781639821,B_hard5
2021-11-24,0.0,100.27619127117687,-0.1982156781639821,B_hard5
2021-11-25,0.0,100.27619127117687,-0.1982156781639821,B_hard5
2021-11-26,0.0,100.27619127117687,-0.1982156781639821,B_hard5
2021-11-27,0.0,100.27619127117687,-0.1982156781639821,B_hard5
2021-11-28,0.0,100.27619127117687,-0.1982156781639821,B_hard5
2021-11-29,-0.018105263157894735,100.25808600801898,-0.21623528526979463,B_hard5
2021-11-30,0.0,100.25808600801898,-0.21623528526979463,B_hard5
2021-12-01,0.0,100.25808600801898,-0.21623528526979463,B_hard5
2021-12-02,0.0,100.25808600801898,-0.21623528526979463,B_hard5
2021-12-03,0.0,100.25808600801898,-0.21623528526979463,B_hard5
2021-12-04,0.0,100.25808600801898,-0.21623528526979463,B_hard5
2021-12-05,0.0,100.25808600801898,-0.21623528526979463,B_hard5
2021-12-06,0.0,100.25808600801898,-0.21623528526979463,B_hard5
2021-12-07,0.0,100.25808600801898,-0.21623528526979463,B_hard5
2021-12-08,0.0,100.25808600801898,-0.21623528526979463,B_hard5
2021-12-09,0.0,100.25808600801898,-0.21623528526979463,B_hard5
2021-12-10,0.0,100.25808600801898,-0.21623528526979463,B_hard5
2021-12-11,0.0,100.25808600801898,-0.21623528526979463,B_hard5
2021-12-12,0.0,100.25808600801898,-0.21623528526979463,B_hard5
2021-12-13,0.0,100.25808600801898,-0.21623528526979463,B_hard5
2021-12-14,0.0,100.25808600801898,-0.21623528526979463,B_hard5
2021-12-15,0.0,100.25808600801898,-0.21623528526979463,B_hard5
2021-12-16,0.0,100.25808600801898,-0.21623528526979463,B_hard5
2021-12-17,0.0,100.25808600801898,-0.21623528526979463,B_hard5
2021-12-18,0.0,100.25808600801898,-0.21623528526979463,B_hard5
2021-12-19,0.0,100.25808600801898,-0.21623528526979463,B_hard5
2021-12-20,0.0,100.25808600801898,-0.21623528526979463,B_hard5
2021-12-21,0.0,100.25808600801898,-0.21623528526979463,B_hard5
2021-12-22,0.0,100.25808600801898,-0.21623528526979463,B_hard5
2021-12-23,0.0,100.25808600801898,-0.21623528526979463,B_hard5
2021-12-24,0.0,100.25808600801898,-0.21623528526979463,B_hard5
2021-12-25,0.0,100.25808600801898,-0.21623528526979463,B_hard5
2021-12-26,0.0,100.25808600801898,-0.21623528526979463,B_hard5
2021-12-27,0.0,100.25808600801898,-0.21623528526979463,B_hard5
2021-12-28,0.0,100.25808600801898,-0.21623528526979463,B_hard5
2021-12-29,0.0,100.25808600801898,-0.21623528526979463,B_hard5
2021-12-30,0.0,100.25808600801898,-0.21623528526979463,B_hard5
2021-12-31,0.0,100.25808600801898,-0.21623528526979463,B_hard5
2022-01-01,0.0,100.25808600801898,-0.21623528526979463,B_hard5
2022-01-02,0.0,100.25808600801898,-0.21623528526979463,B_hard5
2022-01-03,0.10430216795473449,100.36238817597372,-0.11242657117166432,B_hard5
2022-01-04,0.0,100.36238817597372,-0.11242657117166432,B_hard5
2022-01-05,0.0,100.36238817597372,-0.11242657117166432,B_hard5
2022-01-06,-0.01810526315789476,100.34428291281581,-0.13044617827748795,B_hard5
2022-01-07,0.0,100.34428291281581,-0.13044617827748795,B_hard5
2022-01-08,0.0,100.34428291281581,-0.13044617827748795,B_hard5
2022-01-09,0.0,100.34428291281581,-0.13044617827748795,B_hard5
2022-01-10,0.0,100.34428291281581,-0.13044617827748795,B_hard5
2022-01-11,0.0,100.34428291281581,-0.13044617827748795,B_hard5
2022-01-12,0.0,100.34428291281581,-0.13044617827748795,B_hard5
2022-01-13,0.0,100.34428291281581,-0.13044617827748795,B_hard5
2022-01-14,0.0,100.34428291281581,-0.13044617827748795,B_hard5
2022-01-15,0.0,100.34428291281581,-0.13044617827748795,B_hard5
2022-01-16,0.0,100.34428291281581,-0.13044617827748795,B_hard5
2022-01-17,0.0,100.34428291281581,-0.13044617827748795,B_hard5
2022-01-18,0.0,100.34428291281581,-0.13044617827748795,B_hard5
2022-01-19,-0.018105263157894756,100.32617764965792,-0.14846578538330046,B_hard5
2022-01-20,0.0,100.32617764965792,-0.14846578538330046,B_hard5
2022-01-21,-0.03621091263946773,100.28996673701846,-0.184505384090905,B_hard5
2022-01-22,0.0,100.28996673701846,-0.184505384090905,B_hard5
2022-01-23,0.0,100.28996673701846,-0.184505384090905,B_hard5
2022-01-24,-0.0362105263157895,100.25375621070266,-0.22054459830255224,B_hard5
2022-01-25,-0.03621052631578947,100.21754568438688,-0.2565838125141773,B_hard5
2022-01-26,0.0,100.21754568438688,-0.2565838125141773,B_hard5
2022-01-27,-0.03621052631578954,100.1813351580711,-0.2926230267258023,B_hard5
2022-01-28,0.0,100.1813351580711,-0.2926230267258023,B_hard5
2022-01-29,0.0,100.1813351580711,-0.2926230267258023,B_hard5
2022-01-30,0.0,100.1813351580711,-0.2926230267258023,B_hard5
2022-01-31,0.0,100.1813351580711,-0.2926230267258023,B_hard5
2022-02-01,0.0,100.1813351580711,-0.2926230267258023,B_hard5
2022-02-02,0.0,100.1813351580711,-0.2926230267258023,B_hard5
2022-02-03,0.0,100.1813351580711,-0.2926230267258023,B_hard5
2022-02-04,0.0,100.1813351580711,-0.2926230267258023,B_hard5
2022-02-05,0.0,100.1813351580711,-0.2926230267258023,B_hard5
2022-02-06,0.0,100.1813351580711,-0.2926230267258023,B_hard5
2022-02-07,0.0,100.1813351580711,-0.2926230267258023,B_hard5
2022-02-08,0.0,100.1813351580711,-0.2926230267258023,B_hard5
2022-02-09,0.0,100.1813351580711,-0.2926230267258023,B_hard5
2022-02-10,0.0,100.1813351580711,-0.2926230267258023,B_hard5
2022-02-11,0.0,100.1813351580711,-0.2926230267258023,B_hard5
2022-02-12,0.0,100.1813351580711,-0.2926230267258023,B_hard5
2022-02-13,0.0,100.1813351580711,-0.2926230267258023,B_hard5
2022-02-14,-0.01810526315789477,100.1632298949132,-0.31064263383162594,B_hard5
2022-02-15,0.0,100.1632298949132,-0.31064263383162594,B_hard5
2022-02-16,0.0,100.1632298949132,-0.31064263383162594,B_hard5
2022-02-17,0.0,100.1632298949132,-0.31064263383162594,B_hard5
2022-02-18,0.0,100.1632298949132,-0.31064263383162594,B_hard5
2022-02-19,0.0,100.1632298949132,-0.31064263383162594,B_hard5
2022-02-20,0.0,100.1632298949132,-0.31064263383162594,B_hard5
2022-02-21,-0.018105263157894763,100.1451246317553,-0.32866224093744956,B_hard5
2022-02-22,0.0,100.1451246317553,-0.32866224093744956,B_hard5
2022-02-23,0.0,100.1451246317553,-0.32866224093744956,B_hard5
2022-02-24,-0.01810526315789478,100.1270193685974,-0.3466818480432621,B_hard5
2022-02-25,0.0,100.1270193685974,-0.3466818480432621,B_hard5
2022-02-26,0.0,100.1270193685974,-0.3466818480432621,B_hard5
2022-02-27,0.0,100.1270193685974,-0.3466818480432621,B_hard5
2022-02-28,0.0,100.1270193685974,-0.3466818480432621,B_hard5
2022-03-01,0.0,100.1270193685974,-0.3466818480432621,B_hard5
2022-03-02,0.0,100.1270193685974,-0.3466818480432621,B_hard5
2022-03-03,0.0,100.1270193685974,-0.3466818480432621,B_hard5
2022-03-04,-0.01810526315789473,100.10891410543951,-0.3647014551490746,B_hard5
2022-03-05,0.0,100.10891410543951,-0.3647014551490746,B_hard5
2022-03-06,0.0,100.10891410543951,-0.3647014551490746,B_hard5
2022-03-07,0.0,100.10891410543951,-0.3647014551490746,B_hard5
2022-03-08,0.0,100.10891410543951,-0.3647014551490746,B_hard5
2022-03-09,0.0,100.10891410543951,-0.3647014551490746,B_hard5
2022-03-10,0.0,100.10891410543951,-0.3647014551490746,B_hard5
2022-03-11,0.0,100.10891410543951,-0.3647014551490746,B_hard5
2022-03-12,0.0,100.10891410543951,-0.3647014551490746,B_hard5
2022-03-13,0.0,100.10891410543951,-0.3647014551490746,B_hard5
2022-03-14,0.0,100.10891410543951,-0.3647014551490746,B_hard5
2022-03-15,0.0,100.10891410543951,-0.3647014551490746,B_hard5
2022-03-16,0.0,100.10891410543951,-0.3647014551490746,B_hard5
2022-03-17,0.0,100.10891410543951,-0.3647014551490746,B_hard5
2022-03-18,0.0,100.10891410543951,-0.3647014551490746,B_hard5
2022-03-19,0.0,100.10891410543951,-0.3647014551490746,B_hard5
2022-03-20,0.0,100.10891410543951,-0.3647014551490746,B_hard5
2022-03-21,0.0,100.10891410543951,-0.3647014551490746,B_hard5
2022-03-22,0.0,100.10891410543951,-0.3647014551490746,B_hard5
2022-03-23,0.0,100.10891410543951,-0.3647014551490746,B_hard5
2022-03-24,0.0,100.10891410543951,-0.3647014551490746,B_hard5
2022-03-25,0.0,100.10891410543951,-0.3647014551490746,B_hard5
2022-03-26,0.0,100.10891410543951,-0.3647014551490746,B_hard5
2022-03-27,0.0,100.10891410543951,-0.3647014551490746,B_hard5
2022-03-28,0.0,100.10891410543951,-0.3647014551490746,B_hard5
2022-03-29,0.0,100.10891410543951,-0.3647014551490746,B_hard5
2022-03-30,0.0,100.10891410543951,-0.3647014551490746,B_hard5
2022-03-31,0.0,100.10891410543951,-0.3647014551490746,B_hard5
2022-04-01,0.0,100.10891410543951,-0.3647014551490746,B_hard5
2022-04-02,0.0,100.10891410543951,-0.3647014551490746,B_hard5
2022-04-03,0.0,100.10891410543951,-0.3647014551490746,B_hard5
2022-04-04,0.0,100.10891410543951,-0.3647014551490746,B_hard5
2022-04-05,0.05646376904698045,100.1653778744865,-0.3085048163558701,B_hard5
2022-04-06,0.0,100.1653778744865,-0.3085048163558701,B_hard5
2022-04-07,0.0,100.1653778744865,-0.3085048163558701,B_hard5
2022-04-08,0.0,100.1653778744865,-0.3085048163558701,B_hard5
2022-04-09,0.0,100.1653778744865,-0.3085048163558701,B_hard5
2022-04-10,0.0,100.1653778744865,-0.3085048163558701,B_hard5
2022-04-11,-0.01810526315789475,100.14727261132859,-0.32652442346169375,B_hard5
2022-04-12,-0.01810526315789474,100.1291673481707,-0.34454403056750627,B_hard5
2022-04-13,0.0,100.1291673481707,-0.34454403056750627,B_hard5
2022-04-14,0.0,100.1291673481707,-0.34454403056750627,B_hard5
2022-04-15,0.0,100.1291673481707,-0.34454403056750627,B_hard5
2022-04-16,0.0,100.1291673481707,-0.34454403056750627,B_hard5
2022-04-17,0.0,100.1291673481707,-0.34454403056750627,B_hard5
2022-04-18,-0.03750373522145516,100.09166361294925,-0.3818703355097486,B_hard5
2022-04-19,-0.0362105263157895,100.05545308663346,-0.4179095497213736,B_hard5
2022-04-20,0.0,100.05545308663346,-0.4179095497213736,B_hard5
2022-04-21,0.0,100.05545308663346,-0.4179095497213736,B_hard5
2022-04-22,0.0,100.05545308663346,-0.4179095497213736,B_hard5
2022-04-23,0.0,100.05545308663346,-0.4179095497213736,B_hard5
2022-04-24,0.0,100.05545308663346,-0.4179095497213736,B_hard5
2022-04-25,-0.036210526315789505,100.01924256031766,-0.45394876393302086,B_hard5
2022-04-26,0.0,100.01924256031766,-0.45394876393302086,B_hard5
2022-04-27,0.0,100.01924256031766,-0.45394876393302086,B_hard5
2022-04-28,0.0,100.01924256031766,-0.45394876393302086,B_hard5
2022-04-29,0.0,100.01924256031766,-0.45394876393302086,B_hard5
2022-04-30,0.0,100.01924256031766,-0.45394876393302086,B_hard5
2022-05-01,0.0,100.01924256031766,-0.45394876393302086,B_hard5
2022-05-02,0.0,100.01924256031766,-0.45394876393302086,B_hard5
2022-05-03,0.0,100.01924256031766,-0.45394876393302086,B_hard5
2022-05-04,0.0,100.01924256031766,-0.45394876393302086,B_hard5
2022-05-05,-0.018105263157894753,100.00113729715977,-0.4719683710388334,B_hard5
2022-05-06,-0.01810526315789474,99.98303203400188,-0.4899879781446459,B_hard5
2022-05-07,0.0,99.98303203400188,-0.4899879781446459,B_hard5
2022-05-08,0.0,99.98303203400188,-0.4899879781446459,B_hard5
2022-05-09,0.0,99.98303203400188,-0.4899879781446459,B_hard5
2022-05-10,0.0,99.98303203400188,-0.4899879781446459,B_hard5
2022-05-11,0.0,99.98303203400188,-0.4899879781446459,B_hard5
2022-05-12,0.0,99.98303203400188,-0.4899879781446459,B_hard5
2022-05-13,0.0,99.98303203400188,-0.4899879781446459,B_hard5
2022-05-14,0.0,99.98303203400188,-0.4899879781446459,B_hard5
2022-05-15,0.0,99.98303203400188,-0.4899879781446459,B_hard5
2022-05-16,0.0,99.98303203400188,-0.4899879781446459,B_hard5
2022-05-17,0.0,99.98303203400188,-0.4899879781446459,B_hard5
2022-05-18,0.0,99.98303203400188,-0.4899879781446459,B_hard5
2022-05-19,0.0,99.98303203400188,-0.4899879781446459,B_hard5
2022-05-20,0.0,99.98303203400188,-0.4899879781446459,B_hard5
2022-05-21,0.0,99.98303203400188,-0.4899879781446459,B_hard5
2022-05-22,0.0,99.98303203400188,-0.4899879781446459,B_hard5
2022-05-23,0.0,99.98303203400188,-0.4899879781446459,B_hard5
2022-05-24,0.0,99.98303203400188,-0.4899879781446459,B_hard5
2022-05-25,0.0,99.98303203400188,-0.4899879781446459,B_hard5
2022-05-26,0.0,99.98303203400188,-0.4899879781446459,B_hard5
2022-05-27,-0.018105263157894767,99.96492677084399,-0.5080075852504584,B_hard5
2022-05-28,0.0,99.96492677084399,-0.5080075852504584,B_hard5
2022-05-29,0.0,99.96492677084399,-0.5080075852504584,B_hard5
2022-05-30,0.0,99.96492677084399,-0.5080075852504584,B_hard5
2022-05-31,0.0,99.96492677084399,-0.5080075852504584,B_hard5
2022-06-01,0.0,99.96492677084399,-0.5080075852504584,B_hard5
2022-06-02,0.0,99.96492677084399,-0.5080075852504584,B_hard5
2022-06-03,0.0,99.96492677084399,-0.5080075852504584,B_hard5
2022-06-04,0.0,99.96492677084399,-0.5080075852504584,B_hard5
2022-06-05,0.0,99.96492677084399,-0.5080075852504584,B_hard5
2022-06-06,0.0,99.96492677084399,-0.5080075852504584,B_hard5
2022-06-07,0.0,99.96492677084399,-0.5080075852504584,B_hard5
2022-06-08,0.0,99.96492677084399,-0.5080075852504584,B_hard5
2022-06-09,0.0,99.96492677084399,-0.5080075852504584,B_hard5
2022-06-10,0.0,99.96492677084399,-0.5080075852504584,B_hard5
2022-06-11,0.0,99.96492677084399,-0.5080075852504584,B_hard5
2022-06-12,0.0,99.96492677084399,-0.5080075852504584,B_hard5
2022-06-13,0.0,99.96492677084399,-0.5080075852504584,B_hard5
2022-06-14,0.0,99.96492677084399,-0.5080075852504584,B_hard5
2022-06-15,0.0,99.96492677084399,-0.5080075852504584,B_hard5
2022-06-16,0.0,99.96492677084399,-0.5080075852504584,B_hard5
2022-06-17,0.0,99.96492677084399,-0.5080075852504584,B_hard5
2022-06-18,0.0,99.96492677084399,-0.5080075852504584,B_hard5
2022-06-19,0.0,99.96492677084399,-0.5080075852504584,B_hard5
2022-06-20,0.0,99.96492677084399,-0.5080075852504584,B_hard5
2022-06-21,0.0,99.96492677084399,-0.5080075852504584,B_hard5
2022-06-22,0.0,99.96492677084399,-0.5080075852504584,B_hard5
2022-06-23,0.0,99.96492677084399,-0.5080075852504584,B_hard5
2022-06-24,0.0,99.96492677084399,-0.5080075852504584,B_hard5
2022-06-25,0.0,99.96492677084399,-0.5080075852504584,B_hard5
2022-06-26,0.0,99.96492677084399,-0.5080075852504584,B_hard5
2022-06-27,0.0,99.96492677084399,-0.5080075852504584,B_hard5
2022-06-28,0.0,99.96492677084399,-0.5080075852504584,B_hard5
2022-06-29,0.0,99.96492677084399,-0.5080075852504584,B_hard5
2022-06-30,0.0,99.96492677084399,-0.5080075852504584,B_hard5
2022-07-01,0.0,99.96492677084399,-0.5080075852504584,B_hard5
2022-07-02,0.0,99.96492677084399,-0.5080075852504584,B_hard5
2022-07-03,0.0,99.96492677084399,-0.5080075852504584,B_hard5
2022-07-04,0.0,99.96492677084399,-0.5080075852504584,B_hard5
2022-07-05,0.0,99.96492677084399,-0.5080075852504584,B_hard5
2022-07-06,0.2634156134846702,100.22834238432866,-0.2458381917908814,B_hard5
2022-07-07,0.0,100.22834238432866,-0.2458381917908814,B_hard5
2022-07-08,0.0,100.22834238432866,-0.2458381917908814,B_hard5
2022-07-09,0.0,100.22834238432866,-0.2458381917908814,B_hard5
2022-07-10,0.0,100.22834238432866,-0.2458381917908814,B_hard5
2022-07-11,-0.018105263157894732,100.21023712117076,-0.2638577988966939,B_hard5
2022-07-12,-0.018105263157894777,100.19213185801286,-0.28187740600252864,B_hard5
2022-07-13,0.0,100.19213185801286,-0.28187740600252864,B_hard5
2022-07-14,0.0,100.19213185801286,-0.28187740600252864,B_hard5
2022-07-15,0.0,100.19213185801286,-0.28187740600252864,B_hard5
2022-07-16,0.0,100.19213185801286,-0.28187740600252864,B_hard5
2022-07-17,0.0,100.19213185801286,-0.28187740600252864,B_hard5
2022-07-18,0.0,100.19213185801286,-0.28187740600252864,B_hard5
2022-07-19,0.0,100.19213185801286,-0.28187740600252864,B_hard5
2022-07-20,0.0,100.19213185801286,-0.28187740600252864,B_hard5
2022-07-21,0.0,100.19213185801286,-0.28187740600252864,B_hard5
2022-07-22,0.0,100.19213185801286,-0.28187740600252864,B_hard5
2022-07-23,0.0,100.19213185801286,-0.28187740600252864,B_hard5
2022-07-24,0.0,100.19213185801286,-0.28187740600252864,B_hard5
2022-07-25,0.0,100.19213185801286,-0.28187740600252864,B_hard5
2022-07-26,0.0,100.19213185801286,-0.28187740600252864,B_hard5
2022-07-27,0.0,100.19213185801286,-0.28187740600252864,B_hard5
2022-07-28,0.0,100.19213185801286,-0.28187740600252864,B_hard5
2022-07-29,0.0,100.19213185801286,-0.28187740600252864,B_hard5
2022-07-30,0.0,100.19213185801286,-0.28187740600252864,B_hard5
2022-07-31,0.0,100.19213185801286,-0.28187740600252864,B_hard5
2022-08-01,0.0,100.19213185801286,-0.28187740600252864,B_hard5
2022-08-02,0.0,100.19213185801286,-0.28187740600252864,B_hard5
2022-08-03,0.0,100.19213185801286,-0.28187740600252864,B_hard5
2022-08-04,0.0,100.19213185801286,-0.28187740600252864,B_hard5
2022-08-05,0.0,100.19213185801286,-0.28187740600252864,B_hard5
2022-08-06,0.0,100.19213185801286,-0.28187740600252864,B_hard5
2022-08-07,0.0,100.19213185801286,-0.28187740600252864,B_hard5
2022-08-08,0.0,100.19213185801286,-0.28187740600252864,B_hard5
2022-08-09,0.0,100.19213185801286,-0.28187740600252864,B_hard5
2022-08-10,0.0,100.19213185801286,-0.28187740600252864,B_hard5
2022-08-11,0.0,100.19213185801286,-0.28187740600252864,B_hard5
2022-08-12,0.0,100.19213185801286,-0.28187740600252864,B_hard5
2022-08-13,0.0,100.19213185801286,-0.28187740600252864,B_hard5
2022-08-14,0.0,100.19213185801286,-0.28187740600252864,B_hard5
2022-08-15,0.0,100.19213185801286,-0.28187740600252864,B_hard5
2022-08-16,0.0,100.19213185801286,-0.28187740600252864,B_hard5
2022-08-17,0.0,100.19213185801286,-0.28187740600252864,B_hard5
2022-08-18,-0.018105263157894753,100.17402659485496,-0.29989701310834116,B_hard5
2022-08-19,0.0,100.17402659485496,-0.29989701310834116,B_hard5
2022-08-20,0.0,100.17402659485496,-0.29989701310834116,B_hard5
2022-08-21,0.0,100.17402659485496,-0.29989701310834116,B_hard5
2022-08-22,0.0,100.17402659485496,-0.29989701310834116,B_hard5
2022-08-23,0.0,100.17402659485496,-0.29989701310834116,B_hard5
2022-08-24,0.0,100.17402659485496,-0.29989701310834116,B_hard5
2022-08-25,0.0,100.17402659485496,-0.29989701310834116,B_hard5
2022-08-26,0.0,100.17402659485496,-0.29989701310834116,B_hard5
2022-08-27,0.0,100.17402659485496,-0.29989701310834116,B_hard5
2022-08-28,0.0,100.17402659485496,-0.29989701310834116,B_hard5
2022-08-29,0.0,100.17402659485496,-0.29989701310834116,B_hard5
2022-08-30,0.0,100.17402659485496,-0.29989701310834116,B_hard5
2022-08-31,0.0,100.17402659485496,-0.29989701310834116,B_hard5
2022-09-01,0.0,100.17402659485496,-0.29989701310834116,B_hard5
2022-09-02,0.0,100.17402659485496,-0.29989701310834116,B_hard5
2022-09-03,0.0,100.17402659485496,-0.29989701310834116,B_hard5
2022-09-04,0.0,100.17402659485496,-0.29989701310834116,B_hard5
2022-09-05,0.0,100.17402659485496,-0.29989701310834116,B_hard5
2022-09-06,0.0,100.17402659485496,-0.29989701310834116,B_hard5
2022-09-07,0.0,100.17402659485496,-0.29989701310834116,B_hard5
2022-09-08,0.0,100.17402659485496,-0.29989701310834116,B_hard5
2022-09-09,0.0,100.17402659485496,-0.29989701310834116,B_hard5
2022-09-10,0.0,100.17402659485496,-0.29989701310834116,B_hard5
2022-09-11,0.0,100.17402659485496,-0.29989701310834116,B_hard5
2022-09-12,0.0,100.17402659485496,-0.29989701310834116,B_hard5
2022-09-13,0.0,100.17402659485496,-0.29989701310834116,B_hard5
2022-09-14,0.0,100.17402659485496,-0.29989701310834116,B_hard5
2022-09-15,0.0,100.17402659485496,-0.29989701310834116,B_hard5
2022-09-16,0.0,100.17402659485496,-0.29989701310834116,B_hard5
2022-09-17,0.0,100.17402659485496,-0.29989701310834116,B_hard5
2022-09-18,0.0,100.17402659485496,-0.29989701310834116,B_hard5
2022-09-19,0.0,100.17402659485496,-0.29989701310834116,B_hard5
2022-09-20,0.0,100.17402659485496,-0.29989701310834116,B_hard5
2022-09-21,0.0,100.17402659485496,-0.29989701310834116,B_hard5
2022-09-22,0.0,100.17402659485496,-0.29989701310834116,B_hard5
2022-09-23,-0.01810526315789473,100.15592133169707,-0.3179166202141537,B_hard5
2022-09-24,0.0,100.15592133169707,-0.3179166202141537,B_hard5
2022-09-25,0.0,100.15592133169707,-0.3179166202141537,B_hard5
2022-09-26,0.0,100.15592133169707,-0.3179166202141537,B_hard5
2022-09-27,0.0,100.15592133169707,-0.3179166202141537,B_hard5
2022-09-28,0.0,100.15592133169707,-0.3179166202141537,B_hard5
2022-09-29,0.0,100.15592133169707,-0.3179166202141537,B_hard5
2022-09-30,0.0,100.15592133169707,-0.3179166202141537,B_hard5
2022-10-01,0.0,100.15592133169707,-0.3179166202141537,B_hard5
2022-10-02,0.0,100.15592133169707,-0.3179166202141537,B_hard5
2022-10-03,0.0,100.15592133169707,-0.3179166202141537,B_hard5
2022-10-04,0.0,100.15592133169707,-0.3179166202141537,B_hard5
2022-10-05,0.0,100.15592133169707,-0.3179166202141537,B_hard5
2022-10-06,0.0,100.15592133169707,-0.3179166202141537,B_hard5
2022-10-07,0.34107584572181404,100.49699717741889,0.0,B_hard5
2022-10-08,0.0,100.49699717741889,0.0,B_hard5
2022-10-09,0.0,100.49699717741889,0.0,B_hard5
2022-10-10,0.0,100.49699717741889,0.0,B_hard5
2022-10-11,0.0,100.49699717741889,0.0,B_hard5
2022-10-12,0.0,100.49699717741889,0.0,B_hard5
2022-10-13,0.0,100.49699717741889,0.0,B_hard5
2022-10-14,0.0,100.49699717741889,0.0,B_hard5
2022-10-15,0.0,100.49699717741889,0.0,B_hard5
2022-10-16,0.0,100.49699717741889,0.0,B_hard5
2022-10-17,-0.018105263157894767,100.478891914261,-0.018015725510611702,B_hard5
2022-10-18,0.0,100.478891914261,-0.018015725510611702,B_hard5
2022-10-19,0.0,100.478891914261,-0.018015725510611702,B_hard5
2022-10-20,-0.018105263157894753,100.46078665110309,-0.036031451021234506,B_hard5
2022-10-21,-0.018105263157894756,100.4426813879452,-0.05404717653185731,B_hard5
2022-10-22,0.0,100.4426813879452,-0.05404717653185731,B_hard5
2022-10-23,0.0,100.4426813879452,-0.05404717653185731,B_hard5
2022-10-24,0.0,100.4426813879452,-0.05404717653185731,B_hard5
2022-10-25,0.0,100.4426813879452,-0.05404717653185731,B_hard5
2022-10-26,0.0,100.4426813879452,-0.05404717653185731,B_hard5
2022-10-27,0.0,100.4426813879452,-0.05404717653185731,B_hard5
2022-10-28,0.0,100.4426813879452,-0.05404717653185731,B_hard5
2022-10-29,0.0,100.4426813879452,-0.05404717653185731,B_hard5
2022-10-30,0.0,100.4426813879452,-0.05404717653185731,B_hard5
2022-10-31,0.0,100.4426813879452,-0.05404717653185731,B_hard5
2022-11-01,0.0,100.4426813879452,-0.05404717653185731,B_hard5
2022-11-02,0.0,100.4426813879452,-0.05404717653185731,B_hard5
2022-11-03,0.0,100.4426813879452,-0.05404717653185731,B_hard5
2022-11-04,0.0,100.4426813879452,-0.05404717653185731,B_hard5
2022-11-05,0.0,100.4426813879452,-0.05404717653185731,B_hard5
2022-11-06,0.0,100.4426813879452,-0.05404717653185731,B_hard5
2022-11-07,0.0,100.4426813879452,-0.05404717653185731,B_hard5
2022-11-08,0.0,100.4426813879452,-0.05404717653185731,B_hard5
2022-11-09,0.0,100.4426813879452,-0.05404717653185731,B_hard5
2022-11-10,0.0,100.4426813879452,-0.05404717653185731,B_hard5
2022-11-11,0.0,100.4426813879452,-0.05404717653185731,B_hard5
2022-11-12,0.0,100.4426813879452,-0.05404717653185731,B_hard5
2022-11-13,0.0,100.4426813879452,-0.05404717653185731,B_hard5
2022-11-14,-0.01810526315789477,100.42457612478731,-0.07206290204246901,B_hard5
2022-11-15,0.0,100.42457612478731,-0.07206290204246901,B_hard5
2022-11-16,0.0,100.42457612478731,-0.07206290204246901,B_hard5
2022-11-17,0.0,100.42457612478731,-0.07206290204246901,B_hard5
2022-11-18,0.0,100.42457612478731,-0.07206290204246901,B_hard5
2022-11-19,0.0,100.42457612478731,-0.07206290204246901,B_hard5
2022-11-20,0.0,100.42457612478731,-0.07206290204246901,B_hard5
2022-11-21,0.0,100.42457612478731,-0.07206290204246901,B_hard5
2022-11-22,0.0,100.42457612478731,-0.07206290204246901,B_hard5
2022-11-23,0.0,100.42457612478731,-0.07206290204246901,B_hard5
2022-11-24,0.0,100.42457612478731,-0.07206290204246901,B_hard5
2022-11-25,0.0,100.42457612478731,-0.07206290204246901,B_hard5
2022-11-26,0.0,100.42457612478731,-0.07206290204246901,B_hard5
2022-11-27,0.0,100.42457612478731,-0.07206290204246901,B_hard5
2022-11-28,0.0,100.42457612478731,-0.07206290204246901,B_hard5
2022-11-29,0.0,100.42457612478731,-0.07206290204246901,B_hard5
2022-11-30,0.0,100.42457612478731,-0.07206290204246901,B_hard5
2022-12-01,0.0,100.42457612478731,-0.07206290204246901,B_hard5
2022-12-02,0.0,100.42457612478731,-0.07206290204246901,B_hard5
2022-12-03,0.0,100.42457612478731,-0.07206290204246901,B_hard5
2022-12-04,0.0,100.42457612478731,-0.07206290204246901,B_hard5
2022-12-05,0.0,100.42457612478731,-0.07206290204246901,B_hard5
2022-12-06,0.0,100.42457612478731,-0.07206290204246901,B_hard5
2022-12-07,0.0,100.42457612478731,-0.07206290204246901,B_hard5
2022-12-08,0.0,100.42457612478731,-0.07206290204246901,B_hard5
2022-12-09,0.0,100.42457612478731,-0.07206290204246901,B_hard5
2022-12-10,0.0,100.42457612478731,-0.07206290204246901,B_hard5
2022-12-11,0.0,100.42457612478731,-0.07206290204246901,B_hard5
2022-12-12,0.0,100.42457612478731,-0.07206290204246901,B_hard5
2022-12-13,0.0,100.42457612478731,-0.07206290204246901,B_hard5
2022-12-14,0.0,100.42457612478731,-0.07206290204246901,B_hard5
2022-12-15,0.0,100.42457612478731,-0.07206290204246901,B_hard5
2022-12-16,0.0,100.42457612478731,-0.07206290204246901,B_hard5
2022-12-17,0.0,100.42457612478731,-0.07206290204246901,B_hard5
2022-12-18,0.0,100.42457612478731,-0.07206290204246901,B_hard5
2022-12-19,0.0,100.42457612478731,-0.07206290204246901,B_hard5
2022-12-20,0.0,100.42457612478731,-0.07206290204246901,B_hard5
2022-12-21,0.0,100.42457612478731,-0.07206290204246901,B_hard5
2022-12-22,-0.018105263157894753,100.40647086162942,-0.09007862755308071,B_hard5
2022-12-23,0.0,100.40647086162942,-0.09007862755308071,B_hard5
2022-12-24,0.0,100.40647086162942,-0.09007862755308071,B_hard5
2022-12-25,0.0,100.40647086162942,-0.09007862755308071,B_hard5
2022-12-26,0.0,100.40647086162942,-0.09007862755308071,B_hard5
2022-12-27,0.0,100.40647086162942,-0.09007862755308071,B_hard5
2022-12-28,0.0,100.40647086162942,-0.09007862755308071,B_hard5
2022-12-29,0.0,100.40647086162942,-0.09007862755308071,B_hard5
2022-12-30,0.0,100.40647086162942,-0.09007862755308071,B_hard5
2022-12-31,0.0,100.40647086162942,-0.09007862755308071,B_hard5
2023-01-01,0.0,100.40647086162942,-0.09007862755308071,B_hard5
2023-01-02,0.0,100.40647086162942,-0.09007862755308071,B_hard5
2023-01-03,0.0,100.40647086162942,-0.09007862755308071,B_hard5
2023-01-04,0.0,100.40647086162942,-0.09007862755308071,B_hard5
2023-01-05,0.0,100.40647086162942,-0.09007862755308071,B_hard5
2023-01-06,0.811646551241556,101.21811741287097,0.0,B_hard5
2023-01-07,0.0,101.21811741287097,0.0,B_hard5
2023-01-08,0.0,101.21811741287097,0.0,B_hard5
2023-01-09,0.0,101.21811741287097,0.0,B_hard5
2023-01-10,0.0,101.21811741287097,0.0,B_hard5
2023-01-11,-0.01810526315789477,101.20001214971307,-0.017887373941205542,B_hard5
2023-01-12,0.0,101.20001214971307,-0.017887373941205542,B_hard5
2023-01-13,0.0,101.20001214971307,-0.017887373941205542,B_hard5
2023-01-14,0.0,101.20001214971307,-0.017887373941205542,B_hard5
2023-01-15,0.0,101.20001214971307,-0.017887373941205542,B_hard5
2023-01-16,0.0,101.20001214971307,-0.017887373941205542,B_hard5
2023-01-17,0.0,101.20001214971307,-0.017887373941205542,B_hard5
2023-01-18,0.0,101.20001214971307,-0.017887373941205542,B_hard5
2023-01-19,0.0,101.20001214971307,-0.017887373941205542,B_hard5
2023-01-20,-0.054315789473684276,101.14569636023938,-0.07154949576485548,B_hard5
2023-01-21,0.0,101.14569636023938,-0.07154949576485548,B_hard5
2023-01-22,0.0,101.14569636023938,-0.07154949576485548,B_hard5
2023-01-23,0.0,101.14569636023938,-0.07154949576485548,B_hard5
2023-01-24,0.0,101.14569636023938,-0.07154949576485548,B_hard5
2023-01-25,0.0,101.14569636023938,-0.07154949576485548,B_hard5
2023-01-26,0.0,101.14569636023938,-0.07154949576485548,B_hard5
2023-01-27,-0.01810526315789474,101.12759109708149,-0.08943686970606102,B_hard5
2023-01-28,0.0,101.12759109708149,-0.08943686970606102,B_hard5
2023-01-29,0.0,101.12759109708149,-0.08943686970606102,B_hard5
2023-01-30,0.0,101.12759109708149,-0.08943686970606102,B_hard5
2023-01-31,0.0,101.12759109708149,-0.08943686970606102,B_hard5
2023-02-01,0.0,101.12759109708149,-0.08943686970606102,B_hard5
2023-02-02,0.0,101.12759109708149,-0.08943686970606102,B_hard5
2023-02-03,-0.018105263157894753,101.1094858339236,-0.10732424364726656,B_hard5
2023-02-04,0.0,101.1094858339236,-0.10732424364726656,B_hard5
2023-02-05,0.0,101.1094858339236,-0.10732424364726656,B_hard5
2023-02-06,0.0,101.1094858339236,-0.10732424364726656,B_hard5
2023-02-07,0.0,101.1094858339236,-0.10732424364726656,B_hard5
2023-02-08,0.0,101.1094858339236,-0.10732424364726656,B_hard5
2023-02-09,0.0,101.1094858339236,-0.10732424364726656,B_hard5
2023-02-10,0.0,101.1094858339236,-0.10732424364726656,B_hard5
2023-02-11,0.0,101.1094858339236,-0.10732424364726656,B_hard5
2023-02-12,0.0,101.1094858339236,-0.10732424364726656,B_hard5
2023-02-13,0.0,101.1094858339236,-0.10732424364726656,B_hard5
2023-02-14,0.0,101.1094858339236,-0.10732424364726656,B_hard5
2023-02-15,0.0,101.1094858339236,-0.10732424364726656,B_hard5
2023-02-16,0.0,101.1094858339236,-0.10732424364726656,B_hard5
2023-02-17,0.0,101.1094858339236,-0.10732424364726656,B_hard5
2023-02-18,0.0,101.1094858339236,-0.10732424364726656,B_hard5
2023-02-19,0.0,101.1094858339236,-0.10732424364726656,B_hard5
2023-02-20,0.0,101.1094858339236,-0.10732424364726656,B_hard5
2023-02-21,0.0,101.1094858339236,-0.10732424364726656,B_hard5
2023-02-22,0.0,101.1094858339236,-0.10732424364726656,B_hard5
2023-02-23,0.0,101.1094858339236,-0.10732424364726656,B_hard5
2023-02-24,-0.018105263157894746,101.09138057076571,-0.1252116175884721,B_hard5
2023-02-25,0.0,101.09138057076571,-0.1252116175884721,B_hard5
2023-02-26,0.0,101.09138057076571,-0.1252116175884721,B_hard5
2023-02-27,0.0,101.09138057076571,-0.1252116175884721,B_hard5
2023-02-28,-0.01810526315789473,101.07327530760782,-0.14309899152968875,B_hard5
2023-03-01,0.0,101.07327530760782,-0.14309899152968875,B_hard5
2023-03-02,0.0,101.07327530760782,-0.14309899152968875,B_hard5
2023-03-03,0.0,101.07327530760782,-0.14309899152968875,B_hard5
2023-03-04,0.0,101.07327530760782,-0.14309899152968875,B_hard5
2023-03-05,0.0,101.07327530760782,-0.14309899152968875,B_hard5
2023-03-06,0.0,101.07327530760782,-0.14309899152968875,B_hard5
2023-03-07,0.0,101.07327530760782,-0.14309899152968875,B_hard5
2023-03-08,0.0,101.07327530760782,-0.14309899152968875,B_hard5
2023-03-09,0.0,101.07327530760782,-0.14309899152968875,B_hard5
2023-03-10,0.0,101.07327530760782,-0.14309899152968875,B_hard5
2023-03-11,0.0,101.07327530760782,-0.14309899152968875,B_hard5
2023-03-12,0.0,101.07327530760782,-0.14309899152968875,B_hard5
2023-03-13,0.0,101.07327530760782,-0.14309899152968875,B_hard5
2023-03-14,0.0,101.07327530760782,-0.14309899152968875,B_hard5
2023-03-15,0.0,101.07327530760782,-0.14309899152968875,B_hard5
2023-03-16,0.0,101.07327530760782,-0.14309899152968875,B_hard5
2023-03-17,0.0,101.07327530760782,-0.14309899152968875,B_hard5
2023-03-18,0.0,101.07327530760782,-0.14309899152968875,B_hard5
2023-03-19,0.0,101.07327530760782,-0.14309899152968875,B_hard5
2023-03-20,0.0,101.07327530760782,-0.14309899152968875,B_hard5
2023-03-21,0.0,101.07327530760782,-0.14309899152968875,B_hard5
2023-03-22,0.0,101.07327530760782,-0.14309899152968875,B_hard5
2023-03-23,0.0,101.07327530760782,-0.14309899152968875,B_hard5
2023-03-24,0.0,101.07327530760782,-0.14309899152968875,B_hard5
2023-03-25,0.0,101.07327530760782,-0.14309899152968875,B_hard5
2023-03-26,0.0,101.07327530760782,-0.14309899152968875,B_hard5
2023-03-27,0.0,101.07327530760782,-0.14309899152968875,B_hard5
2023-03-28,0.0,101.07327530760782,-0.14309899152968875,B_hard5
2023-03-29,0.0,101.07327530760782,-0.14309899152968875,B_hard5
2023-03-30,0.0,101.07327530760782,-0.14309899152968875,B_hard5
2023-03-31,0.0,101.07327530760782,-0.14309899152968875,B_hard5
2023-04-01,0.0,101.07327530760782,-0.14309899152968875,B_hard5
2023-04-02,0.0,101.07327530760782,-0.14309899152968875,B_hard5
2023-04-03,0.0,101.07327530760782,-0.14309899152968875,B_hard5
2023-04-04,0.0,101.07327530760782,-0.14309899152968875,B_hard5
2023-04-05,0.0,101.07327530760782,-0.14309899152968875,B_hard5
2023-04-06,0.0,101.07327530760782,-0.14309899152968875,B_hard5
2023-04-07,0.0,101.07327530760782,-0.14309899152968875,B_hard5
2023-04-08,0.0,101.07327530760782,-0.14309899152968875,B_hard5
2023-04-09,0.0,101.07327530760782,-0.14309899152968875,B_hard5
2023-04-10,0.0,101.07327530760782,-0.14309899152968875,B_hard5
2023-04-11,0.0,101.07327530760782,-0.14309899152968875,B_hard5
2023-04-12,0.25608427883082086,101.32935958643863,0.0,B_hard5
2023-04-13,0.0,101.32935958643863,0.0,B_hard5
2023-04-14,0.0,101.32935958643863,0.0,B_hard5
2023-04-15,0.0,101.32935958643863,0.0,B_hard5
2023-04-16,0.0,101.32935958643863,0.0,B_hard5
2023-04-17,-0.01810526315789474,101.31125432328074,-0.017867736687360303,B_hard5
2023-04-18,0.0,101.31125432328074,-0.017867736687360303,B_hard5
2023-04-19,-0.018105263157894777,101.29314906012284,-0.035735473374720605,B_hard5
2023-04-20,0.0,101.29314906012284,-0.035735473374720605,B_hard5
2023-04-21,0.0,101.29314906012284,-0.035735473374720605,B_hard5
2023-04-22,0.0,101.29314906012284,-0.035735473374720605,B_hard5
2023-04-23,0.0,101.29314906012284,-0.035735473374720605,B_hard5
2023-04-24,-0.018105263157894746,101.27504379696495,-0.05360321006208091,B_hard5
2023-04-25,0.0,101.27504379696495,-0.05360321006208091,B_hard5
2023-04-26,0.0,101.27504379696495,-0.05360321006208091,B_hard5
2023-04-27,0.0,101.27504379696495,-0.05360321006208091,B_hard5
2023-04-28,0.0,101.27504379696495,-0.05360321006208091,B_hard5
2023-04-29,0.0,101.27504379696495,-0.05360321006208091,B_hard5
2023-04-30,0.0,101.27504379696495,-0.05360321006208091,B_hard5
2023-05-01,0.0,101.27504379696495,-0.05360321006208091,B_hard5
2023-05-02,0.0,101.27504379696495,-0.05360321006208091,B_hard5
2023-05-03,0.0,101.27504379696495,-0.05360321006208091,B_hard5
2023-05-04,0.0,101.27504379696495,-0.05360321006208091,B_hard5
2023-05-05,0.0,101.27504379696495,-0.05360321006208091,B_hard5
2023-05-06,0.0,101.27504379696495,-0.05360321006208091,B_hard5
2023-05-07,0.0,101.27504379696495,-0.05360321006208091,B_hard5
2023-05-08,0.0,101.27504379696495,-0.05360321006208091,B_hard5
2023-05-09,0.0,101.27504379696495,-0.05360321006208091,B_hard5
2023-05-10,0.0,101.27504379696495,-0.05360321006208091,B_hard5
2023-05-11,0.0,101.27504379696495,-0.05360321006208091,B_hard5
2023-05-12,0.0,101.27504379696495,-0.05360321006208091,B_hard5
2023-05-13,0.0,101.27504379696495,-0.05360321006208091,B_hard5
2023-05-14,0.0,101.27504379696495,-0.05360321006208091,B_hard5
2023-05-15,0.0,101.27504379696495,-0.05360321006208091,B_hard5
2023-05-16,0.0,101.27504379696495,-0.05360321006208091,B_hard5
2023-05-17,0.0,101.27504379696495,-0.05360321006208091,B_hard5
2023-05-18,0.0,101.27504379696495,-0.05360321006208091,B_hard5
2023-05-19,0.0,101.27504379696495,-0.05360321006208091,B_hard5
2023-05-20,0.0,101.27504379696495,-0.05360321006208091,B_hard5
2023-05-21,0.0,101.27504379696495,-0.05360321006208091,B_hard5
2023-05-22,0.0,101.27504379696495,-0.05360321006208091,B_hard5
2023-05-23,0.0,101.27504379696495,-0.05360321006208091,B_hard5
2023-05-24,0.0,101.27504379696495,-0.05360321006208091,B_hard5
2023-05-25,0.0,101.27504379696495,-0.05360321006208091,B_hard5
2023-05-26,0.0,101.27504379696495,-0.05360321006208091,B_hard5
2023-05-27,0.0,101.27504379696495,-0.05360321006208091,B_hard5
2023-05-28,0.0,101.27504379696495,-0.05360321006208091,B_hard5
2023-05-29,0.0,101.27504379696495,-0.05360321006208091,B_hard5
2023-05-30,0.0,101.27504379696495,-0.05360321006208091,B_hard5
2023-05-31,0.0,101.27504379696495,-0.05360321006208091,B_hard5
2023-06-01,0.0,101.27504379696495,-0.05360321006208091,B_hard5
2023-06-02,0.0,101.27504379696495,-0.05360321006208091,B_hard5
2023-06-03,0.0,101.27504379696495,-0.05360321006208091,B_hard5
2023-06-04,0.0,101.27504379696495,-0.05360321006208091,B_hard5
2023-06-05,0.0,101.27504379696495,-0.05360321006208091,B_hard5
2023-06-06,0.0,101.27504379696495,-0.05360321006208091,B_hard5
2023-06-07,0.0,101.27504379696495,-0.05360321006208091,B_hard5
2023-06-08,0.0,101.27504379696495,-0.05360321006208091,B_hard5
2023-06-09,0.0,101.27504379696495,-0.05360321006208091,B_hard5
2023-06-10,0.0,101.27504379696495,-0.05360321006208091,B_hard5
2023-06-11,0.0,101.27504379696495,-0.05360321006208091,B_hard5
2023-06-12,0.0,101.27504379696495,-0.05360321006208091,B_hard5
2023-06-13,0.0,101.27504379696495,-0.05360321006208091,B_hard5
2023-06-14,0.0,101.27504379696495,-0.05360321006208091,B_hard5
2023-06-15,0.0,101.27504379696495,-0.05360321006208091,B_hard5
2023-06-16,0.0,101.27504379696495,-0.05360321006208091,B_hard5
2023-06-17,0.0,101.27504379696495,-0.05360321006208091,B_hard5
2023-06-18,0.0,101.27504379696495,-0.05360321006208091,B_hard5
2023-06-19,0.0,101.27504379696495,-0.05360321006208091,B_hard5
2023-06-20,0.0,101.27504379696495,-0.05360321006208091,B_hard5
2023-06-21,0.0,101.27504379696495,-0.05360321006208091,B_hard5
2023-06-22,0.0,101.27504379696495,-0.05360321006208091,B_hard5
2023-06-23,0.0,101.27504379696495,-0.05360321006208091,B_hard5
2023-06-24,0.0,101.27504379696495,-0.05360321006208091,B_hard5
2023-06-25,0.0,101.27504379696495,-0.05360321006208091,B_hard5
2023-06-26,0.0,101.27504379696495,-0.05360321006208091,B_hard5
2023-06-27,0.0,101.27504379696495,-0.05360321006208091,B_hard5
2023-06-28,0.0,101.27504379696495,-0.05360321006208091,B_hard5
2023-06-29,0.0,101.27504379696495,-0.05360321006208091,B_hard5
2023-06-30,0.0,101.27504379696495,-0.05360321006208091,B_hard5
2023-07-01,0.0,101.27504379696495,-0.05360321006208091,B_hard5
2023-07-02,0.0,101.27504379696495,-0.05360321006208091,B_hard5
2023-07-03,0.0,101.27504379696495,-0.05360321006208091,B_hard5
2023-07-04,0.0,101.27504379696495,-0.05360321006208091,B_hard5
2023-07-05,0.0,101.27504379696495,-0.05360321006208091,B_hard5
2023-07-06,0.0,101.27504379696495,-0.05360321006208091,B_hard5
2023-07-07,0.0,101.27504379696495,-0.05360321006208091,B_hard5
2023-07-08,0.0,101.27504379696495,-0.05360321006208091,B_hard5
2023-07-09,0.0,101.27504379696495,-0.05360321006208091,B_hard5
2023-07-10,0.0,101.27504379696495,-0.05360321006208091,B_hard5
2023-07-11,0.0,101.27504379696495,-0.05360321006208091,B_hard5
2023-07-12,0.0,101.27504379696495,-0.05360321006208091,B_hard5
2023-07-13,0.6193587796017547,101.8944025765667,0.0,B_hard5
2023-07-14,0.0,101.8944025765667,0.0,B_hard5
2023-07-15,0.0,101.8944025765667,0.0,B_hard5
2023-07-16,0.0,101.8944025765667,0.0,B_hard5
2023-07-17,0.0,101.8944025765667,0.0,B_hard5
2023-07-18,0.0,101.8944025765667,0.0,B_hard5
2023-07-19,0.0,101.8944025765667,0.0,B_hard5
2023-07-20,0.0,101.8944025765667,0.0,B_hard5
2023-07-21,0.0,101.8944025765667,0.0,B_hard5
2023-07-22,0.0,101.8944025765667,0.0,B_hard5
2023-07-23,0.0,101.8944025765667,0.0,B_hard5
2023-07-24,0.0,101.8944025765667,0.0,B_hard5
2023-07-25,0.0,101.8944025765667,0.0,B_hard5
2023-07-26,0.0,101.8944025765667,0.0,B_hard5
2023-07-27,0.0,101.8944025765667,0.0,B_hard5
2023-07-28,0.0,101.8944025765667,0.0,B_hard5
2023-07-29,0.0,101.8944025765667,0.0,B_hard5
2023-07-30,0.0,101.8944025765667,0.0,B_hard5
2023-07-31,0.0,101.8944025765667,0.0,B_hard5
2023-08-01,0.0,101.8944025765667,0.0,B_hard5
2023-08-02,0.0,101.8944025765667,0.0,B_hard5
2023-08-03,0.0,101.8944025765667,0.0,B_hard5
2023-08-04,0.0,101.8944025765667,0.0,B_hard5
2023-08-05,0.0,101.8944025765667,0.0,B_hard5
2023-08-06,0.0,101.8944025765667,0.0,B_hard5
2023-08-07,0.0,101.8944025765667,0.0,B_hard5
2023-08-08,0.0,101.8944025765667,0.0,B_hard5
2023-08-09,0.0,101.8944025765667,0.0,B_hard5
2023-08-10,-0.01810526315789474,101.87629731340881,-0.01776865333136257,B_hard5
2023-08-11,0.0,101.87629731340881,-0.01776865333136257,B_hard5
2023-08-12,0.0,101.87629731340881,-0.01776865333136257,B_hard5
2023-08-13,0.0,101.87629731340881,-0.01776865333136257,B_hard5
2023-08-14,0.0,101.87629731340881,-0.01776865333136257,B_hard5
2023-08-15,0.0,101.87629731340881,-0.01776865333136257,B_hard5
2023-08-16,0.0,101.87629731340881,-0.01776865333136257,B_hard5
2023-08-17,-0.01810526315789478,101.8581920502509,-0.035537306662736245,B_hard5
2023-08-18,-0.018105263157894774,101.84008678709301,-0.05330595999409882,B_hard5
2023-08-19,0.0,101.84008678709301,-0.05330595999409882,B_hard5
2023-08-20,0.0,101.84008678709301,-0.05330595999409882,B_hard5
2023-08-21,0.0,101.84008678709301,-0.05330595999409882,B_hard5
2023-08-22,0.0,101.84008678709301,-0.05330595999409882,B_hard5
2023-08-23,0.0,101.84008678709301,-0.05330595999409882,B_hard5
2023-08-24,0.0,101.84008678709301,-0.05330595999409882,B_hard5
2023-08-25,0.0,101.84008678709301,-0.05330595999409882,B_hard5
2023-08-26,0.0,101.84008678709301,-0.05330595999409882,B_hard5
2023-08-27,0.0,101.84008678709301,-0.05330595999409882,B_hard5
2023-08-28,0.0,101.84008678709301,-0.05330595999409882,B_hard5
2023-08-29,0.0,101.84008678709301,-0.05330595999409882,B_hard5
2023-08-30,0.0,101.84008678709301,-0.05330595999409882,B_hard5
2023-08-31,0.0,101.84008678709301,-0.05330595999409882,B_hard5
2023-09-01,0.0,101.84008678709301,-0.05330595999409882,B_hard5
2023-09-02,0.0,101.84008678709301,-0.05330595999409882,B_hard5
2023-09-03,0.0,101.84008678709301,-0.05330595999409882,B_hard5
2023-09-04,0.0,101.84008678709301,-0.05330595999409882,B_hard5
2023-09-05,0.0,101.84008678709301,-0.05330595999409882,B_hard5
2023-09-06,0.0,101.84008678709301,-0.05330595999409882,B_hard5
2023-09-07,0.0,101.84008678709301,-0.05330595999409882,B_hard5
2023-09-08,0.0,101.84008678709301,-0.05330595999409882,B_hard5
2023-09-09,0.0,101.84008678709301,-0.05330595999409882,B_hard5
2023-09-10,0.0,101.84008678709301,-0.05330595999409882,B_hard5
2023-09-11,0.0,101.84008678709301,-0.05330595999409882,B_hard5
2023-09-12,0.0,101.84008678709301,-0.05330595999409882,B_hard5
2023-09-13,0.0,101.84008678709301,-0.05330595999409882,B_hard5
2023-09-14,0.0,101.84008678709301,-0.05330595999409882,B_hard5
2023-09-15,0.0,101.84008678709301,-0.05330595999409882,B_hard5
2023-09-16,0.0,101.84008678709301,-0.05330595999409882,B_hard5
2023-09-17,0.0,101.84008678709301,-0.05330595999409882,B_hard5
2023-09-18,0.0,101.84008678709301,-0.05330595999409882,B_hard5
2023-09-19,0.0,101.84008678709301,-0.05330595999409882,B_hard5
2023-09-20,0.0,101.84008678709301,-0.05330595999409882,B_hard5
2023-09-21,0.0,101.84008678709301,-0.05330595999409882,B_hard5
2023-09-22,0.0,101.84008678709301,-0.05330595999409882,B_hard5
2023-09-23,0.0,101.84008678709301,-0.05330595999409882,B_hard5
2023-09-24,0.0,101.84008678709301,-0.05330595999409882,B_hard5
2023-09-25,0.0,101.84008678709301,-0.05330595999409882,B_hard5
2023-09-26,0.0,101.84008678709301,-0.05330595999409882,B_hard5
2023-09-27,0.0,101.84008678709301,-0.05330595999409882,B_hard5
2023-09-28,0.0,101.84008678709301,-0.05330595999409882,B_hard5
2023-09-29,0.0,101.84008678709301,-0.05330595999409882,B_hard5
2023-09-30,0.0,101.84008678709301,-0.05330595999409882,B_hard5
2023-10-01,0.0,101.84008678709301,-0.05330595999409882,B_hard5
2023-10-02,0.0,101.84008678709301,-0.05330595999409882,B_hard5
2023-10-03,0.0,101.84008678709301,-0.05330595999409882,B_hard5
2023-10-04,0.0,101.84008678709301,-0.05330595999409882,B_hard5
2023-10-05,0.0,101.84008678709301,-0.05330595999409882,B_hard5
2023-10-06,0.0,101.84008678709301,-0.05330595999409882,B_hard5
2023-10-07,0.0,101.84008678709301,-0.05330595999409882,B_hard5
2023-10-08,0.0,101.84008678709301,-0.05330595999409882,B_hard5
2023-10-09,0.0,101.84008678709301,-0.05330595999409882,B_hard5
2023-10-10,0.0,101.84008678709301,-0.05330595999409882,B_hard5
2023-10-11,0.0,101.84008678709301,-0.05330595999409882,B_hard5
2023-10-12,0.0,101.84008678709301,-0.05330595999409882,B_hard5
2023-10-13,0.41539434051615043,102.25548112760917,0.0,B_hard5
2023-10-14,0.0,102.25548112760917,0.0,B_hard5
2023-10-15,0.0,102.25548112760917,0.0,B_hard5
2023-10-16,0.0,102.25548112760917,0.0,B_hard5
2023-10-17,0.0,102.25548112760917,0.0,B_hard5
2023-10-18,0.0,102.25548112760917,0.0,B_hard5
2023-10-19,0.0,102.25548112760917,0.0,B_hard5
2023-10-20,0.0,102.25548112760917,0.0,B_hard5
2023-10-21,0.0,102.25548112760917,0.0,B_hard5
2023-10-22,0.0,102.25548112760917,0.0,B_hard5
2023-10-23,0.0,102.25548112760917,0.0,B_hard5
2023-10-24,0.0,102.25548112760917,0.0,B_hard5
2023-10-25,-0.03638813403560852,102.21909299357355,-0.03558550958281392,B_hard5
2023-10-26,-0.10863157894736852,102.11046141462619,-0.1418209678188398,B_hard5
2023-10-27,0.0,102.11046141462619,-0.1418209678188398,B_hard5
2023-10-28,0.0,102.11046141462619,-0.1418209678188398,B_hard5
2023-10-29,0.0,102.11046141462619,-0.1418209678188398,B_hard5
2023-10-30,0.0,102.11046141462619,-0.1418209678188398,B_hard5
2023-10-31,-0.01810526315789477,102.0923561514683,-0.1595268775248404,B_hard5
2023-11-01,-0.018105263157894756,102.0742508883104,-0.17723278723084102,B_hard5
2023-11-02,0.0,102.0742508883104,-0.17723278723084102,B_hard5
2023-11-03,0.0,102.0742508883104,-0.17723278723084102,B_hard5
2023-11-04,0.0,102.0742508883104,-0.17723278723084102,B_hard5
2023-11-05,0.0,102.0742508883104,-0.17723278723084102,B_hard5
2023-11-06,0.0,102.0742508883104,-0.17723278723084102,B_hard5
2023-11-07,0.0,102.0742508883104,-0.17723278723084102,B_hard5
2023-11-08,0.0,102.0742508883104,-0.17723278723084102,B_hard5
2023-11-09,0.0,102.0742508883104,-0.17723278723084102,B_hard5
2023-11-10,0.0,102.0742508883104,-0.17723278723084102,B_hard5
2023-11-11,0.0,102.0742508883104,-0.17723278723084102,B_hard5
2023-11-12,0.0,102.0742508883104,-0.17723278723084102,B_hard5
2023-11-13,0.0,102.0742508883104,-0.17723278723084102,B_hard5
2023-11-14,0.0,102.0742508883104,-0.17723278723084102,B_hard5
2023-11-15,0.0,102.0742508883104,-0.17723278723084102,B_hard5
2023-11-16,0.0,102.0742508883104,-0.17723278723084102,B_hard5
2023-11-17,0.0,102.0742508883104,-0.17723278723084102,B_hard5
2023-11-18,0.0,102.0742508883104,-0.17723278723084102,B_hard5
2023-11-19,0.0,102.0742508883104,-0.17723278723084102,B_hard5
2023-11-20,0.0,102.0742508883104,-0.17723278723084102,B_hard5
2023-11-21,0.0,102.0742508883104,-0.17723278723084102,B_hard5
2023-11-22,0.0,102.0742508883104,-0.17723278723084102,B_hard5
2023-11-23,0.0,102.0742508883104,-0.17723278723084102,B_hard5
2023-11-24,0.0,102.0742508883104,-0.17723278723084102,B_hard5
2023-11-25,0.0,102.0742508883104,-0.17723278723084102,B_hard5
2023-11-26,0.0,102.0742508883104,-0.17723278723084102,B_hard5
2023-11-27,0.0,102.0742508883104,-0.17723278723084102,B_hard5
2023-11-28,0.0,102.0742508883104,-0.17723278723084102,B_hard5
2023-11-29,0.0,102.0742508883104,-0.17723278723084102,B_hard5
2023-11-30,0.0,102.0742508883104,-0.17723278723084102,B_hard5
2023-12-01,0.0,102.0742508883104,-0.17723278723084102,B_hard5
2023-12-02,0.0,102.0742508883104,-0.17723278723084102,B_hard5
2023-12-03,0.0,102.0742508883104,-0.17723278723084102,B_hard5
2023-12-04,0.0,102.0742508883104,-0.17723278723084102,B_hard5
2023-12-05,0.0,102.0742508883104,-0.17723278723084102,B_hard5
2023-12-06,0.0,102.0742508883104,-0.17723278723084102,B_hard5
2023-12-07,0.0,102.0742508883104,-0.17723278723084102,B_hard5
2023-12-08,0.0,102.0742508883104,-0.17723278723084102,B_hard5
2023-12-09,0.0,102.0742508883104,-0.17723278723084102,B_hard5
2023-12-10,0.0,102.0742508883104,-0.17723278723084102,B_hard5
2023-12-11,0.0,102.0742508883104,-0.17723278723084102,B_hard5
2023-12-12,0.0,102.0742508883104,-0.17723278723084102,B_hard5
2023-12-13,0.0,102.0742508883104,-0.17723278723084102,B_hard5
2023-12-14,0.0,102.0742508883104,-0.17723278723084102,B_hard5
2023-12-15,0.0,102.0742508883104,-0.17723278723084102,B_hard5
2023-12-16,0.0,102.0742508883104,-0.17723278723084102,B_hard5
2023-12-17,0.0,102.0742508883104,-0.17723278723084102,B_hard5
2023-12-18,0.0,102.0742508883104,-0.17723278723084102,B_hard5
2023-12-19,0.0,102.0742508883104,-0.17723278723084102,B_hard5
2023-12-20,0.0,102.0742508883104,-0.17723278723084102,B_hard5
2023-12-21,0.0,102.0742508883104,-0.17723278723084102,B_hard5
2023-12-22,0.0,102.0742508883104,-0.17723278723084102,B_hard5
2023-12-23,0.0,102.0742508883104,-0.17723278723084102,B_hard5
2023-12-24,0.0,102.0742508883104,-0.17723278723084102,B_hard5
2023-12-25,0.0,102.0742508883104,-0.17723278723084102,B_hard5
2023-12-26,0.0,102.0742508883104,-0.17723278723084102,B_hard5
2023-12-27,0.0,102.0742508883104,-0.17723278723084102,B_hard5
2023-12-28,0.0,102.0742508883104,-0.17723278723084102,B_hard5
2023-12-29,0.0,102.0742508883104,-0.17723278723084102,B_hard5
2023-12-30,0.0,102.0742508883104,-0.17723278723084102,B_hard5
2023-12-31,0.0,102.0742508883104,-0.17723278723084102,B_hard5
2024-01-01,0.0,102.0742508883104,-0.17723278723084102,B_hard5
2024-01-02,0.0,102.0742508883104,-0.17723278723084102,B_hard5
2024-01-03,0.0,102.0742508883104,-0.17723278723084102,B_hard5
2024-01-04,0.0,102.0742508883104,-0.17723278723084102,B_hard5
2024-01-05,0.0,102.0742508883104,-0.17723278723084102,B_hard5
2024-01-06,0.0,102.0742508883104,-0.17723278723084102,B_hard5
2024-01-07,0.0,102.0742508883104,-0.17723278723084102,B_hard5
2024-01-08,0.0,102.0742508883104,-0.17723278723084102,B_hard5
2024-01-09,0.0,102.0742508883104,-0.17723278723084102,B_hard5
2024-01-10,0.0,102.0742508883104,-0.17723278723084102,B_hard5
2024-01-11,0.0,102.0742508883104,-0.17723278723084102,B_hard5
2024-01-12,0.0,102.0742508883104,-0.17723278723084102,B_hard5
2024-01-13,0.0,102.0742508883104,-0.17723278723084102,B_hard5
2024-01-14,0.0,102.0742508883104,-0.17723278723084102,B_hard5
2024-01-15,0.24030506981993538,102.31455595813034,0.0,B_hard5
2024-01-16,0.0,102.31455595813034,0.0,B_hard5
2024-01-17,-0.022124157836005597,102.29243180029434,-0.021623665986547635,B_hard5
2024-01-18,-0.036210526315789526,102.25622127397854,-0.057015039165764225,B_hard5
2024-01-19,0.0,102.25622127397854,-0.057015039165764225,B_hard5
2024-01-20,0.0,102.25622127397854,-0.057015039165764225,B_hard5
2024-01-21,0.0,102.25622127397854,-0.057015039165764225,B_hard5
2024-01-22,0.0,102.25622127397854,-0.057015039165764225,B_hard5
2024-01-23,-0.03621052631578952,102.22001074766276,-0.09240641234495861,B_hard5
2024-01-24,0.0,102.22001074766276,-0.09240641234495861,B_hard5
2024-01-25,0.0,102.22001074766276,-0.09240641234495861,B_hard5
2024-01-26,0.0,102.22001074766276,-0.09240641234495861,B_hard5
2024-01-27,0.0,102.22001074766276,-0.09240641234495861,B_hard5
2024-01-28,0.0,102.22001074766276,-0.09240641234495861,B_hard5
2024-01-29,0.0,102.22001074766276,-0.09240641234495861,B_hard5
2024-01-30,0.0,102.22001074766276,-0.09240641234495861,B_hard5
2024-01-31,0.0,102.22001074766276,-0.09240641234495861,B_hard5
2024-02-01,0.0,102.22001074766276,-0.09240641234495861,B_hard5
2024-02-02,0.0,102.22001074766276,-0.09240641234495861,B_hard5
2024-02-03,0.0,102.22001074766276,-0.09240641234495861,B_hard5
2024-02-04,0.0,102.22001074766276,-0.09240641234495861,B_hard5
2024-02-05,-0.018105263157894746,102.20190548450486,-0.11010209893456135,B_hard5
2024-02-06,0.0,102.20190548450486,-0.11010209893456135,B_hard5
2024-02-07,0.0,102.20190548450486,-0.11010209893456135,B_hard5
2024-02-08,-0.018105263157894756,102.18380022134696,-0.1277977855241752,B_hard5
2024-02-09,-0.018105263157894742,102.16569495818906,-0.14549347211377794,B_hard5
2024-02-10,0.0,102.16569495818906,-0.14549347211377794,B_hard5
2024-02-11,0.0,102.16569495818906,-0.14549347211377794,B_hard5
2024-02-12,0.0,102.16569495818906,-0.14549347211377794,B_hard5
2024-02-13,0.0,102.16569495818906,-0.14549347211377794,B_hard5
2024-02-14,0.0,102.16569495818906,-0.14549347211377794,B_hard5
2024-02-15,0.0,102.16569495818906,-0.14549347211377794,B_hard5
2024-02-16,0.0,102.16569495818906,-0.14549347211377794,B_hard5
2024-02-17,0.0,102.16569495818906,-0.14549347211377794,B_hard5
2024-02-18,0.0,102.16569495818906,-0.14549347211377794,B_hard5
2024-02-19,0.0,102.16569495818906,-0.14549347211377794,B_hard5
2024-02-20,0.0,102.16569495818906,-0.14549347211377794,B_hard5
2024-02-21,0.0,102.16569495818906,-0.14549347211377794,B_hard5
2024-02-22,0.0,102.16569495818906,-0.14549347211377794,B_hard5
2024-02-23,0.0,102.16569495818906,-0.14549347211377794,B_hard5
2024-02-24,0.0,102.16569495818906,-0.14549347211377794,B_hard5
2024-02-25,0.0,102.16569495818906,-0.14549347211377794,B_hard5
2024-02-26,0.0,102.16569495818906,-0.14549347211377794,B_hard5
2024-02-27,0.0,102.16569495818906,-0.14549347211377794,B_hard5
2024-02-28,0.0,102.16569495818906,-0.14549347211377794,B_hard5
2024-02-29,0.0,102.16569495818906,-0.14549347211377794,B_hard5
2024-03-01,0.0,102.16569495818906,-0.14549347211377794,B_hard5
2024-03-02,0.0,102.16569495818906,-0.14549347211377794,B_hard5
2024-03-03,0.0,102.16569495818906,-0.14549347211377794,B_hard5
2024-03-04,0.0,102.16569495818906,-0.14549347211377794,B_hard5
2024-03-05,0.0,102.16569495818906,-0.14549347211377794,B_hard5
2024-03-06,0.0,102.16569495818906,-0.14549347211377794,B_hard5
2024-03-07,0.0,102.16569495818906,-0.14549347211377794,B_hard5
2024-03-08,0.0,102.16569495818906,-0.14549347211377794,B_hard5
2024-03-09,0.0,102.16569495818906,-0.14549347211377794,B_hard5
2024-03-10,0.0,102.16569495818906,-0.14549347211377794,B_hard5
2024-03-11,0.0,102.16569495818906,-0.14549347211377794,B_hard5
2024-03-12,0.0,102.16569495818906,-0.14549347211377794,B_hard5
2024-03-13,0.0,102.16569495818906,-0.14549347211377794,B_hard5
2024-03-14,0.0,102.16569495818906,-0.14549347211377794,B_hard5
2024-03-15,0.0,102.16569495818906,-0.14549347211377794,B_hard5
2024-03-16,0.0,102.16569495818906,-0.14549347211377794,B_hard5
2024-03-17,0.0,102.16569495818906,-0.14549347211377794,B_hard5
2024-03-18,0.0,102.16569495818906,-0.14549347211377794,B_hard5
2024-03-19,0.0,102.16569495818906,-0.14549347211377794,B_hard5
2024-03-20,0.0,102.16569495818906,-0.14549347211377794,B_hard5
2024-03-21,0.0,102.16569495818906,-0.14549347211377794,B_hard5
2024-03-22,0.0,102.16569495818906,-0.14549347211377794,B_hard5
2024-03-23,0.0,102.16569495818906,-0.14549347211377794,B_hard5
2024-03-24,0.0,102.16569495818906,-0.14549347211377794,B_hard5
2024-03-25,0.0,102.16569495818906,-0.14549347211377794,B_hard5
2024-03-26,0.0,102.16569495818906,-0.14549347211377794,B_hard5
2024-03-27,0.0,102.16569495818906,-0.14549347211377794,B_hard5
2024-03-28,0.0,102.16569495818906,-0.14549347211377794,B_hard5
2024-03-29,0.0,102.16569495818906,-0.14549347211377794,B_hard5
2024-03-30,0.0,102.16569495818906,-0.14549347211377794,B_hard5
2024-03-31,0.0,102.16569495818906,-0.14549347211377794,B_hard5
2024-04-01,0.0,102.16569495818906,-0.14549347211377794,B_hard5
2024-04-02,0.0,102.16569495818906,-0.14549347211377794,B_hard5
2024-04-03,0.0,102.16569495818906,-0.14549347211377794,B_hard5
2024-04-04,0.0,102.16569495818906,-0.14549347211377794,B_hard5
2024-04-05,0.0,102.16569495818906,-0.14549347211377794,B_hard5
2024-04-06,0.0,102.16569495818906,-0.14549347211377794,B_hard5
2024-04-07,0.0,102.16569495818906,-0.14549347211377794,B_hard5
2024-04-08,0.0,102.16569495818906,-0.14549347211377794,B_hard5
2024-04-09,0.0,102.16569495818906,-0.14549347211377794,B_hard5
2024-04-10,0.0,102.16569495818906,-0.14549347211377794,B_hard5
2024-04-11,0.0,102.16569495818906,-0.14549347211377794,B_hard5
2024-04-12,0.0,102.16569495818906,-0.14549347211377794,B_hard5
2024-04-13,0.0,102.16569495818906,-0.14549347211377794,B_hard5
2024-04-14,0.0,102.16569495818906,-0.14549347211377794,B_hard5
2024-04-15,-0.01810526315789474,102.14758969503117,-0.1631891587033807,B_hard5
2024-04-16,0.0,102.14758969503117,-0.1631891587033807,B_hard5
2024-04-17,0.0,102.14758969503117,-0.1631891587033807,B_hard5
2024-04-18,0.21160157110366523,102.35919126613484,0.0,B_hard5
2024-04-19,0.0,102.35919126613484,0.0,B_hard5
2024-04-20,0.0,102.35919126613484,0.0,B_hard5
2024-04-21,0.0,102.35919126613484,0.0,B_hard5
2024-04-22,0.0,102.35919126613484,0.0,B_hard5
2024-04-23,0.0,102.35919126613484,0.0,B_hard5
2024-04-24,0.0,102.35919126613484,0.0,B_hard5
2024-04-25,-0.024470343341212997,102.33472092279362,-0.02390634689326543,B_hard5
2024-04-26,0.0,102.33472092279362,-0.02390634689326543,B_hard5
2024-04-27,0.0,102.33472092279362,-0.02390634689326543,B_hard5
2024-04-28,0.0,102.33472092279362,-0.02390634689326543,B_hard5
2024-04-29,0.0,102.33472092279362,-0.02390634689326543,B_hard5
2024-04-30,0.0,102.33472092279362,-0.02390634689326543,B_hard5
2024-05-01,0.0,102.33472092279362,-0.02390634689326543,B_hard5
2024-05-02,0.0,102.33472092279362,-0.02390634689326543,B_hard5
2024-05-03,0.0,102.33472092279362,-0.02390634689326543,B_hard5
2024-05-04,0.0,102.33472092279362,-0.02390634689326543,B_hard5
2024-05-05,0.0,102.33472092279362,-0.02390634689326543,B_hard5
2024-05-06,0.0,102.33472092279362,-0.02390634689326543,B_hard5
2024-05-07,0.0,102.33472092279362,-0.02390634689326543,B_hard5
2024-05-08,0.0,102.33472092279362,-0.02390634689326543,B_hard5
2024-05-09,-0.01810526315789474,102.31661565963573,-0.041594317005122505,B_hard5
2024-05-10,0.0,102.31661565963573,-0.041594317005122505,B_hard5
2024-05-11,0.0,102.31661565963573,-0.041594317005122505,B_hard5
2024-05-12,0.0,102.31661565963573,-0.041594317005122505,B_hard5
2024-05-13,-0.01810526315789477,102.29851039647784,-0.05928228711697958,B_hard5
2024-05-14,0.0,102.29851039647784,-0.05928228711697958,B_hard5
2024-05-15,0.0,102.29851039647784,-0.05928228711697958,B_hard5
2024-05-16,0.0,102.29851039647784,-0.05928228711697958,B_hard5
2024-05-17,0.0,102.29851039647784,-0.05928228711697958,B_hard5
2024-05-18,0.0,102.29851039647784,-0.05928228711697958,B_hard5
2024-05-19,0.0,102.29851039647784,-0.05928228711697958,B_hard5
2024-05-20,0.0,102.29851039647784,-0.05928228711697958,B_hard5
2024-05-21,0.0,102.29851039647784,-0.05928228711697958,B_hard5
2024-05-22,0.0,102.29851039647784,-0.05928228711697958,B_hard5
2024-05-23,0.0,102.29851039647784,-0.05928228711697958,B_hard5
2024-05-24,0.0,102.29851039647784,-0.05928228711697958,B_hard5
2024-05-25,0.0,102.29851039647784,-0.05928228711697958,B_hard5
2024-05-26,0.0,102.29851039647784,-0.05928228711697958,B_hard5
2024-05-27,0.0,102.29851039647784,-0.05928228711697958,B_hard5
2024-05-28,0.0,102.29851039647784,-0.05928228711697958,B_hard5
2024-05-29,0.0,102.29851039647784,-0.05928228711697958,B_hard5
2024-05-30,0.0,102.29851039647784,-0.05928228711697958,B_hard5
2024-05-31,-0.03621052631578954,102.26229987016205,-0.09465822734069373,B_hard5
2024-06-01,0.0,102.26229987016205,-0.09465822734069373,B_hard5
2024-06-02,0.0,102.26229987016205,-0.09465822734069373,B_hard5
2024-06-03,0.0,102.26229987016205,-0.09465822734069373,B_hard5
2024-06-04,-0.05431578947368422,102.20798408068836,-0.14772213767627607,B_hard5
2024-06-05,0.0,102.20798408068836,-0.14772213767627607,B_hard5
2024-06-06,0.0,102.20798408068836,-0.14772213767627607,B_hard5
2024-06-07,0.0,102.20798408068836,-0.14772213767627607,B_hard5
2024-06-08,0.0,102.20798408068836,-0.14772213767627607,B_hard5
2024-06-09,0.0,102.20798408068836,-0.14772213767627607,B_hard5
2024-06-10,0.0,102.20798408068836,-0.14772213767627607,B_hard5
2024-06-11,0.0,102.20798408068836,-0.14772213767627607,B_hard5
2024-06-12,0.0,102.20798408068836,-0.14772213767627607,B_hard5
2024-06-13,0.0,102.20798408068836,-0.14772213767627607,B_hard5
2024-06-14,0.0,102.20798408068836,-0.14772213767627607,B_hard5
2024-06-15,0.0,102.20798408068836,-0.14772213767627607,B_hard5
2024-06-16,0.0,102.20798408068836,-0.14772213767627607,B_hard5
2024-06-17,0.0,102.20798408068836,-0.14772213767627607,B_hard5
2024-06-18,0.0,102.20798408068836,-0.14772213767627607,B_hard5
2024-06-19,0.0,102.20798408068836,-0.14772213767627607,B_hard5
2024-06-20,0.0,102.20798408068836,-0.14772213767627607,B_hard5
2024-06-21,0.0,102.20798408068836,-0.14772213767627607,B_hard5
2024-06-22,0.0,102.20798408068836,-0.14772213767627607,B_hard5
2024-06-23,0.0,102.20798408068836,-0.14772213767627607,B_hard5
2024-06-24,0.0,102.20798408068836,-0.14772213767627607,B_hard5
2024-06-25,0.0,102.20798408068836,-0.14772213767627607,B_hard5
2024-06-26,0.0,102.20798408068836,-0.14772213767627607,B_hard5
2024-06-27,0.0,102.20798408068836,-0.14772213767627607,B_hard5
2024-06-28,0.0,102.20798408068836,-0.14772213767627607,B_hard5
2024-06-29,0.0,102.20798408068836,-0.14772213767627607,B_hard5
2024-06-30,0.0,102.20798408068836,-0.14772213767627607,B_hard5
2024-07-01,0.0,102.20798408068836,-0.14772213767627607,B_hard5
2024-07-02,0.0,102.20798408068836,-0.14772213767627607,B_hard5
2024-07-03,0.0,102.20798408068836,-0.14772213767627607,B_hard5
2024-07-04,0.0,102.20798408068836,-0.14772213767627607,B_hard5
2024-07-05,0.0,102.20798408068836,-0.14772213767627607,B_hard5
2024-07-06,0.0,102.20798408068836,-0.14772213767627607,B_hard5
2024-07-07,0.0,102.20798408068836,-0.14772213767627607,B_hard5
2024-07-08,0.0,102.20798408068836,-0.14772213767627607,B_hard5
2024-07-09,0.0,102.20798408068836,-0.14772213767627607,B_hard5
2024-07-10,0.0,102.20798408068836,-0.14772213767627607,B_hard5
2024-07-11,0.0,102.20798408068836,-0.14772213767627607,B_hard5
2024-07-12,0.0,102.20798408068836,-0.14772213767627607,B_hard5
2024-07-13,0.0,102.20798408068836,-0.14772213767627607,B_hard5
2024-07-14,0.0,102.20798408068836,-0.14772213767627607,B_hard5
2024-07-15,0.0,102.20798408068836,-0.14772213767627607,B_hard5
2024-07-16,0.0,102.20798408068836,-0.14772213767627607,B_hard5
2024-07-17,0.0,102.20798408068836,-0.14772213767627607,B_hard5
2024-07-18,0.0,102.20798408068836,-0.14772213767627607,B_hard5
2024-07-19,0.41847180168532316,102.62645588237369,0.0,B_hard5
2024-07-20,0.0,102.62645588237369,0.0,B_hard5
2024-07-21,0.0,102.62645588237369,0.0,B_hard5
2024-07-22,0.0,102.62645588237369,0.0,B_hard5
2024-07-23,0.0,102.62645588237369,0.0,B_hard5
2024-07-24,0.0,102.62645588237369,0.0,B_hard5
2024-07-25,0.0,102.62645588237369,0.0,B_hard5
2024-07-26,0.0,102.62645588237369,0.0,B_hard5
2024-07-27,0.0,102.62645588237369,0.0,B_hard5
2024-07-28,0.0,102.62645588237369,0.0,B_hard5
2024-07-29,0.0,102.62645588237369,0.0,B_hard5
2024-07-30,0.0,102.62645588237369,0.0,B_hard5
2024-07-31,0.0,102.62645588237369,0.0,B_hard5
2024-08-01,0.0,102.62645588237369,0.0,B_hard5
2024-08-02,0.0,102.62645588237369,0.0,B_hard5
2024-08-03,0.0,102.62645588237369,0.0,B_hard5
2024-08-04,0.0,102.62645588237369,0.0,B_hard5
2024-08-05,-0.01810526315789473,102.60835061921578,-0.017641906272836128,B_hard5
2024-08-06,0.0,102.60835061921578,-0.017641906272836128,B_hard5
2024-08-07,-0.01810526315789475,102.59024535605789,-0.035283812545672255,B_hard5
2024-08-08,0.0,102.59024535605789,-0.035283812545672255,B_hard5
2024-08-09,0.0,102.59024535605789,-0.035283812545672255,B_hard5
2024-08-10,0.0,102.59024535605789,-0.035283812545672255,B_hard5
2024-08-11,0.0,102.59024535605789,-0.035283812545672255,B_hard5
2024-08-12,0.0,102.59024535605789,-0.035283812545672255,B_hard5
2024-08-13,0.0,102.59024535605789,-0.035283812545672255,B_hard5
2024-08-14,0.0,102.59024535605789,-0.035283812545672255,B_hard5
2024-08-15,0.0,102.59024535605789,-0.035283812545672255,B_hard5
2024-08-16,0.0,102.59024535605789,-0.035283812545672255,B_hard5
2024-08-17,0.0,102.59024535605789,-0.035283812545672255,B_hard5
2024-08-18,0.0,102.59024535605789,-0.035283812545672255,B_hard5
2024-08-19,0.0,102.59024535605789,-0.035283812545672255,B_hard5
2024-08-20,0.0,102.59024535605789,-0.035283812545672255,B_hard5
2024-08-21,0.0,102.59024535605789,-0.035283812545672255,B_hard5
2024-08-22,0.0,102.59024535605789,-0.035283812545672255,B_hard5
2024-08-23,0.0,102.59024535605789,-0.035283812545672255,B_hard5
2024-08-24,0.0,102.59024535605789,-0.035283812545672255,B_hard5
2024-08-25,0.0,102.59024535605789,-0.035283812545672255,B_hard5
2024-08-26,0.0,102.59024535605789,-0.035283812545672255,B_hard5
2024-08-27,0.0,102.59024535605789,-0.035283812545672255,B_hard5
2024-08-28,0.0,102.59024535605789,-0.035283812545672255,B_hard5
2024-08-29,0.0,102.59024535605789,-0.035283812545672255,B_hard5
2024-08-30,0.0,102.59024535605789,-0.035283812545672255,B_hard5
2024-08-31,0.0,102.59024535605789,-0.035283812545672255,B_hard5
2024-09-01,0.0,102.59024535605789,-0.035283812545672255,B_hard5
2024-09-02,0.0,102.59024535605789,-0.035283812545672255,B_hard5
2024-09-03,0.0,102.59024535605789,-0.035283812545672255,B_hard5
2024-09-04,0.0,102.59024535605789,-0.035283812545672255,B_hard5
2024-09-05,0.0,102.59024535605789,-0.035283812545672255,B_hard5
2024-09-06,0.0,102.59024535605789,-0.035283812545672255,B_hard5
2024-09-07,0.0,102.59024535605789,-0.035283812545672255,B_hard5
2024-09-08,0.0,102.59024535605789,-0.035283812545672255,B_hard5
2024-09-09,0.0,102.59024535605789,-0.035283812545672255,B_hard5
2024-09-10,0.0,102.59024535605789,-0.035283812545672255,B_hard5
2024-09-11,0.0,102.59024535605789,-0.035283812545672255,B_hard5
2024-09-12,0.0,102.59024535605789,-0.035283812545672255,B_hard5
2024-09-13,0.0,102.59024535605789,-0.035283812545672255,B_hard5
2024-09-14,0.0,102.59024535605789,-0.035283812545672255,B_hard5
2024-09-15,0.0,102.59024535605789,-0.035283812545672255,B_hard5
2024-09-16,0.0,102.59024535605789,-0.035283812545672255,B_hard5
2024-09-17,0.0,102.59024535605789,-0.035283812545672255,B_hard5
2024-09-18,0.0,102.59024535605789,-0.035283812545672255,B_hard5
2024-09-19,0.0,102.59024535605789,-0.035283812545672255,B_hard5
2024-09-20,0.0,102.59024535605789,-0.035283812545672255,B_hard5
2024-09-21,0.0,102.59024535605789,-0.035283812545672255,B_hard5
2024-09-22,0.0,102.59024535605789,-0.035283812545672255,B_hard5
2024-09-23,0.0,102.59024535605789,-0.035283812545672255,B_hard5
2024-09-24,0.0,102.59024535605789,-0.035283812545672255,B_hard5
2024-09-25,0.0,102.59024535605789,-0.035283812545672255,B_hard5
2024-09-26,0.0,102.59024535605789,-0.035283812545672255,B_hard5
2024-09-27,0.0,102.59024535605789,-0.035283812545672255,B_hard5
2024-09-28,0.0,102.59024535605789,-0.035283812545672255,B_hard5
2024-09-29,0.0,102.59024535605789,-0.035283812545672255,B_hard5
2024-09-30,0.0,102.59024535605789,-0.035283812545672255,B_hard5
2024-10-01,0.0,102.59024535605789,-0.035283812545672255,B_hard5
2024-10-02,0.0,102.59024535605789,-0.035283812545672255,B_hard5
2024-10-03,0.0,102.59024535605789,-0.035283812545672255,B_hard5
2024-10-04,0.0,102.59024535605789,-0.035283812545672255,B_hard5
2024-10-05,0.0,102.59024535605789,-0.035283812545672255,B_hard5
2024-10-06,0.0,102.59024535605789,-0.035283812545672255,B_hard5
2024-10-07,0.0,102.59024535605789,-0.035283812545672255,B_hard5
2024-10-08,0.0,102.59024535605789,-0.035283812545672255,B_hard5
2024-10-09,0.0,102.59024535605789,-0.035283812545672255,B_hard5
2024-10-10,0.0,102.59024535605789,-0.035283812545672255,B_hard5
2024-10-11,0.0,102.59024535605789,-0.035283812545672255,B_hard5
2024-10-12,0.0,102.59024535605789,-0.035283812545672255,B_hard5
2024-10-13,0.0,102.59024535605789,-0.035283812545672255,B_hard5
2024-10-14,0.0,102.59024535605789,-0.035283812545672255,B_hard5
2024-10-15,0.0,102.59024535605789,-0.035283812545672255,B_hard5
2024-10-16,-0.01829120588753398,102.57195415017036,-0.053106902830013514,B_hard5
2024-10-17,0.0,102.57195415017036,-0.053106902830013514,B_hard5
2024-10-18,0.24074140472147698,102.81269555489183,0.0,B_hard5
2024-10-19,0.0,102.81269555489183,0.0,B_hard5
2024-10-20,0.0,102.81269555489183,0.0,B_hard5
2024-10-21,-0.01810526315789476,102.79459029173394,-0.017609948907748585,B_hard5
2024-10-22,-0.018105263157894763,102.77648502857605,-0.03521989781548607,B_hard5
2024-10-23,0.0,102.77648502857605,-0.03521989781548607,B_hard5
2024-10-24,-0.018105263157894725,102.75837976541816,-0.05282984672323465,B_hard5
2024-10-25,-0.05431578947368426,102.70406397594446,-0.10565969344648041,B_hard5
2024-10-26,0.0,102.70406397594446,-0.10565969344648041,B_hard5
2024-10-27,0.0,102.70406397594446,-0.10565969344648041,B_hard5
2024-10-28,0.0,102.70406397594446,-0.10565969344648041,B_hard5
2024-10-29,-0.018105263157894753,102.68595871278657,-0.12326964235422899,B_hard5
2024-10-30,0.0,102.68595871278657,-0.12326964235422899,B_hard5
2024-10-31,-0.01810526315789474,102.66785344962868,-0.14087959126197758,B_hard5
2024-11-01,0.0,102.66785344962868,-0.14087959126197758,B_hard5
2024-11-02,0.0,102.66785344962868,-0.14087959126197758,B_hard5
2024-11-03,0.0,102.66785344962868,-0.14087959126197758,B_hard5
2024-11-04,-0.03621052631578951,102.6316429233129,-0.17609948907746364,B_hard5
2024-11-05,0.0,102.6316429233129,-0.17609948907746364,B_hard5
2024-11-06,0.0,102.6316429233129,-0.17609948907746364,B_hard5
2024-11-07,-0.018105263157894746,102.61353766015499,-0.19370943798522333,B_hard5
2024-11-08,0.0,102.61353766015499,-0.19370943798522333,B_hard5
2024-11-09,0.0,102.61353766015499,-0.19370943798522333,B_hard5
2024-11-10,0.0,102.61353766015499,-0.19370943798522333,B_hard5
2024-11-11,0.0,102.61353766015499,-0.19370943798522333,B_hard5
2024-11-12,0.0,102.61353766015499,-0.19370943798522333,B_hard5
2024-11-13,-0.01810526315789477,102.5954323969971,-0.21131938689297192,B_hard5
2024-11-14,-0.01810526315789474,102.5773271338392,-0.2289293358007205,B_hard5
2024-11-15,0.0,102.5773271338392,-0.2289293358007205,B_hard5
2024-11-16,0.0,102.5773271338392,-0.2289293358007205,B_hard5
2024-11-17,0.0,102.5773271338392,-0.2289293358007205,B_hard5
2024-11-18,0.0,102.5773271338392,-0.2289293358007205,B_hard5
2024-11-19,0.0,102.5773271338392,-0.2289293358007205,B_hard5
2024-11-20,0.0,102.5773271338392,-0.2289293358007205,B_hard5
2024-11-21,-0.01861804463183619,102.55870908920737,-0.24703803777701427,B_hard5
2024-11-22,0.0,102.55870908920737,-0.24703803777701427,B_hard5
2024-11-23,0.0,102.55870908920737,-0.24703803777701427,B_hard5
2024-11-24,0.0,102.55870908920737,-0.24703803777701427,B_hard5
2024-11-25,0.0,102.55870908920737,-0.24703803777701427,B_hard5
2024-11-26,0.0,102.55870908920737,-0.24703803777701427,B_hard5
2024-11-27,0.0,102.55870908920737,-0.24703803777701427,B_hard5
2024-11-28,0.0,102.55870908920737,-0.24703803777701427,B_hard5
2024-11-29,0.0,102.55870908920737,-0.24703803777701427,B_hard5
2024-11-30,0.0,102.55870908920737,-0.24703803777701427,B_hard5
2024-12-01,0.0,102.55870908920737,-0.24703803777701427,B_hard5
2024-12-02,0.0,102.55870908920737,-0.24703803777701427,B_hard5
2024-12-03,0.0,102.55870908920737,-0.24703803777701427,B_hard5
2024-12-04,0.0,102.55870908920737,-0.24703803777701427,B_hard5
2024-12-05,0.0,102.55870908920737,-0.24703803777701427,B_hard5
2024-12-06,0.0,102.55870908920737,-0.24703803777701427,B_hard5
2024-12-07,0.0,102.55870908920737,-0.24703803777701427,B_hard5
2024-12-08,0.0,102.55870908920737,-0.24703803777701427,B_hard5
2024-12-09,0.0,102.55870908920737,-0.24703803777701427,B_hard5
2024-12-10,0.0,102.55870908920737,-0.24703803777701427,B_hard5
2024-12-11,0.0,102.55870908920737,-0.24703803777701427,B_hard5
2024-12-12,0.0,102.55870908920737,-0.24703803777701427,B_hard5
2024-12-13,0.0,102.55870908920737,-0.24703803777701427,B_hard5
2024-12-14,0.0,102.55870908920737,-0.24703803777701427,B_hard5
2024-12-15,0.0,102.55870908920737,-0.24703803777701427,B_hard5
2024-12-16,0.0,102.55870908920737,-0.24703803777701427,B_hard5
2024-12-17,0.0,102.55870908920737,-0.24703803777701427,B_hard5
2024-12-18,0.0,102.55870908920737,-0.24703803777701427,B_hard5
2024-12-19,0.0,102.55870908920737,-0.24703803777701427,B_hard5
2024-12-20,0.0,102.55870908920737,-0.24703803777701427,B_hard5
2024-12-21,0.0,102.55870908920737,-0.24703803777701427,B_hard5
2024-12-22,0.0,102.55870908920737,-0.24703803777701427,B_hard5
2024-12-23,0.0,102.55870908920737,-0.24703803777701427,B_hard5
2024-12-24,0.0,102.55870908920737,-0.24703803777701427,B_hard5
2024-12-25,0.0,102.55870908920737,-0.24703803777701427,B_hard5
2024-12-26,0.0,102.55870908920737,-0.24703803777701427,B_hard5
2024-12-27,0.0,102.55870908920737,-0.24703803777701427,B_hard5
2024-12-28,0.0,102.55870908920737,-0.24703803777701427,B_hard5
2024-12-29,0.0,102.55870908920737,-0.24703803777701427,B_hard5
2024-12-30,0.0,102.55870908920737,-0.24703803777701427,B_hard5
2024-12-31,0.0,102.55870908920737,-0.24703803777701427,B_hard5
2025-01-01,0.0,102.55870908920737,-0.24703803777701427,B_hard5
2025-01-02,0.0,102.55870908920737,-0.24703803777701427,B_hard5
2025-01-03,0.0,102.55870908920737,-0.24703803777701427,B_hard5
2025-01-04,0.0,102.55870908920737,-0.24703803777701427,B_hard5
2025-01-05,0.0,102.55870908920737,-0.24703803777701427,B_hard5
2025-01-06,0.0,102.55870908920737,-0.24703803777701427,B_hard5
2025-01-07,0.0,102.55870908920737,-0.24703803777701427,B_hard5
2025-01-08,0.0,102.55870908920737,-0.24703803777701427,B_hard5
2025-01-09,0.0,102.55870908920737,-0.24703803777701427,B_hard5
2025-01-10,0.0,102.55870908920737,-0.24703803777701427,B_hard5
2025-01-11,0.0,102.55870908920737,-0.24703803777701427,B_hard5
2025-01-12,0.0,102.55870908920737,-0.24703803777701427,B_hard5
2025-01-13,0.0,102.55870908920737,-0.24703803777701427,B_hard5
2025-01-14,0.0,102.55870908920737,-0.24703803777701427,B_hard5
2025-01-15,0.0,102.55870908920737,-0.24703803777701427,B_hard5
2025-01-16,0.0,102.55870908920737,-0.24703803777701427,B_hard5
2025-01-17,0.0,102.55870908920737,-0.24703803777701427,B_hard5
2025-01-18,0.0,102.55870908920737,-0.24703803777701427,B_hard5
2025-01-19,0.0,102.55870908920737,-0.24703803777701427,B_hard5
2025-01-20,0.011277424710479707,102.56998651391785,-0.23606913490989978,B_hard5
2025-01-21,0.0,102.56998651391785,-0.23606913490989978,B_hard5
2025-01-22,0.0,102.56998651391785,-0.23606913490989978,B_hard5
2025-01-23,0.0,102.56998651391785,-0.23606913490989978,B_hard5
2025-01-24,-0.020067303437308635,102.54991921048054,-0.25558744763286567,B_hard5
2025-01-25,0.0,102.54991921048054,-0.25558744763286567,B_hard5
2025-01-26,0.0,102.54991921048054,-0.25558744763286567,B_hard5
2025-01-27,-0.036500135397285235,102.51341907508325,-0.2910890315572012,B_hard5
2025-01-28,0.0,102.51341907508325,-0.2910890315572012,B_hard5
2025-01-29,0.0,102.51341907508325,-0.2910890315572012,B_hard5
2025-01-30,0.0,102.51341907508325,-0.2910890315572012,B_hard5
2025-01-31,0.0,102.51341907508325,-0.2910890315572012,B_hard5
2025-02-01,0.0,102.51341907508325,-0.2910890315572012,B_hard5
2025-02-02,0.0,102.51341907508325,-0.2910890315572012,B_hard5
2025-02-03,0.0,102.51341907508325,-0.2910890315572012,B_hard5
2025-02-04,0.0,102.51341907508325,-0.2910890315572012,B_hard5
2025-02-05,0.0,102.51341907508325,-0.2910890315572012,B_hard5
2025-02-06,0.0,102.51341907508325,-0.2910890315572012,B_hard5
2025-02-07,0.0,102.51341907508325,-0.2910890315572012,B_hard5
2025-02-08,0.0,102.51341907508325,-0.2910890315572012,B_hard5
2025-02-09,0.0,102.51341907508325,-0.2910890315572012,B_hard5
2025-02-10,0.0,102.51341907508325,-0.2910890315572012,B_hard5
2025-02-11,-0.01810526315789476,102.49531381192536,-0.3086989804649387,B_hard5
2025-02-12,-0.0745574193651825,102.42075639256018,-0.3812166972340436,B_hard5
2025-02-13,0.0,102.42075639256018,-0.3812166972340436,B_hard5
2025-02-14,0.0,102.42075639256018,-0.3812166972340436,B_hard5
2025-02-15,0.0,102.42075639256018,-0.3812166972340436,B_hard5
2025-02-16,0.0,102.42075639256018,-0.3812166972340436,B_hard5
2025-02-17,-0.01960331895509534,102.40115307360509,-0.40028371891779324,B_hard5
2025-02-18,0.0,102.40115307360509,-0.40028371891779324,B_hard5
2025-02-19,0.0,102.40115307360509,-0.40028371891779324,B_hard5
2025-02-20,0.0,102.40115307360509,-0.40028371891779324,B_hard5
2025-02-21,0.0,102.40115307360509,-0.40028371891779324,B_hard5
2025-02-22,0.0,102.40115307360509,-0.40028371891779324,B_hard5
2025-02-23,0.0,102.40115307360509,-0.40028371891779324,B_hard5
2025-02-24,0.0,102.40115307360509,-0.40028371891779324,B_hard5
2025-02-25,0.0,102.40115307360509,-0.40028371891779324,B_hard5
2025-02-26,0.0,102.40115307360509,-0.40028371891779324,B_hard5
2025-02-27,0.0,102.40115307360509,-0.40028371891779324,B_hard5
2025-02-28,-0.03621052631578946,102.36494254728929,-0.4355036167332904,B_hard5
2025-03-01,0.0,102.36494254728929,-0.4355036167332904,B_hard5
2025-03-02,0.0,102.36494254728929,-0.4355036167332904,B_hard5
2025-03-03,0.0,102.36494254728929,-0.4355036167332904,B_hard5
2025-03-04,0.0,102.36494254728929,-0.4355036167332904,B_hard5
2025-03-05,0.0,102.36494254728929,-0.4355036167332904,B_hard5
2025-03-06,0.0,102.36494254728929,-0.4355036167332904,B_hard5
2025-03-07,0.0,102.36494254728929,-0.4355036167332904,B_hard5
2025-03-08,0.0,102.36494254728929,-0.4355036167332904,B_hard5
2025-03-09,0.0,102.36494254728929,-0.4355036167332904,B_hard5
2025-03-10,0.0,102.36494254728929,-0.4355036167332904,B_hard5
2025-03-11,0.0,102.36494254728929,-0.4355036167332904,B_hard5
2025-03-12,0.0,102.36494254728929,-0.4355036167332904,B_hard5
2025-03-13,0.0,102.36494254728929,-0.4355036167332904,B_hard5
2025-03-14,0.0,102.36494254728929,-0.4355036167332904,B_hard5
2025-03-15,0.0,102.36494254728929,-0.4355036167332904,B_hard5
2025-03-16,0.0,102.36494254728929,-0.4355036167332904,B_hard5
2025-03-17,0.0,102.36494254728929,-0.4355036167332904,B_hard5
2025-03-18,0.0,102.36494254728929,-0.4355036167332904,B_hard5
2025-03-19,0.0,102.36494254728929,-0.4355036167332904,B_hard5
2025-03-20,0.0,102.36494254728929,-0.4355036167332904,B_hard5
2025-03-21,0.0,102.36494254728929,-0.4355036167332904,B_hard5
2025-03-22,0.0,102.36494254728929,-0.4355036167332904,B_hard5
2025-03-23,0.0,102.36494254728929,-0.4355036167332904,B_hard5
2025-03-24,0.0,102.36494254728929,-0.4355036167332904,B_hard5
2025-03-25,0.0,102.36494254728929,-0.4355036167332904,B_hard5
2025-03-26,0.0,102.36494254728929,-0.4355036167332904,B_hard5
2025-03-27,0.0,102.36494254728929,-0.4355036167332904,B_hard5
2025-03-28,0.0,102.36494254728929,-0.4355036167332904,B_hard5
2025-03-29,0.0,102.36494254728929,-0.4355036167332904,B_hard5
2025-03-30,0.0,102.36494254728929,-0.4355036167332904,B_hard5
2025-03-31,0.0,102.36494254728929,-0.4355036167332904,B_hard5
2025-04-01,0.0,102.36494254728929,-0.4355036167332904,B_hard5
2025-04-02,0.0,102.36494254728929,-0.4355036167332904,B_hard5
2025-04-03,0.0,102.36494254728929,-0.4355036167332904,B_hard5
2025-04-04,0.0,102.36494254728929,-0.4355036167332904,B_hard5
2025-04-05,0.0,102.36494254728929,-0.4355036167332904,B_hard5
2025-04-06,0.0,102.36494254728929,-0.4355036167332904,B_hard5
2025-04-07,0.0,102.36494254728929,-0.4355036167332904,B_hard5
2025-04-08,0.0,102.36494254728929,-0.4355036167332904,B_hard5
2025-04-09,0.0,102.36494254728929,-0.4355036167332904,B_hard5
2025-04-10,0.0,102.36494254728929,-0.4355036167332904,B_hard5
2025-04-11,0.0,102.36494254728929,-0.4355036167332904,B_hard5
2025-04-12,0.0,102.36494254728929,-0.4355036167332904,B_hard5
2025-04-13,0.0,102.36494254728929,-0.4355036167332904,B_hard5
2025-04-14,0.0,102.36494254728929,-0.4355036167332904,B_hard5
2025-04-15,0.0,102.36494254728929,-0.4355036167332904,B_hard5
2025-04-16,0.0,102.36494254728929,-0.4355036167332904,B_hard5
2025-04-17,0.0,102.36494254728929,-0.4355036167332904,B_hard5
2025-04-18,0.0,102.36494254728929,-0.4355036167332904,B_hard5
2025-04-19,0.0,102.36494254728929,-0.4355036167332904,B_hard5
2025-04-20,0.0,102.36494254728929,-0.4355036167332904,B_hard5
2025-04-21,0.0,102.36494254728929,-0.4355036167332904,B_hard5
2025-04-22,0.0,102.36494254728929,-0.4355036167332904,B_hard5
2025-04-23,0.0,102.36494254728929,-0.4355036167332904,B_hard5
2025-04-24,0.1809375652670015,102.54588011255629,-0.25951604604422807,B_hard5
2025-04-25,0.0,102.54588011255629,-0.25951604604422807,B_hard5
2025-04-26,0.0,102.54588011255629,-0.25951604604422807,B_hard5
2025-04-27,0.0,102.54588011255629,-0.25951604604422807,B_hard5
2025-04-28,-0.01810526315789476,102.5277748493984,-0.27712599495196555,B_hard5
2025-04-29,0.0,102.5277748493984,-0.27712599495196555,B_hard5
2025-04-30,0.0,102.5277748493984,-0.27712599495196555,B_hard5
2025-05-01,0.0,102.5277748493984,-0.27712599495196555,B_hard5
2025-05-02,-0.01810526315789474,102.5096695862405,-0.29473594385971413,B_hard5
2025-05-03,0.0,102.5096695862405,-0.29473594385971413,B_hard5
2025-05-04,0.0,102.5096695862405,-0.29473594385971413,B_hard5
2025-05-05,0.0,102.5096695862405,-0.29473594385971413,B_hard5
2025-05-06,-0.018105263157894742,102.49156432308261,-0.3123458927674627,B_hard5
2025-05-07,-0.01810526315789477,102.47345905992472,-0.3299558416752113,B_hard5
2025-05-08,0.0,102.47345905992472,-0.3299558416752113,B_hard5
2025-05-09,-0.039574828597671974,102.43388423132704,-0.3684480029633508,B_hard5
2025-05-10,0.0,102.43388423132704,-0.3684480029633508,B_hard5
2025-05-11,0.0,102.43388423132704,-0.3684480029633508,B_hard5
2025-05-12,-0.021607421736335414,102.41227680959071,-0.38946430024037193,B_hard5
2025-05-13,0.0,102.41227680959071,-0.38946430024037193,B_hard5
2025-05-14,0.0,102.41227680959071,-0.38946430024037193,B_hard5
2025-05-15,0.0,102.41227680959071,-0.38946430024037193,B_hard5
2025-05-16,0.0,102.41227680959071,-0.38946430024037193,B_hard5
2025-05-17,0.0,102.41227680959071,-0.38946430024037193,B_hard5
2025-05-18,0.0,102.41227680959071,-0.38946430024037193,B_hard5
2025-05-19,0.0,102.41227680959071,-0.38946430024037193,B_hard5
2025-05-20,0.0,102.41227680959071,-0.38946430024037193,B_hard5
2025-05-21,0.0,102.41227680959071,-0.38946430024037193,B_hard5
2025-05-22,0.0,102.41227680959071,-0.38946430024037193,B_hard5
2025-05-23,0.0,102.41227680959071,-0.38946430024037193,B_hard5
2025-05-24,0.0,102.41227680959071,-0.38946430024037193,B_hard5
2025-05-25,0.0,102.41227680959071,-0.38946430024037193,B_hard5
2025-05-26,0.0,102.41227680959071,-0.38946430024037193,B_hard5
2025-05-27,0.0,102.41227680959071,-0.38946430024037193,B_hard5
2025-05-28,0.0,102.41227680959071,-0.38946430024037193,B_hard5
2025-05-29,0.0,102.41227680959071,-0.38946430024037193,B_hard5
2025-05-30,0.0,102.41227680959071,-0.38946430024037193,B_hard5
2025-05-31,0.0,102.41227680959071,-0.38946430024037193,B_hard5
2025-06-01,0.0,102.41227680959071,-0.38946430024037193,B_hard5
2025-06-02,0.0,102.41227680959071,-0.38946430024037193,B_hard5
2025-06-03,0.0,102.41227680959071,-0.38946430024037193,B_hard5
2025-06-04,0.0,102.41227680959071,-0.38946430024037193,B_hard5
2025-06-05,0.0,102.41227680959071,-0.38946430024037193,B_hard5
2025-06-06,0.0,102.41227680959071,-0.38946430024037193,B_hard5
2025-06-07,0.0,102.41227680959071,-0.38946430024037193,B_hard5
2025-06-08,0.0,102.41227680959071,-0.38946430024037193,B_hard5
2025-06-09,0.0,102.41227680959071,-0.38946430024037193,B_hard5
2025-06-10,0.0,102.41227680959071,-0.38946430024037193,B_hard5
2025-06-11,0.0,102.41227680959071,-0.38946430024037193,B_hard5
2025-06-12,0.0,102.41227680959071,-0.38946430024037193,B_hard5
2025-06-13,-0.018105263157894756,102.39417154643282,-0.4070742491481205,B_hard5
2025-06-14,0.0,102.39417154643282,-0.4070742491481205,B_hard5
2025-06-15,0.0,102.39417154643282,-0.4070742491481205,B_hard5
2025-06-16,0.0,102.39417154643282,-0.4070742491481205,B_hard5
2025-06-17,0.0,102.39417154643282,-0.4070742491481205,B_hard5
2025-06-18,0.0,102.39417154643282,-0.4070742491481205,B_hard5
2025-06-19,0.0,102.39417154643282,-0.4070742491481205,B_hard5
2025-06-20,0.0,102.39417154643282,-0.4070742491481205,B_hard5
2025-06-21,0.0,102.39417154643282,-0.4070742491481205,B_hard5
2025-06-22,0.0,102.39417154643282,-0.4070742491481205,B_hard5
2025-06-23,0.0,102.39417154643282,-0.4070742491481205,B_hard5
2025-06-24,0.0,102.39417154643282,-0.4070742491481205,B_hard5
2025-06-25,0.0,102.39417154643282,-0.4070742491481205,B_hard5
2025-06-26,0.0,102.39417154643282,-0.4070742491481205,B_hard5
2025-06-27,0.0,102.39417154643282,-0.4070742491481205,B_hard5
2025-06-28,0.0,102.39417154643282,-0.4070742491481205,B_hard5
2025-06-29,0.0,102.39417154643282,-0.4070742491481205,B_hard5
2025-06-30,0.0,102.39417154643282,-0.4070742491481205,B_hard5
2025-07-01,0.0,102.39417154643282,-0.4070742491481205,B_hard5
2025-07-02,0.0,102.39417154643282,-0.4070742491481205,B_hard5
2025-07-03,0.0,102.39417154643282,-0.4070742491481205,B_hard5
2025-07-04,0.0,102.39417154643282,-0.4070742491481205,B_hard5
2025-07-05,0.0,102.39417154643282,-0.4070742491481205,B_hard5
2025-07-06,0.0,102.39417154643282,-0.4070742491481205,B_hard5
2025-07-07,0.0,102.39417154643282,-0.4070742491481205,B_hard5
2025-07-08,0.0,102.39417154643282,-0.4070742491481205,B_hard5
2025-07-09,0.0,102.39417154643282,-0.4070742491481205,B_hard5
2025-07-10,0.0,102.39417154643282,-0.4070742491481205,B_hard5
2025-07-11,0.0,102.39417154643282,-0.4070742491481205,B_hard5
2025-07-12,0.0,102.39417154643282,-0.4070742491481205,B_hard5
2025-07-13,0.0,102.39417154643282,-0.4070742491481205,B_hard5
2025-07-14,-0.018105263157894732,102.37606628327492,-0.424684198055858,B_hard5
2025-07-15,0.0,102.37606628327492,-0.424684198055858,B_hard5
2025-07-16,0.0,102.37606628327492,-0.424684198055858,B_hard5
2025-07-17,0.0,102.37606628327492,-0.424684198055858,B_hard5
2025-07-18,0.0,102.37606628327492,-0.424684198055858,B_hard5
2025-07-19,0.0,102.37606628327492,-0.424684198055858,B_hard5
2025-07-20,0.0,102.37606628327492,-0.424684198055858,B_hard5
2025-07-21,0.0,102.37606628327492,-0.424684198055858,B_hard5
2025-07-22,0.0,102.37606628327492,-0.424684198055858,B_hard5
2025-07-23,0.13290508248543087,102.50897136576035,-0.2954150627918595,B_hard5
2025-07-24,-0.01810526315789474,102.49086610260245,-0.31302501169960806,B_hard5
2025-07-25,-0.01810526315789474,102.47276083944456,-0.33063496060734554,B_hard5
2025-07-26,0.0,102.47276083944456,-0.33063496060734554,B_hard5
2025-07-27,0.0,102.47276083944456,-0.33063496060734554,B_hard5
2025-07-28,-0.01810526315789474,102.45465557628667,-0.3482449095150941,B_hard5
2025-07-29,0.0,102.45465557628667,-0.3482449095150941,B_hard5
2025-07-30,0.0,102.45465557628667,-0.3482449095150941,B_hard5
2025-07-31,-0.018105263157894732,102.43655031312878,-0.3658548584228427,B_hard5
2025-08-01,-0.01810526315789476,102.41844504997087,-0.3834648073306024,B_hard5
2025-08-02,0.0,102.41844504997087,-0.3834648073306024,B_hard5
2025-08-03,0.0,102.41844504997087,-0.3834648073306024,B_hard5
2025-08-04,0.0,102.41844504997087,-0.3834648073306024,B_hard5
2025-08-05,0.0,102.41844504997087,-0.3834648073306024,B_hard5
2025-08-06,0.0,102.41844504997087,-0.3834648073306024,B_hard5
2025-08-07,-0.01839498859381903,102.40005006137706,-0.4013565555184395,B_hard5
2025-08-08,-0.01810526315789474,102.38194479821917,-0.4189665044261881,B_hard5
2025-08-09,0.0,102.38194479821917,-0.4189665044261881,B_hard5
2025-08-10,0.0,102.38194479821917,-0.4189665044261881,B_hard5
2025-08-11,0.0,102.38194479821917,-0.4189665044261881,B_hard5
2025-08-12,0.0,102.38194479821917,-0.4189665044261881,B_hard5
2025-08-13,0.0,102.38194479821917,-0.4189665044261881,B_hard5
2025-08-14,-0.01861675281849658,102.36332804540066,-0.43707394992990034,B_hard5
2025-08-15,0.0,102.36332804540066,-0.43707394992990034,B_hard5
2025-08-16,0.0,102.36332804540066,-0.43707394992990034,B_hard5
2025-08-17,0.0,102.36332804540066,-0.43707394992990034,B_hard5
2025-08-18,0.0,102.36332804540066,-0.43707394992990034,B_hard5
2025-08-19,0.0,102.36332804540066,-0.43707394992990034,B_hard5
2025-08-20,0.0,102.36332804540066,-0.43707394992990034,B_hard5
2025-08-21,0.0,102.36332804540066,-0.43707394992990034,B_hard5
2025-08-22,0.0,102.36332804540066,-0.43707394992990034,B_hard5
2025-08-23,0.0,102.36332804540066,-0.43707394992990034,B_hard5
2025-08-24,0.0,102.36332804540066,-0.43707394992990034,B_hard5
2025-08-25,0.0,102.36332804540066,-0.43707394992990034,B_hard5
2025-08-26,0.0,102.36332804540066,-0.43707394992990034,B_hard5
2025-08-27,0.0,102.36332804540066,-0.43707394992990034,B_hard5
2025-08-28,-0.018105263157894763,102.34522278224277,-0.4546838988376489,B_hard5
2025-08-29,0.0,102.34522278224277,-0.4546838988376489,B_hard5
2025-08-30,0.0,102.34522278224277,-0.4546838988376489,B_hard5
2025-08-31,0.0,102.34522278224277,-0.4546838988376489,B_hard5
2025-09-01,0.0,102.34522278224277,-0.4546838988376489,B_hard5
2025-09-02,0.0,102.34522278224277,-0.4546838988376489,B_hard5
2025-09-03,0.0,102.34522278224277,-0.4546838988376489,B_hard5
2025-09-04,0.0,102.34522278224277,-0.4546838988376489,B_hard5
2025-09-05,0.0,102.34522278224277,-0.4546838988376489,B_hard5
2025-09-06,0.0,102.34522278224277,-0.4546838988376489,B_hard5
2025-09-07,0.0,102.34522278224277,-0.4546838988376489,B_hard5
2025-09-08,0.0,102.34522278224277,-0.4546838988376489,B_hard5
2025-09-09,0.0,102.34522278224277,-0.4546838988376489,B_hard5
2025-09-10,0.0,102.34522278224277,-0.4546838988376489,B_hard5
2025-09-11,0.0,102.34522278224277,-0.4546838988376489,B_hard5
2025-09-12,0.0,102.34522278224277,-0.4546838988376489,B_hard5
2025-09-13,0.0,102.34522278224277,-0.4546838988376489,B_hard5
2025-09-14,0.0,102.34522278224277,-0.4546838988376489,B_hard5
2025-09-15,0.0,102.34522278224277,-0.4546838988376489,B_hard5
2025-09-16,0.0,102.34522278224277,-0.4546838988376489,B_hard5
2025-09-17,0.0,102.34522278224277,-0.4546838988376489,B_hard5
2025-09-18,0.0,102.34522278224277,-0.4546838988376489,B_hard5
2025-09-19,0.0,102.34522278224277,-0.4546838988376489,B_hard5
2025-09-20,0.0,102.34522278224277,-0.4546838988376489,B_hard5
2025-09-21,0.0,102.34522278224277,-0.4546838988376489,B_hard5
2025-09-22,0.0,102.34522278224277,-0.4546838988376489,B_hard5
2025-09-23,0.0,102.34522278224277,-0.4546838988376489,B_hard5
2025-09-24,0.0,102.34522278224277,-0.4546838988376489,B_hard5
2025-09-25,0.0,102.34522278224277,-0.4546838988376489,B_hard5
2025-09-26,0.0,102.34522278224277,-0.4546838988376489,B_hard5
2025-09-27,0.0,102.34522278224277,-0.4546838988376489,B_hard5
2025-09-28,0.0,102.34522278224277,-0.4546838988376489,B_hard5
2025-09-29,0.0,102.34522278224277,-0.4546838988376489,B_hard5
2025-09-30,0.0,102.34522278224277,-0.4546838988376489,B_hard5
2025-10-01,0.0,102.34522278224277,-0.4546838988376489,B_hard5
2025-10-02,0.0,102.34522278224277,-0.4546838988376489,B_hard5
2025-10-03,0.0,102.34522278224277,-0.4546838988376489,B_hard5
2025-10-04,0.0,102.34522278224277,-0.4546838988376489,B_hard5
2025-10-05,0.0,102.34522278224277,-0.4546838988376489,B_hard5
2025-10-06,0.0,102.34522278224277,-0.4546838988376489,B_hard5
2025-10-07,0.0,102.34522278224277,-0.4546838988376489,B_hard5
2025-10-08,0.0,102.34522278224277,-0.4546838988376489,B_hard5
2025-10-09,0.0,102.34522278224277,-0.4546838988376489,B_hard5
2025-10-10,0.0,102.34522278224277,-0.4546838988376489,B_hard5
2025-10-11,0.0,102.34522278224277,-0.4546838988376489,B_hard5
2025-10-12,0.0,102.34522278224277,-0.4546838988376489,B_hard5
2025-10-13,0.0,102.34522278224277,-0.4546838988376489,B_hard5
2025-10-14,0.0,102.34522278224277,-0.4546838988376489,B_hard5
2025-10-15,0.0,102.34522278224277,-0.4546838988376489,B_hard5
2025-10-16,0.0,102.34522278224277,-0.4546838988376489,B_hard5
2025-10-17,0.0,102.34522278224277,-0.4546838988376489,B_hard5
2025-10-18,0.0,102.34522278224277,-0.4546838988376489,B_hard5
2025-10-19,0.0,102.34522278224277,-0.4546838988376489,B_hard5
2025-10-20,0.0,102.34522278224277,-0.4546838988376489,B_hard5
2025-10-21,0.0,102.34522278224277,-0.4546838988376489,B_hard5
2025-10-22,0.0,102.34522278224277,-0.4546838988376489,B_hard5
2025-10-23,0.0,102.34522278224277,-0.4546838988376489,B_hard5
2025-10-24,0.178123548586165,102.52334633082893,-0.2814333604437169,B_hard5
2025-10-25,0.0,102.52334633082893,-0.2814333604437169,B_hard5
2025-10-26,0.0,102.52334633082893,-0.2814333604437169,B_hard5
2025-10-27,0.0,102.52334633082893,-0.2814333604437169,B_hard5
2025-10-28,0.0,102.52334633082893,-0.2814333604437169,B_hard5
2025-10-29,0.0,102.52334633082893,-0.2814333604437169,B_hard5
2025-10-30,0.0,102.52334633082893,-0.2814333604437169,B_hard5
2025-10-31,0.0,102.52334633082893,-0.2814333604437169,B_hard5
2025-11-01,0.0,102.52334633082893,-0.2814333604437169,B_hard5
2025-11-02,0.0,102.52334633082893,-0.2814333604437169,B_hard5
2025-11-03,0.0,102.52334633082893,-0.2814333604437169,B_hard5
2025-11-04,0.0,102.52334633082893,-0.2814333604437169,B_hard5
2025-11-05,0.0,102.52334633082893,-0.2814333604437169,B_hard5
2025-11-06,-0.018105263157894774,102.50524106767104,-0.2990433093514655,B_hard5
2025-11-07,-0.018105263157894756,102.48713580451314,-0.3166532582592141,B_hard5
2025-11-08,0.0,102.48713580451314,-0.3166532582592141,B_hard5
2025-11-09,0.0,102.48713580451314,-0.3166532582592141,B_hard5
2025-11-10,0.0,102.48713580451314,-0.3166532582592141,B_hard5
2025-11-11,0.0,102.48713580451314,-0.3166532582592141,B_hard5
2025-11-12,0.0,102.48713580451314,-0.3166532582592141,B_hard5
2025-11-13,0.0,102.48713580451314,-0.3166532582592141,B_hard5
2025-11-14,0.0,102.48713580451314,-0.3166532582592141,B_hard5
2025-11-15,0.0,102.48713580451314,-0.3166532582592141,B_hard5
2025-11-16,0.0,102.48713580451314,-0.3166532582592141,B_hard5
2025-11-17,0.0,102.48713580451314,-0.3166532582592141,B_hard5
2025-11-18,0.0,102.48713580451314,-0.3166532582592141,B_hard5
2025-11-19,0.0,102.48713580451314,-0.3166532582592141,B_hard5
2025-11-20,0.0,102.48713580451314,-0.3166532582592141,B_hard5
2025-11-21,0.0,102.48713580451314,-0.3166532582592141,B_hard5
2025-11-22,0.0,102.48713580451314,-0.3166532582592141,B_hard5
2025-11-23,0.0,102.48713580451314,-0.3166532582592141,B_hard5
2025-11-24,0.0,102.48713580451314,-0.3166532582592141,B_hard5
2025-11-25,0.0,102.48713580451314,-0.3166532582592141,B_hard5
2025-11-26,0.0,102.48713580451314,-0.3166532582592141,B_hard5
2025-11-27,0.0,102.48713580451314,-0.3166532582592141,B_hard5
2025-11-28,0.0,102.48713580451314,-0.3166532582592141,B_hard5
2025-11-29,0.0,102.48713580451314,-0.3166532582592141,B_hard5
2025-11-30,0.0,102.48713580451314,-0.3166532582592141,B_hard5
2025-12-01,0.0,102.48713580451314,-0.3166532582592141,B_hard5
2025-12-02,0.0,102.48713580451314,-0.3166532582592141,B_hard5
2025-12-03,-0.018105263157894763,102.46903054135525,-0.33426320716695157,B_hard5
2025-12-04,0.0,102.46903054135525,-0.33426320716695157,B_hard5
2025-12-05,0.0,102.46903054135525,-0.33426320716695157,B_hard5
2025-12-06,0.0,102.46903054135525,-0.33426320716695157,B_hard5
2025-12-07,0.0,102.46903054135525,-0.33426320716695157,B_hard5
2025-12-08,0.0,102.46903054135525,-0.33426320716695157,B_hard5
2025-12-09,0.0,102.46903054135525,-0.33426320716695157,B_hard5
2025-12-10,-0.018105263157894725,102.45092527819736,-0.35187315607470016,B_hard5
2025-12-11,0.0,102.45092527819736,-0.35187315607470016,B_hard5
2025-12-12,0.0,102.45092527819736,-0.35187315607470016,B_hard5
2025-12-13,0.0,102.45092527819736,-0.35187315607470016,B_hard5
2025-12-14,0.0,102.45092527819736,-0.35187315607470016,B_hard5
2025-12-15,0.0,102.45092527819736,-0.35187315607470016,B_hard5
2025-12-16,0.0,102.45092527819736,-0.35187315607470016,B_hard5
2025-12-17,-0.01810526315789476,102.43282001503947,-0.36948310498244874,B_hard5
2025-12-18,0.0,102.43282001503947,-0.36948310498244874,B_hard5
2025-12-19,0.0,102.43282001503947,-0.36948310498244874,B_hard5
2025-12-20,0.0,102.43282001503947,-0.36948310498244874,B_hard5
2025-12-21,0.0,102.43282001503947,-0.36948310498244874,B_hard5
2025-12-22,0.0,102.43282001503947,-0.36948310498244874,B_hard5
2025-12-23,0.0,102.43282001503947,-0.36948310498244874,B_hard5
2025-12-24,0.0,102.43282001503947,-0.36948310498244874,B_hard5
2025-12-25,0.0,102.43282001503947,-0.36948310498244874,B_hard5
2025-12-26,0.0,102.43282001503947,-0.36948310498244874,B_hard5
2025-12-27,0.0,102.43282001503947,-0.36948310498244874,B_hard5
2025-12-28,0.0,102.43282001503947,-0.36948310498244874,B_hard5
2025-12-29,0.0,102.43282001503947,-0.36948310498244874,B_hard5
2025-12-30,0.0,102.43282001503947,-0.36948310498244874,B_hard5
2025-12-31,0.0,102.43282001503947,-0.36948310498244874,B_hard5
2026-01-01,-0.018105263157894763,102.41471475188156,-0.3870930538902084,B_hard5
2026-01-02,0.0,102.41471475188156,-0.3870930538902084,B_hard5
2026-01-03,0.0,102.41471475188156,-0.3870930538902084,B_hard5
2026-01-04,0.0,102.41471475188156,-0.3870930538902084,B_hard5
2026-01-05,0.0,102.41471475188156,-0.3870930538902084,B_hard5
2026-01-06,0.0,102.41471475188156,-0.3870930538902084,B_hard5
2026-01-07,0.0,102.41471475188156,-0.3870930538902084,B_hard5
2026-01-08,-0.018215490976750733,102.39649926090482,-0.4048102150622124,B_hard5
2026-01-09,0.0,102.39649926090482,-0.4048102150622124,B_hard5
2026-01-10,0.0,102.39649926090482,-0.4048102150622124,B_hard5
2026-01-11,0.0,102.39649926090482,-0.4048102150622124,B_hard5
2026-01-12,0.0,102.39649926090482,-0.4048102150622124,B_hard5
2026-01-13,0.0,102.39649926090482,-0.4048102150622124,B_hard5
2026-01-14,0.0,102.39649926090482,-0.4048102150622124,B_hard5
2026-01-15,0.0,102.39649926090482,-0.4048102150622124,B_hard5
2026-01-16,0.0,102.39649926090482,-0.4048102150622124,B_hard5
2026-01-17,0.0,102.39649926090482,-0.4048102150622124,B_hard5
2026-01-18,0.0,102.39649926090482,-0.4048102150622124,B_hard5
2026-01-19,-0.018105263157894746,102.37839399774693,-0.42242016396996096,B_hard5
2026-01-20,-0.018105263157894742,102.36028873458902,-0.44003011287772065,B_hard5
2026-01-21,-0.018105263157894774,102.34218347143113,-0.45764006178545813,B_hard5
2026-01-22,0.0,102.34218347143113,-0.45764006178545813,B_hard5
2026-01-23,0.0,102.34218347143113,-0.45764006178545813,B_hard5
2026-01-24,0.0,102.34218347143113,-0.45764006178545813,B_hard5
2026-01-25,0.0,102.34218347143113,-0.45764006178545813,B_hard5
2026-01-26,0.0,102.34218347143113,-0.45764006178545813,B_hard5
2026-01-27,0.060960375987096416,102.40314384741822,-0.3983474076457272,B_hard5
2026-01-28,0.0,102.40314384741822,-0.3983474076457272,B_hard5
2026-01-29,0.0,102.40314384741822,-0.3983474076457272,B_hard5
2026-01-30,0.0,102.40314384741822,-0.3983474076457272,B_hard5
2026-01-31,0.0,102.40314384741822,-0.3983474076457272,B_hard5
2026-02-01,-0.018105263157894746,102.38503858426033,-0.41595735655347577,B_hard5
2026-02-02,-0.018105263157894774,102.36693332110244,-0.43356730546122435,B_hard5
2026-02-03,0.0,102.36693332110244,-0.43356730546122435,B_hard5
2026-02-04,0.0,102.36693332110244,-0.43356730546122435,B_hard5
2026-02-05,0.0,102.36693332110244,-0.43356730546122435,B_hard5
2026-02-06,0.0,102.36693332110244,-0.43356730546122435,B_hard5
2026-02-07,0.0,102.36693332110244,-0.43356730546122435,B_hard5
2026-02-08,0.0,102.36693332110244,-0.43356730546122435,B_hard5
2026-02-09,0.0,102.36693332110244,-0.43356730546122435,B_hard5
2026-02-10,0.0,102.36693332110244,-0.43356730546122435,B_hard5
2026-02-11,0.0,102.36693332110244,-0.43356730546122435,B_hard5
2026-02-12,0.0,102.36693332110244,-0.43356730546122435,B_hard5
2026-02-13,-0.01810526315789474,102.34882805794454,-0.45117725436897294,B_hard5
2026-02-14,0.0,102.34882805794454,-0.45117725436897294,B_hard5
2026-02-15,0.0,102.34882805794454,-0.45117725436897294,B_hard5
2026-02-16,0.0,102.34882805794454,-0.45117725436897294,B_hard5
2026-02-17,0.0,102.34882805794454,-0.45117725436897294,B_hard5
2026-02-18,0.0,102.34882805794454,-0.45117725436897294,B_hard5
2026-02-19,0.0,102.34882805794454,-0.45117725436897294,B_hard5
2026-02-20,0.0,102.34882805794454,-0.45117725436897294,B_hard5
2026-02-21,0.0,102.34882805794454,-0.45117725436897294,B_hard5
2026-02-22,0.0,102.34882805794454,-0.45117725436897294,B_hard5
2026-02-23,0.0,102.34882805794454,-0.45117725436897294,B_hard5
2026-02-24,0.0,102.34882805794454,-0.45117725436897294,B_hard5
2026-02-25,0.0,102.34882805794454,-0.45117725436897294,B_hard5
2026-02-26,0.0,102.34882805794454,-0.45117725436897294,B_hard5
2026-02-27,-0.036210526315789485,102.31261753162875,-0.4863971521844701,B_hard5
2026-02-28,0.0,102.31261753162875,-0.4863971521844701,B_hard5
2026-03-01,0.0,102.31261753162875,-0.4863971521844701,B_hard5
2026-03-02,-0.019574826530921408,102.29304270509783,-0.5054364609247686,B_hard5
2026-03-03,0.0,102.29304270509783,-0.5054364609247686,B_hard5
2026-03-04,-0.03621052631578952,102.25683217878205,-0.5406563587402546,B_hard5
2026-03-05,0.0,102.25683217878205,-0.5406563587402546,B_hard5
2026-03-06,0.0,102.25683217878205,-0.5406563587402546,B_hard5
2026-03-07,0.0,102.25683217878205,-0.5406563587402546,B_hard5
2026-03-08,0.0,102.25683217878205,-0.5406563587402546,B_hard5
2026-03-09,-0.01810526315789477,102.23872691562414,-0.5582663076480143,B_hard5
2026-03-10,0.0,102.23872691562414,-0.5582663076480143,B_hard5
2026-03-11,0.0,102.23872691562414,-0.5582663076480143,B_hard5
2026-03-12,0.0,102.23872691562414,-0.5582663076480143,B_hard5
2026-03-13,-0.01810526315789477,102.22062165246625,-0.5758762565557629,B_hard5
2026-03-14,0.0,102.22062165246625,-0.5758762565557629,B_hard5
2026-03-15,0.0,102.22062165246625,-0.5758762565557629,B_hard5
2026-03-16,0.0,102.22062165246625,-0.5758762565557629,B_hard5
2026-03-17,0.0,102.22062165246625,-0.5758762565557629,B_hard5
2026-03-18,0.0,102.22062165246625,-0.5758762565557629,B_hard5
2026-03-19,0.0,102.22062165246625,-0.5758762565557629,B_hard5
2026-03-20,0.0,102.22062165246625,-0.5758762565557629,B_hard5
2026-03-21,0.0,102.22062165246625,-0.5758762565557629,B_hard5
2026-03-22,0.0,102.22062165246625,-0.5758762565557629,B_hard5
2026-03-23,0.0,102.22062165246625,-0.5758762565557629,B_hard5
2026-03-24,0.0,102.22062165246625,-0.5758762565557629,B_hard5
2026-03-25,0.0,102.22062165246625,-0.5758762565557629,B_hard5
2026-03-26,0.0,102.22062165246625,-0.5758762565557629,B_hard5
2026-03-27,0.0,102.22062165246625,-0.5758762565557629,B_hard5
2026-03-28,0.0,102.22062165246625,-0.5758762565557629,B_hard5
2026-03-29,0.0,102.22062165246625,-0.5758762565557629,B_hard5
2026-03-30,0.0,102.22062165246625,-0.5758762565557629,B_hard5
2026-03-31,0.0,102.22062165246625,-0.5758762565557629,B_hard5
2026-04-01,0.0,102.22062165246625,-0.5758762565557629,B_hard5
2026-04-02,0.0,102.22062165246625,-0.5758762565557629,B_hard5
2026-04-03,0.0,102.22062165246625,-0.5758762565557629,B_hard5
2026-04-04,0.0,102.22062165246625,-0.5758762565557629,B_hard5
2026-04-05,0.0,102.22062165246625,-0.5758762565557629,B_hard5
2026-04-06,0.0,102.22062165246625,-0.5758762565557629,B_hard5
2026-04-07,0.0,102.22062165246625,-0.5758762565557629,B_hard5
2026-04-08,0.0,102.22062165246625,-0.5758762565557629,B_hard5
2026-04-09,0.0,102.22062165246625,-0.5758762565557629,B_hard5
2026-04-10,0.0,102.22062165246625,-0.5758762565557629,B_hard5
2026-04-11,0.0,102.22062165246625,-0.5758762565557629,B_hard5
2026-04-12,0.0,102.22062165246625,-0.5758762565557629,B_hard5
2026-04-13,0.0,102.22062165246625,-0.5758762565557629,B_hard5
2026-04-14,0.0,102.22062165246625,-0.5758762565557629,B_hard5
2026-04-15,0.0,102.22062165246625,-0.5758762565557629,B_hard5
2026-04-16,0.0,102.22062165246625,-0.5758762565557629,B_hard5
2026-04-17,0.0,102.22062165246625,-0.5758762565557629,B_hard5
2026-04-18,0.0,102.22062165246625,-0.5758762565557629,B_hard5
2026-04-19,0.0,102.22062165246625,-0.5758762565557629,B_hard5
2026-04-20,0.0,102.22062165246625,-0.5758762565557629,B_hard5
2026-04-21,0.0,102.22062165246625,-0.5758762565557629,B_hard5
2026-04-22,0.0,102.22062165246625,-0.5758762565557629,B_hard5
2026-04-23,0.0,102.22062165246625,-0.5758762565557629,B_hard5
2026-04-24,0.0,102.22062165246625,-0.5758762565557629,B_hard5
2026-04-25,0.0,102.22062165246625,-0.5758762565557629,B_hard5
2026-04-26,0.0,102.22062165246625,-0.5758762565557629,B_hard5
2026-04-27,0.0,102.22062165246625,-0.5758762565557629,B_hard5
2026-04-28,0.0,102.22062165246625,-0.5758762565557629,B_hard5
2026-04-29,0.0,102.22062165246625,-0.5758762565557629,B_hard5
2026-04-30,0.25663161418856195,102.47725326665481,-0.32626543485373416,B_hard5
2021-07-28,-0.025122807017543863,99.97487719298246,0.0,C_hard7
2021-07-29,0.0,99.97487719298246,0.0,C_hard7
2021-07-30,0.0,99.97487719298246,0.0,C_hard7
2021-07-31,0.0,99.97487719298246,0.0,C_hard7
2021-08-01,0.0,99.97487719298246,0.0,C_hard7
2021-08-02,0.0,99.97487719298246,0.0,C_hard7
2021-08-03,0.0,99.97487719298246,0.0,C_hard7
2021-08-04,0.0,99.97487719298246,0.0,C_hard7
2021-08-05,0.0,99.97487719298246,0.0,C_hard7
2021-08-06,0.0,99.97487719298246,0.0,C_hard7
2021-08-07,0.0,99.97487719298246,0.0,C_hard7
2021-08-08,0.0,99.97487719298246,0.0,C_hard7
2021-08-09,-0.025122807017543866,99.94975438596491,-0.02512912015791846,C_hard7
2021-08-10,0.0,99.94975438596491,-0.02512912015791846,C_hard7
2021-08-11,-0.025122807017543897,99.92463157894737,-0.05025824031581472,C_hard7
2021-08-12,0.0,99.92463157894737,-0.05025824031581472,C_hard7
2021-08-13,0.0,99.92463157894737,-0.05025824031581472,C_hard7
2021-08-14,0.0,99.92463157894737,-0.05025824031581472,C_hard7
2021-08-15,0.0,99.92463157894737,-0.05025824031581472,C_hard7
2021-08-16,0.0,99.92463157894737,-0.05025824031581472,C_hard7
2021-08-17,0.0,99.92463157894737,-0.05025824031581472,C_hard7
2021-08-18,0.0,99.92463157894737,-0.05025824031581472,C_hard7
2021-08-19,0.0,99.92463157894737,-0.05025824031581472,C_hard7
2021-08-20,0.0,99.92463157894737,-0.05025824031581472,C_hard7
2021-08-21,0.0,99.92463157894737,-0.05025824031581472,C_hard7
2021-08-22,0.0,99.92463157894737,-0.05025824031581472,C_hard7
2021-08-23,0.0,99.92463157894737,-0.05025824031581472,C_hard7
2021-08-24,0.0,99.92463157894737,-0.05025824031581472,C_hard7
2021-08-25,0.0,99.92463157894737,-0.05025824031581472,C_hard7
2021-08-26,0.0,99.92463157894737,-0.05025824031581472,C_hard7
2021-08-27,0.0,99.92463157894737,-0.05025824031581472,C_hard7
2021-08-28,0.0,99.92463157894737,-0.05025824031581472,C_hard7
2021-08-29,0.0,99.92463157894737,-0.05025824031581472,C_hard7
2021-08-30,0.0,99.92463157894737,-0.05025824031581472,C_hard7
2021-08-31,0.0,99.92463157894737,-0.05025824031581472,C_hard7
2021-09-01,0.0,99.92463157894737,-0.05025824031581472,C_hard7
2021-09-02,0.0,99.92463157894737,-0.05025824031581472,C_hard7
2021-09-03,0.0,99.92463157894737,-0.05025824031581472,C_hard7
2021-09-04,0.0,99.92463157894737,-0.05025824031581472,C_hard7
2021-09-05,0.0,99.92463157894737,-0.05025824031581472,C_hard7
2021-09-06,0.0,99.92463157894737,-0.05025824031581472,C_hard7
2021-09-07,0.0,99.92463157894737,-0.05025824031581472,C_hard7
2021-09-08,0.0,99.92463157894737,-0.05025824031581472,C_hard7
2021-09-09,0.0,99.92463157894737,-0.05025824031581472,C_hard7
2021-09-10,0.0,99.92463157894737,-0.05025824031581472,C_hard7
2021-09-11,0.0,99.92463157894737,-0.05025824031581472,C_hard7
2021-09-12,0.0,99.92463157894737,-0.05025824031581472,C_hard7
2021-09-13,0.0,99.92463157894737,-0.05025824031581472,C_hard7
2021-09-14,0.0,99.92463157894737,-0.05025824031581472,C_hard7
2021-09-15,0.0,99.92463157894737,-0.05025824031581472,C_hard7
2021-09-16,0.0,99.92463157894737,-0.05025824031581472,C_hard7
2021-09-17,0.0,99.92463157894737,-0.05025824031581472,C_hard7
2021-09-18,0.0,99.92463157894737,-0.05025824031581472,C_hard7
2021-09-19,0.0,99.92463157894737,-0.05025824031581472,C_hard7
2021-09-20,0.0,99.92463157894737,-0.05025824031581472,C_hard7
2021-09-21,0.0,99.92463157894737,-0.05025824031581472,C_hard7
2021-09-22,0.0,99.92463157894737,-0.05025824031581472,C_hard7
2021-09-23,0.0,99.92463157894737,-0.05025824031581472,C_hard7
2021-09-24,0.0,99.92463157894737,-0.05025824031581472,C_hard7
2021-09-25,0.0,99.92463157894737,-0.05025824031581472,C_hard7
2021-09-26,0.0,99.92463157894737,-0.05025824031581472,C_hard7
2021-09-27,0.0,99.92463157894737,-0.05025824031581472,C_hard7
2021-09-28,0.0,99.92463157894737,-0.05025824031581472,C_hard7
2021-09-29,0.0,99.92463157894737,-0.05025824031581472,C_hard7
2021-09-30,0.0,99.92463157894737,-0.05025824031581472,C_hard7
2021-10-01,0.6373111516271954,100.56194273057456,0.0,C_hard7
2021-10-02,0.0,100.56194273057456,0.0,C_hard7
2021-10-03,0.0,100.56194273057456,0.0,C_hard7
2021-10-04,0.0,100.56194273057456,0.0,C_hard7
2021-10-05,0.0,100.56194273057456,0.0,C_hard7
2021-10-06,0.0,100.56194273057456,0.0,C_hard7
2021-10-07,0.0,100.56194273057456,0.0,C_hard7
2021-10-08,0.0,100.56194273057456,0.0,C_hard7
2021-10-09,0.0,100.56194273057456,0.0,C_hard7
2021-10-10,0.0,100.56194273057456,0.0,C_hard7
2021-10-11,0.0,100.56194273057456,0.0,C_hard7
2021-10-12,0.0,100.56194273057456,0.0,C_hard7
2021-10-13,0.0,100.56194273057456,0.0,C_hard7
2021-10-14,0.0,100.56194273057456,0.0,C_hard7
2021-10-15,0.0,100.56194273057456,0.0,C_hard7
2021-10-16,0.0,100.56194273057456,0.0,C_hard7
2021-10-17,0.0,100.56194273057456,0.0,C_hard7
2021-10-18,0.0,100.56194273057456,0.0,C_hard7
2021-10-19,0.0,100.56194273057456,0.0,C_hard7
2021-10-20,0.0,100.56194273057456,0.0,C_hard7
2021-10-21,0.0,100.56194273057456,0.0,C_hard7
2021-10-22,-0.050245614035087774,100.51169711653948,-0.04996484024746284,C_hard7
2021-10-23,0.0,100.51169711653948,-0.04996484024746284,C_hard7
2021-10-24,0.0,100.51169711653948,-0.04996484024746284,C_hard7
2021-10-25,-0.050245614035087746,100.46145150250439,-0.09992968049493678,C_hard7
2021-10-26,0.0,100.46145150250439,-0.09992968049493678,C_hard7
2021-10-27,-0.025122807017543866,100.43632869548685,-0.1249121006186682,C_hard7
2021-10-28,0.0,100.43632869548685,-0.1249121006186682,C_hard7
2021-10-29,-0.05024561403508775,100.38608308145176,-0.17487694086615324,C_hard7
2021-10-30,0.0,100.38608308145176,-0.17487694086615324,C_hard7
2021-10-31,0.0,100.38608308145176,-0.17487694086615324,C_hard7
2021-11-01,0.0,100.38608308145176,-0.17487694086615324,C_hard7
2021-11-02,0.0,100.38608308145176,-0.17487694086615324,C_hard7
2021-11-03,0.0,100.38608308145176,-0.17487694086615324,C_hard7
2021-11-04,0.0,100.38608308145176,-0.17487694086615324,C_hard7
2021-11-05,0.0,100.38608308145176,-0.17487694086615324,C_hard7
2021-11-06,0.0,100.38608308145176,-0.17487694086615324,C_hard7
2021-11-07,0.0,100.38608308145176,-0.17487694086615324,C_hard7
2021-11-08,0.0,100.38608308145176,-0.17487694086615324,C_hard7
2021-11-09,0.0,100.38608308145176,-0.17487694086615324,C_hard7
2021-11-10,0.0,100.38608308145176,-0.17487694086615324,C_hard7
2021-11-11,0.0,100.38608308145176,-0.17487694086615324,C_hard7
2021-11-12,0.0,100.38608308145176,-0.17487694086615324,C_hard7
2021-11-13,0.0,100.38608308145176,-0.17487694086615324,C_hard7
2021-11-14,0.0,100.38608308145176,-0.17487694086615324,C_hard7
2021-11-15,-0.025122807017543883,100.36096027443422,-0.19985936098988466,C_hard7
2021-11-16,0.0,100.36096027443422,-0.19985936098988466,C_hard7
2021-11-17,0.0,100.36096027443422,-0.19985936098988466,C_hard7
2021-11-18,0.0,100.36096027443422,-0.19985936098988466,C_hard7
2021-11-19,0.0,100.36096027443422,-0.19985936098988466,C_hard7
2021-11-20,0.0,100.36096027443422,-0.19985936098988466,C_hard7
2021-11-21,0.0,100.36096027443422,-0.19985936098988466,C_hard7
2021-11-22,0.0,100.36096027443422,-0.19985936098988466,C_hard7
2021-11-23,-0.027067550858325646,100.33389272357589,-0.22677565767564856,C_hard7
2021-11-24,-0.025122807017543863,100.30876991655835,-0.25175807779938,C_hard7
2021-11-25,0.0,100.30876991655835,-0.25175807779938,C_hard7
2021-11-26,-0.0251228070175439,100.2836471095408,-0.2767404979231336,C_hard7
2021-11-27,0.0,100.2836471095408,-0.2767404979231336,C_hard7
2021-11-28,0.0,100.2836471095408,-0.2767404979231336,C_hard7
2021-11-29,-0.025122807017543883,100.25852430252326,-0.301722918046865,C_hard7
2021-11-30,0.0,100.25852430252326,-0.301722918046865,C_hard7
2021-12-01,0.0,100.25852430252326,-0.301722918046865,C_hard7
2021-12-02,0.0,100.25852430252326,-0.301722918046865,C_hard7
2021-12-03,0.0,100.25852430252326,-0.301722918046865,C_hard7
2021-12-04,0.0,100.25852430252326,-0.301722918046865,C_hard7
2021-12-05,0.0,100.25852430252326,-0.301722918046865,C_hard7
2021-12-06,0.0,100.25852430252326,-0.301722918046865,C_hard7
2021-12-07,0.0,100.25852430252326,-0.301722918046865,C_hard7
2021-12-08,0.0,100.25852430252326,-0.301722918046865,C_hard7
2021-12-09,0.0,100.25852430252326,-0.301722918046865,C_hard7
2021-12-10,0.0,100.25852430252326,-0.301722918046865,C_hard7
2021-12-11,0.0,100.25852430252326,-0.301722918046865,C_hard7
2021-12-12,0.0,100.25852430252326,-0.301722918046865,C_hard7
2021-12-13,0.0,100.25852430252326,-0.301722918046865,C_hard7
2021-12-14,0.0,100.25852430252326,-0.301722918046865,C_hard7
2021-12-15,0.0,100.25852430252326,-0.301722918046865,C_hard7
2021-12-16,0.0,100.25852430252326,-0.301722918046865,C_hard7
2021-12-17,0.0,100.25852430252326,-0.301722918046865,C_hard7
2021-12-18,0.0,100.25852430252326,-0.301722918046865,C_hard7
2021-12-19,0.0,100.25852430252326,-0.301722918046865,C_hard7
2021-12-20,0.0,100.25852430252326,-0.301722918046865,C_hard7
2021-12-21,0.0,100.25852430252326,-0.301722918046865,C_hard7
2021-12-22,0.0,100.25852430252326,-0.301722918046865,C_hard7
2021-12-23,0.0,100.25852430252326,-0.301722918046865,C_hard7
2021-12-24,0.0,100.25852430252326,-0.301722918046865,C_hard7
2021-12-25,0.0,100.25852430252326,-0.301722918046865,C_hard7
2021-12-26,0.0,100.25852430252326,-0.301722918046865,C_hard7
2021-12-27,0.0,100.25852430252326,-0.301722918046865,C_hard7
2021-12-28,0.0,100.25852430252326,-0.301722918046865,C_hard7
2021-12-29,0.0,100.25852430252326,-0.301722918046865,C_hard7
2021-12-30,0.0,100.25852430252326,-0.301722918046865,C_hard7
2021-12-31,0.0,100.25852430252326,-0.301722918046865,C_hard7
2022-01-01,0.0,100.25852430252326,-0.301722918046865,C_hard7
2022-01-02,0.0,100.25852430252326,-0.301722918046865,C_hard7
2022-01-03,0.10430216795473449,100.36282647047798,-0.19800359329775752,C_hard7
2022-01-04,0.0,100.36282647047798,-0.19800359329775752,C_hard7
2022-01-05,0.0,100.36282647047798,-0.19800359329775752,C_hard7
2022-01-06,0.0,100.36282647047798,-0.19800359329775752,C_hard7
2022-01-07,0.0,100.36282647047798,-0.19800359329775752,C_hard7
2022-01-08,0.0,100.36282647047798,-0.19800359329775752,C_hard7
2022-01-09,0.0,100.36282647047798,-0.19800359329775752,C_hard7
2022-01-10,0.0,100.36282647047798,-0.19800359329775752,C_hard7
2022-01-11,0.0,100.36282647047798,-0.19800359329775752,C_hard7
2022-01-12,0.0,100.36282647047798,-0.19800359329775752,C_hard7
2022-01-13,0.0,100.36282647047798,-0.19800359329775752,C_hard7
2022-01-14,0.0,100.36282647047798,-0.19800359329775752,C_hard7
2022-01-15,0.0,100.36282647047798,-0.19800359329775752,C_hard7
2022-01-16,0.0,100.36282647047798,-0.19800359329775752,C_hard7
2022-01-17,0.0,100.36282647047798,-0.19800359329775752,C_hard7
2022-01-18,0.0,100.36282647047798,-0.19800359329775752,C_hard7
2022-01-19,0.0,100.36282647047798,-0.19800359329775752,C_hard7
2022-01-20,0.0,100.36282647047798,-0.19800359329775752,C_hard7
2022-01-21,-0.025122807017543897,100.33770366346045,-0.22298601342148894,C_hard7
2022-01-22,0.0,100.33770366346045,-0.22298601342148894,C_hard7
2022-01-23,0.0,100.33770366346045,-0.22298601342148894,C_hard7
2022-01-24,-0.0754716446889037,100.26223201877154,-0.29803592061262707,C_hard7
2022-01-25,0.0,100.26223201877154,-0.29803592061262707,C_hard7
2022-01-26,0.0,100.26223201877154,-0.29803592061262707,C_hard7
2022-01-27,-0.025122807017543877,100.237109211754,-0.3230183407363585,C_hard7
2022-01-28,0.0,100.237109211754,-0.3230183407363585,C_hard7
2022-01-29,0.0,100.237109211754,-0.3230183407363585,C_hard7
2022-01-30,0.0,100.237109211754,-0.3230183407363585,C_hard7
2022-01-31,0.0,100.237109211754,-0.3230183407363585,C_hard7
2022-02-01,0.0,100.237109211754,-0.3230183407363585,C_hard7
2022-02-02,0.0,100.237109211754,-0.3230183407363585,C_hard7
2022-02-03,0.0,100.237109211754,-0.3230183407363585,C_hard7
2022-02-04,0.0,100.237109211754,-0.3230183407363585,C_hard7
2022-02-05,0.0,100.237109211754,-0.3230183407363585,C_hard7
2022-02-06,0.0,100.237109211754,-0.3230183407363585,C_hard7
2022-02-07,-0.025122807017543908,100.21198640473645,-0.3480007608601121,C_hard7
2022-02-08,0.0,100.21198640473645,-0.3480007608601121,C_hard7
2022-02-09,0.0,100.21198640473645,-0.3480007608601121,C_hard7
2022-02-10,0.0,100.21198640473645,-0.3480007608601121,C_hard7
2022-02-11,0.0,100.21198640473645,-0.3480007608601121,C_hard7
2022-02-12,0.0,100.21198640473645,-0.3480007608601121,C_hard7
2022-02-13,0.0,100.21198640473645,-0.3480007608601121,C_hard7
2022-02-14,0.0,100.21198640473645,-0.3480007608601121,C_hard7
2022-02-15,0.0,100.21198640473645,-0.3480007608601121,C_hard7
2022-02-16,0.0,100.21198640473645,-0.3480007608601121,C_hard7
2022-02-17,0.0,100.21198640473645,-0.3480007608601121,C_hard7
2022-02-18,0.0,100.21198640473645,-0.3480007608601121,C_hard7
2022-02-19,0.0,100.21198640473645,-0.3480007608601121,C_hard7
2022-02-20,0.0,100.21198640473645,-0.3480007608601121,C_hard7
2022-02-21,0.0,100.21198640473645,-0.3480007608601121,C_hard7
2022-02-22,-0.025122807017543887,100.18686359771891,-0.37298318098384353,C_hard7
2022-02-23,0.0,100.18686359771891,-0.37298318098384353,C_hard7
2022-02-24,-0.13433423778042028,100.05252935993849,-0.5065667555775977,C_hard7
2022-02-25,0.0,100.05252935993849,-0.5065667555775977,C_hard7
2022-02-26,0.0,100.05252935993849,-0.5065667555775977,C_hard7
2022-02-27,0.0,100.05252935993849,-0.5065667555775977,C_hard7
2022-02-28,0.0,100.05252935993849,-0.5065667555775977,C_hard7
2022-03-01,0.0,100.05252935993849,-0.5065667555775977,C_hard7
2022-03-02,0.0,100.05252935993849,-0.5065667555775977,C_hard7
2022-03-03,0.0,100.05252935993849,-0.5065667555775977,C_hard7
2022-03-04,-0.025122807017543873,100.02740655292095,-0.5315491757013291,C_hard7
2022-03-05,0.0,100.02740655292095,-0.5315491757013291,C_hard7
2022-03-06,0.0,100.02740655292095,-0.5315491757013291,C_hard7
2022-03-07,0.0,100.02740655292095,-0.5315491757013291,C_hard7
2022-03-08,0.0,100.02740655292095,-0.5315491757013291,C_hard7
2022-03-09,0.0,100.02740655292095,-0.5315491757013291,C_hard7
2022-03-10,0.0,100.02740655292095,-0.5315491757013291,C_hard7
2022-03-11,0.0,100.02740655292095,-0.5315491757013291,C_hard7
2022-03-12,0.0,100.02740655292095,-0.5315491757013291,C_hard7
2022-03-13,0.0,100.02740655292095,-0.5315491757013291,C_hard7
2022-03-14,0.0,100.02740655292095,-0.5315491757013291,C_hard7
2022-03-15,0.0,100.02740655292095,-0.5315491757013291,C_hard7
2022-03-16,0.0,100.02740655292095,-0.5315491757013291,C_hard7
2022-03-17,0.0,100.02740655292095,-0.5315491757013291,C_hard7
2022-03-18,0.0,100.02740655292095,-0.5315491757013291,C_hard7
2022-03-19,0.0,100.02740655292095,-0.5315491757013291,C_hard7
2022-03-20,0.0,100.02740655292095,-0.5315491757013291,C_hard7
2022-03-21,0.0,100.02740655292095,-0.5315491757013291,C_hard7
2022-03-22,0.0,100.02740655292095,-0.5315491757013291,C_hard7
2022-03-23,0.0,100.02740655292095,-0.5315491757013291,C_hard7
2022-03-24,0.0,100.02740655292095,-0.5315491757013291,C_hard7
2022-03-25,0.0,100.02740655292095,-0.5315491757013291,C_hard7
2022-03-26,0.0,100.02740655292095,-0.5315491757013291,C_hard7
2022-03-27,0.0,100.02740655292095,-0.5315491757013291,C_hard7
2022-03-28,0.0,100.02740655292095,-0.5315491757013291,C_hard7
2022-03-29,0.0,100.02740655292095,-0.5315491757013291,C_hard7
2022-03-30,0.0,100.02740655292095,-0.5315491757013291,C_hard7
2022-03-31,0.0,100.02740655292095,-0.5315491757013291,C_hard7
2022-04-01,0.0,100.02740655292095,-0.5315491757013291,C_hard7
2022-04-02,0.0,100.02740655292095,-0.5315491757013291,C_hard7
2022-04-03,0.0,100.02740655292095,-0.5315491757013291,C_hard7
2022-04-04,0.0,100.02740655292095,-0.5315491757013291,C_hard7
2022-04-05,0.08536185933349742,100.11276841225444,-0.446664320640211,C_hard7
2022-04-06,0.0,100.11276841225444,-0.446664320640211,C_hard7
2022-04-07,0.0,100.11276841225444,-0.446664320640211,C_hard7
2022-04-08,0.0,100.11276841225444,-0.446664320640211,C_hard7
2022-04-09,0.0,100.11276841225444,-0.446664320640211,C_hard7
2022-04-10,0.0,100.11276841225444,-0.446664320640211,C_hard7
2022-04-11,0.0,100.11276841225444,-0.446664320640211,C_hard7
2022-04-12,-0.025122807017543866,100.0876456052369,-0.4716467407639424,C_hard7
2022-04-13,0.0,100.0876456052369,-0.4716467407639424,C_hard7
2022-04-14,0.0,100.0876456052369,-0.4716467407639424,C_hard7
2022-04-15,0.0,100.0876456052369,-0.4716467407639424,C_hard7
2022-04-16,0.0,100.0876456052369,-0.4716467407639424,C_hard7
2022-04-17,0.0,100.0876456052369,-0.4716467407639424,C_hard7
2022-04-18,-0.025122807017543863,100.06252279821936,-0.49662916088767384,C_hard7
2022-04-19,-0.025122807017543863,100.03739999120181,-0.5216115810114164,C_hard7
2022-04-20,0.0,100.03739999120181,-0.5216115810114164,C_hard7
2022-04-21,0.0,100.03739999120181,-0.5216115810114164,C_hard7
2022-04-22,0.0,100.03739999120181,-0.5216115810114164,C_hard7
2022-04-23,0.0,100.03739999120181,-0.5216115810114164,C_hard7
2022-04-24,0.0,100.03739999120181,-0.5216115810114164,C_hard7
2022-04-25,0.0,100.03739999120181,-0.5216115810114164,C_hard7
2022-04-26,0.0,100.03739999120181,-0.5216115810114164,C_hard7
2022-04-27,0.0,100.03739999120181,-0.5216115810114164,C_hard7
2022-04-28,0.0,100.03739999120181,-0.5216115810114164,C_hard7
2022-04-29,0.0,100.03739999120181,-0.5216115810114164,C_hard7
2022-04-30,0.0,100.03739999120181,-0.5216115810114164,C_hard7
2022-05-01,0.0,100.03739999120181,-0.5216115810114164,C_hard7
2022-05-02,-0.025122807017543863,100.01227718418427,-0.5465940011351478,C_hard7
2022-05-03,0.0,100.01227718418427,-0.5465940011351478,C_hard7
2022-05-04,-0.05024561403508773,99.96203157014918,-0.5965588413826328,C_hard7
2022-05-05,0.0,99.96203157014918,-0.5965588413826328,C_hard7
2022-05-06,-0.051797318938317016,99.91023425121087,-0.6480667155662978,C_hard7
2022-05-07,0.0,99.91023425121087,-0.6480667155662978,C_hard7
2022-05-08,0.0,99.91023425121087,-0.6480667155662978,C_hard7
2022-05-09,-0.02512280701754389,99.88511144419331,-0.6730491356900403,C_hard7
2022-05-10,0.0,99.88511144419331,-0.6730491356900403,C_hard7
2022-05-11,0.0,99.88511144419331,-0.6730491356900403,C_hard7
2022-05-12,0.0,99.88511144419331,-0.6730491356900403,C_hard7
2022-05-13,0.0,99.88511144419331,-0.6730491356900403,C_hard7
2022-05-14,0.0,99.88511144419331,-0.6730491356900403,C_hard7
2022-05-15,0.0,99.88511144419331,-0.6730491356900403,C_hard7
2022-05-16,0.0,99.88511144419331,-0.6730491356900403,C_hard7
2022-05-17,0.0,99.88511144419331,-0.6730491356900403,C_hard7
2022-05-18,0.0,99.88511144419331,-0.6730491356900403,C_hard7
2022-05-19,0.0,99.88511144419331,-0.6730491356900403,C_hard7
2022-05-20,0.0,99.88511144419331,-0.6730491356900403,C_hard7
2022-05-21,0.0,99.88511144419331,-0.6730491356900403,C_hard7
2022-05-22,0.0,99.88511144419331,-0.6730491356900403,C_hard7
2022-05-23,0.0,99.88511144419331,-0.6730491356900403,C_hard7
2022-05-24,0.0,99.88511144419331,-0.6730491356900403,C_hard7
2022-05-25,0.0,99.88511144419331,-0.6730491356900403,C_hard7
2022-05-26,0.0,99.88511144419331,-0.6730491356900403,C_hard7
2022-05-27,0.0,99.88511144419331,-0.6730491356900403,C_hard7
2022-05-28,0.0,99.88511144419331,-0.6730491356900403,C_hard7
2022-05-29,0.0,99.88511144419331,-0.6730491356900403,C_hard7
2022-05-30,0.0,99.88511144419331,-0.6730491356900403,C_hard7
2022-05-31,0.0,99.88511144419331,-0.6730491356900403,C_hard7
2022-06-01,0.0,99.88511144419331,-0.6730491356900403,C_hard7
2022-06-02,0.0,99.88511144419331,-0.6730491356900403,C_hard7
2022-06-03,0.0,99.88511144419331,-0.6730491356900403,C_hard7
2022-06-04,0.0,99.88511144419331,-0.6730491356900403,C_hard7
2022-06-05,0.0,99.88511144419331,-0.6730491356900403,C_hard7
2022-06-06,0.0,99.88511144419331,-0.6730491356900403,C_hard7
2022-06-07,0.0,99.88511144419331,-0.6730491356900403,C_hard7
2022-06-08,0.0,99.88511144419331,-0.6730491356900403,C_hard7
2022-06-09,0.0,99.88511144419331,-0.6730491356900403,C_hard7
2022-06-10,0.0,99.88511144419331,-0.6730491356900403,C_hard7
2022-06-11,0.0,99.88511144419331,-0.6730491356900403,C_hard7
2022-06-12,0.0,99.88511144419331,-0.6730491356900403,C_hard7
2022-06-13,0.0,99.88511144419331,-0.6730491356900403,C_hard7
2022-06-14,0.0,99.88511144419331,-0.6730491356900403,C_hard7
2022-06-15,0.0,99.88511144419331,-0.6730491356900403,C_hard7
2022-06-16,-0.025122807017543852,99.85998863717577,-0.6980315558137717,C_hard7
2022-06-17,-0.0251228070175439,99.83486583015824,-0.7230139759375032,C_hard7
2022-06-18,0.0,99.83486583015824,-0.7230139759375032,C_hard7
2022-06-19,0.0,99.83486583015824,-0.7230139759375032,C_hard7
2022-06-20,0.0,99.83486583015824,-0.7230139759375032,C_hard7
2022-06-21,0.0,99.83486583015824,-0.7230139759375032,C_hard7
2022-06-22,0.0,99.83486583015824,-0.7230139759375032,C_hard7
2022-06-23,0.0,99.83486583015824,-0.7230139759375032,C_hard7
2022-06-24,0.0,99.83486583015824,-0.7230139759375032,C_hard7
2022-06-25,0.0,99.83486583015824,-0.7230139759375032,C_hard7
2022-06-26,0.0,99.83486583015824,-0.7230139759375032,C_hard7
2022-06-27,0.0,99.83486583015824,-0.7230139759375032,C_hard7
2022-06-28,0.0,99.83486583015824,-0.7230139759375032,C_hard7
2022-06-29,0.0,99.83486583015824,-0.7230139759375032,C_hard7
2022-06-30,0.0,99.83486583015824,-0.7230139759375032,C_hard7
2022-07-01,0.0,99.83486583015824,-0.7230139759375032,C_hard7
2022-07-02,0.0,99.83486583015824,-0.7230139759375032,C_hard7
2022-07-03,0.0,99.83486583015824,-0.7230139759375032,C_hard7
2022-07-04,0.0,99.83486583015824,-0.7230139759375032,C_hard7
2022-07-05,0.0,99.83486583015824,-0.7230139759375032,C_hard7
2022-07-06,0.2634156134846702,100.0982814436429,-0.46107033569736666,C_hard7
2022-07-07,0.0,100.0982814436429,-0.46107033569736666,C_hard7
2022-07-08,0.0,100.0982814436429,-0.46107033569736666,C_hard7
2022-07-09,0.0,100.0982814436429,-0.46107033569736666,C_hard7
2022-07-10,0.0,100.0982814436429,-0.46107033569736666,C_hard7
2022-07-11,0.0,100.0982814436429,-0.46107033569736666,C_hard7
2022-07-12,0.0,100.0982814436429,-0.46107033569736666,C_hard7
2022-07-13,-0.025122807017543863,100.07315863662537,-0.4860527558210981,C_hard7
2022-07-14,-0.025122807017543866,100.04803582960781,-0.5110351759448406,C_hard7
2022-07-15,0.0,100.04803582960781,-0.5110351759448406,C_hard7
2022-07-16,0.0,100.04803582960781,-0.5110351759448406,C_hard7
2022-07-17,0.0,100.04803582960781,-0.5110351759448406,C_hard7
2022-07-18,0.0,100.04803582960781,-0.5110351759448406,C_hard7
2022-07-19,0.0,100.04803582960781,-0.5110351759448406,C_hard7
2022-07-20,0.0,100.04803582960781,-0.5110351759448406,C_hard7
2022-07-21,0.0,100.04803582960781,-0.5110351759448406,C_hard7
2022-07-22,0.0,100.04803582960781,-0.5110351759448406,C_hard7
2022-07-23,0.0,100.04803582960781,-0.5110351759448406,C_hard7
2022-07-24,0.0,100.04803582960781,-0.5110351759448406,C_hard7
2022-07-25,0.0,100.04803582960781,-0.5110351759448406,C_hard7
2022-07-26,0.0,100.04803582960781,-0.5110351759448406,C_hard7
2022-07-27,0.0,100.04803582960781,-0.5110351759448406,C_hard7
2022-07-28,0.0,100.04803582960781,-0.5110351759448406,C_hard7
2022-07-29,0.0,100.04803582960781,-0.5110351759448406,C_hard7
2022-07-30,0.0,100.04803582960781,-0.5110351759448406,C_hard7
2022-07-31,0.0,100.04803582960781,-0.5110351759448406,C_hard7
2022-08-01,0.0,100.04803582960781,-0.5110351759448406,C_hard7
2022-08-02,0.0,100.04803582960781,-0.5110351759448406,C_hard7
2022-08-03,0.0,100.04803582960781,-0.5110351759448406,C_hard7
2022-08-04,0.0,100.04803582960781,-0.5110351759448406,C_hard7
2022-08-05,0.0,100.04803582960781,-0.5110351759448406,C_hard7
2022-08-06,0.0,100.04803582960781,-0.5110351759448406,C_hard7
2022-08-07,0.0,100.04803582960781,-0.5110351759448406,C_hard7
2022-08-08,0.0,100.04803582960781,-0.5110351759448406,C_hard7
2022-08-09,0.0,100.04803582960781,-0.5110351759448406,C_hard7
2022-08-10,0.0,100.04803582960781,-0.5110351759448406,C_hard7
2022-08-11,0.0,100.04803582960781,-0.5110351759448406,C_hard7
2022-08-12,0.0,100.04803582960781,-0.5110351759448406,C_hard7
2022-08-13,0.0,100.04803582960781,-0.5110351759448406,C_hard7
2022-08-14,0.0,100.04803582960781,-0.5110351759448406,C_hard7
2022-08-15,0.0,100.04803582960781,-0.5110351759448406,C_hard7
2022-08-16,0.0,100.04803582960781,-0.5110351759448406,C_hard7
2022-08-17,0.0,100.04803582960781,-0.5110351759448406,C_hard7
2022-08-18,0.0,100.04803582960781,-0.5110351759448406,C_hard7
2022-08-19,0.0,100.04803582960781,-0.5110351759448406,C_hard7
2022-08-20,0.0,100.04803582960781,-0.5110351759448406,C_hard7
2022-08-21,0.0,100.04803582960781,-0.5110351759448406,C_hard7
2022-08-22,0.0,100.04803582960781,-0.5110351759448406,C_hard7
2022-08-23,0.0,100.04803582960781,-0.5110351759448406,C_hard7
2022-08-24,0.0,100.04803582960781,-0.5110351759448406,C_hard7
2022-08-25,0.0,100.04803582960781,-0.5110351759448406,C_hard7
2022-08-26,0.0,100.04803582960781,-0.5110351759448406,C_hard7
2022-08-27,0.0,100.04803582960781,-0.5110351759448406,C_hard7
2022-08-28,0.0,100.04803582960781,-0.5110351759448406,C_hard7
2022-08-29,-0.02598761747369677,100.02204821213412,-0.5368775739415854,C_hard7
2022-08-30,0.0,100.02204821213412,-0.5368775739415854,C_hard7
2022-08-31,0.0,100.02204821213412,-0.5368775739415854,C_hard7
2022-09-01,0.0,100.02204821213412,-0.5368775739415854,C_hard7
2022-09-02,0.0,100.02204821213412,-0.5368775739415854,C_hard7
2022-09-03,0.0,100.02204821213412,-0.5368775739415854,C_hard7
2022-09-04,0.0,100.02204821213412,-0.5368775739415854,C_hard7
2022-09-05,0.0,100.02204821213412,-0.5368775739415854,C_hard7
2022-09-06,0.0,100.02204821213412,-0.5368775739415854,C_hard7
2022-09-07,0.0,100.02204821213412,-0.5368775739415854,C_hard7
2022-09-08,0.0,100.02204821213412,-0.5368775739415854,C_hard7
2022-09-09,0.0,100.02204821213412,-0.5368775739415854,C_hard7
2022-09-10,0.0,100.02204821213412,-0.5368775739415854,C_hard7
2022-09-11,0.0,100.02204821213412,-0.5368775739415854,C_hard7
2022-09-12,0.0,100.02204821213412,-0.5368775739415854,C_hard7
2022-09-13,0.0,100.02204821213412,-0.5368775739415854,C_hard7
2022-09-14,0.0,100.02204821213412,-0.5368775739415854,C_hard7
2022-09-15,0.0,100.02204821213412,-0.5368775739415854,C_hard7
2022-09-16,0.0,100.02204821213412,-0.5368775739415854,C_hard7
2022-09-17,0.0,100.02204821213412,-0.5368775739415854,C_hard7
2022-09-18,0.0,100.02204821213412,-0.5368775739415854,C_hard7
2022-09-19,0.0,100.02204821213412,-0.5368775739415854,C_hard7
2022-09-20,0.0,100.02204821213412,-0.5368775739415854,C_hard7
2022-09-21,0.0,100.02204821213412,-0.5368775739415854,C_hard7
2022-09-22,0.0,100.02204821213412,-0.5368775739415854,C_hard7
2022-09-23,0.0,100.02204821213412,-0.5368775739415854,C_hard7
2022-09-24,0.0,100.02204821213412,-0.5368775739415854,C_hard7
2022-09-25,0.0,100.02204821213412,-0.5368775739415854,C_hard7
2022-09-26,-0.025122807017543856,99.99692540511657,-0.5618599940653279,C_hard7
2022-09-27,0.0,99.99692540511657,-0.5618599940653279,C_hard7
2022-09-28,0.0,99.99692540511657,-0.5618599940653279,C_hard7
2022-09-29,0.0,99.99692540511657,-0.5618599940653279,C_hard7
2022-09-30,0.0,99.99692540511657,-0.5618599940653279,C_hard7
2022-10-01,0.0,99.99692540511657,-0.5618599940653279,C_hard7
2022-10-02,0.0,99.99692540511657,-0.5618599940653279,C_hard7
2022-10-03,0.0,99.99692540511657,-0.5618599940653279,C_hard7
2022-10-04,0.0,99.99692540511657,-0.5618599940653279,C_hard7
2022-10-05,0.0,99.99692540511657,-0.5618599940653279,C_hard7
2022-10-06,0.0,99.99692540511657,-0.5618599940653279,C_hard7
2022-10-07,0.34107584572181404,100.33800125083839,-0.2226900889694905,C_hard7
2022-10-08,0.0,100.33800125083839,-0.2226900889694905,C_hard7
2022-10-09,0.0,100.33800125083839,-0.2226900889694905,C_hard7
2022-10-10,0.0,100.33800125083839,-0.2226900889694905,C_hard7
2022-10-11,0.0,100.33800125083839,-0.2226900889694905,C_hard7
2022-10-12,0.0,100.33800125083839,-0.2226900889694905,C_hard7
2022-10-13,0.0,100.33800125083839,-0.2226900889694905,C_hard7
2022-10-14,0.0,100.33800125083839,-0.2226900889694905,C_hard7
2022-10-15,0.0,100.33800125083839,-0.2226900889694905,C_hard7
2022-10-16,0.0,100.33800125083839,-0.2226900889694905,C_hard7
2022-10-17,0.0,100.33800125083839,-0.2226900889694905,C_hard7
2022-10-18,0.0,100.33800125083839,-0.2226900889694905,C_hard7
2022-10-19,0.0,100.33800125083839,-0.2226900889694905,C_hard7
2022-10-20,0.0,100.33800125083839,-0.2226900889694905,C_hard7
2022-10-21,0.0,100.33800125083839,-0.2226900889694905,C_hard7
2022-10-22,0.0,100.33800125083839,-0.2226900889694905,C_hard7
2022-10-23,0.0,100.33800125083839,-0.2226900889694905,C_hard7
2022-10-24,0.0,100.33800125083839,-0.2226900889694905,C_hard7
2022-10-25,-0.025122807017543873,100.31287844382085,-0.24767250909322192,C_hard7
2022-10-26,0.0,100.31287844382085,-0.24767250909322192,C_hard7
2022-10-27,0.0,100.31287844382085,-0.24767250909322192,C_hard7
2022-10-28,0.0,100.31287844382085,-0.24767250909322192,C_hard7
2022-10-29,0.0,100.31287844382085,-0.24767250909322192,C_hard7
2022-10-30,0.0,100.31287844382085,-0.24767250909322192,C_hard7
2022-10-31,0.0,100.31287844382085,-0.24767250909322192,C_hard7
2022-11-01,0.0,100.31287844382085,-0.24767250909322192,C_hard7
2022-11-02,0.0,100.31287844382085,-0.24767250909322192,C_hard7
2022-11-03,-0.03515615198082277,100.27772229184002,-0.28263220758972807,C_hard7
2022-11-04,0.0,100.27772229184002,-0.28263220758972807,C_hard7
2022-11-05,0.0,100.27772229184002,-0.28263220758972807,C_hard7
2022-11-06,0.0,100.27772229184002,-0.28263220758972807,C_hard7
2022-11-07,0.0,100.27772229184002,-0.28263220758972807,C_hard7
2022-11-08,0.0,100.27772229184002,-0.28263220758972807,C_hard7
2022-11-09,0.0,100.27772229184002,-0.28263220758972807,C_hard7
2022-11-10,0.0,100.27772229184002,-0.28263220758972807,C_hard7
2022-11-11,0.0,100.27772229184002,-0.28263220758972807,C_hard7
2022-11-12,0.0,100.27772229184002,-0.28263220758972807,C_hard7
2022-11-13,0.0,100.27772229184002,-0.28263220758972807,C_hard7
2022-11-14,0.0,100.27772229184002,-0.28263220758972807,C_hard7
2022-11-15,0.0,100.27772229184002,-0.28263220758972807,C_hard7
2022-11-16,0.0,100.27772229184002,-0.28263220758972807,C_hard7
2022-11-17,0.0,100.27772229184002,-0.28263220758972807,C_hard7
2022-11-18,0.0,100.27772229184002,-0.28263220758972807,C_hard7
2022-11-19,0.0,100.27772229184002,-0.28263220758972807,C_hard7
2022-11-20,0.0,100.27772229184002,-0.28263220758972807,C_hard7
2022-11-21,0.0,100.27772229184002,-0.28263220758972807,C_hard7
2022-11-22,0.0,100.27772229184002,-0.28263220758972807,C_hard7
2022-11-23,0.0,100.27772229184002,-0.28263220758972807,C_hard7
2022-11-24,0.0,100.27772229184002,-0.28263220758972807,C_hard7
2022-11-25,0.0,100.27772229184002,-0.28263220758972807,C_hard7
2022-11-26,0.0,100.27772229184002,-0.28263220758972807,C_hard7
2022-11-27,0.0,100.27772229184002,-0.28263220758972807,C_hard7
2022-11-28,0.0,100.27772229184002,-0.28263220758972807,C_hard7
2022-11-29,0.0,100.27772229184002,-0.28263220758972807,C_hard7
2022-11-30,0.0,100.27772229184002,-0.28263220758972807,C_hard7
2022-12-01,0.0,100.27772229184002,-0.28263220758972807,C_hard7
2022-12-02,0.0,100.27772229184002,-0.28263220758972807,C_hard7
2022-12-03,0.0,100.27772229184002,-0.28263220758972807,C_hard7
2022-12-04,0.0,100.27772229184002,-0.28263220758972807,C_hard7
2022-12-05,0.0,100.27772229184002,-0.28263220758972807,C_hard7
2022-12-06,0.0,100.27772229184002,-0.28263220758972807,C_hard7
2022-12-07,0.0,100.27772229184002,-0.28263220758972807,C_hard7
2022-12-08,0.0,100.27772229184002,-0.28263220758972807,C_hard7
2022-12-09,0.0,100.27772229184002,-0.28263220758972807,C_hard7
2022-12-10,0.0,100.27772229184002,-0.28263220758972807,C_hard7
2022-12-11,0.0,100.27772229184002,-0.28263220758972807,C_hard7
2022-12-12,0.0,100.27772229184002,-0.28263220758972807,C_hard7
2022-12-13,0.0,100.27772229184002,-0.28263220758972807,C_hard7
2022-12-14,0.0,100.27772229184002,-0.28263220758972807,C_hard7
2022-12-15,0.0,100.27772229184002,-0.28263220758972807,C_hard7
2022-12-16,0.0,100.27772229184002,-0.28263220758972807,C_hard7
2022-12-17,0.0,100.27772229184002,-0.28263220758972807,C_hard7
2022-12-18,0.0,100.27772229184002,-0.28263220758972807,C_hard7
2022-12-19,-0.025122807017543877,100.25259948482248,-0.3076146277134595,C_hard7
2022-12-20,0.0,100.25259948482248,-0.3076146277134595,C_hard7
2022-12-21,0.0,100.25259948482248,-0.3076146277134595,C_hard7
2022-12-22,0.0,100.25259948482248,-0.3076146277134595,C_hard7
2022-12-23,0.0,100.25259948482248,-0.3076146277134595,C_hard7
2022-12-24,0.0,100.25259948482248,-0.3076146277134595,C_hard7
2022-12-25,0.0,100.25259948482248,-0.3076146277134595,C_hard7
2022-12-26,-0.025122807017543866,100.22747667780493,-0.332597047837202,C_hard7
2022-12-27,0.0,100.22747667780493,-0.332597047837202,C_hard7
2022-12-28,0.0,100.22747667780493,-0.332597047837202,C_hard7
2022-12-29,0.0,100.22747667780493,-0.332597047837202,C_hard7
2022-12-30,0.0,100.22747667780493,-0.332597047837202,C_hard7
2022-12-31,0.0,100.22747667780493,-0.332597047837202,C_hard7
2023-01-01,0.0,100.22747667780493,-0.332597047837202,C_hard7
2023-01-02,0.0,100.22747667780493,-0.332597047837202,C_hard7
2023-01-03,0.0,100.22747667780493,-0.332597047837202,C_hard7
2023-01-04,0.0,100.22747667780493,-0.332597047837202,C_hard7
2023-01-05,0.0,100.22747667780493,-0.332597047837202,C_hard7
2023-01-06,0.8298629791615089,101.05733965696645,0.0,C_hard7
2023-01-07,0.0,101.05733965696645,0.0,C_hard7
2023-01-08,0.0,101.05733965696645,0.0,C_hard7
2023-01-09,0.0,101.05733965696645,0.0,C_hard7
2023-01-10,0.0,101.05733965696645,0.0,C_hard7
2023-01-11,0.0,101.05733965696645,0.0,C_hard7
2023-01-12,0.0,101.05733965696645,0.0,C_hard7
2023-01-13,0.0,101.05733965696645,0.0,C_hard7
2023-01-14,0.0,101.05733965696645,0.0,C_hard7
2023-01-15,0.0,101.05733965696645,0.0,C_hard7
2023-01-16,0.0,101.05733965696645,0.0,C_hard7
2023-01-17,0.0,101.05733965696645,0.0,C_hard7
2023-01-18,0.0,101.05733965696645,0.0,C_hard7
2023-01-19,0.0,101.05733965696645,0.0,C_hard7
2023-01-20,0.0,101.05733965696645,0.0,C_hard7
2023-01-21,0.0,101.05733965696645,0.0,C_hard7
2023-01-22,0.0,101.05733965696645,0.0,C_hard7
2023-01-23,-0.025122807017543877,101.0322168499489,-0.02485995287707654,C_hard7
2023-01-24,0.0,101.0322168499489,-0.02485995287707654,C_hard7
2023-01-25,-0.02717314954118041,101.00504370040773,-0.05174879601643756,C_hard7
2023-01-26,0.0,101.00504370040773,-0.05174879601643756,C_hard7
2023-01-27,-0.025122807017543887,100.97992089339017,-0.0766087488935141,C_hard7
2023-01-28,0.0,100.97992089339017,-0.0766087488935141,C_hard7
2023-01-29,0.0,100.97992089339017,-0.0766087488935141,C_hard7
2023-01-30,-0.028829983244515158,100.95109091014567,-0.10513709066698462,C_hard7
2023-01-31,0.0,100.95109091014567,-0.10513709066698462,C_hard7
2023-02-01,0.0,100.95109091014567,-0.10513709066698462,C_hard7
2023-02-02,0.0,100.95109091014567,-0.10513709066698462,C_hard7
2023-02-03,0.0,100.95109091014567,-0.10513709066698462,C_hard7
2023-02-04,0.0,100.95109091014567,-0.10513709066698462,C_hard7
2023-02-05,0.0,100.95109091014567,-0.10513709066698462,C_hard7
2023-02-06,0.0,100.95109091014567,-0.10513709066698462,C_hard7
2023-02-07,0.0,100.95109091014567,-0.10513709066698462,C_hard7
2023-02-08,0.0,100.95109091014567,-0.10513709066698462,C_hard7
2023-02-09,0.0,100.95109091014567,-0.10513709066698462,C_hard7
2023-02-10,0.0,100.95109091014567,-0.10513709066698462,C_hard7
2023-02-11,0.0,100.95109091014567,-0.10513709066698462,C_hard7
2023-02-12,0.0,100.95109091014567,-0.10513709066698462,C_hard7
2023-02-13,0.0,100.95109091014567,-0.10513709066698462,C_hard7
2023-02-14,0.0,100.95109091014567,-0.10513709066698462,C_hard7
2023-02-15,0.0,100.95109091014567,-0.10513709066698462,C_hard7
2023-02-16,0.0,100.95109091014567,-0.10513709066698462,C_hard7
2023-02-17,0.0,100.95109091014567,-0.10513709066698462,C_hard7
2023-02-18,0.0,100.95109091014567,-0.10513709066698462,C_hard7
2023-02-19,0.0,100.95109091014567,-0.10513709066698462,C_hard7
2023-02-20,0.0,100.95109091014567,-0.10513709066698462,C_hard7
2023-02-21,0.0,100.95109091014567,-0.10513709066698462,C_hard7
2023-02-22,0.0,100.95109091014567,-0.10513709066698462,C_hard7
2023-02-23,0.0,100.95109091014567,-0.10513709066698462,C_hard7
2023-02-24,0.0,100.95109091014567,-0.10513709066698462,C_hard7
2023-02-25,0.0,100.95109091014567,-0.10513709066698462,C_hard7
2023-02-26,0.0,100.95109091014567,-0.10513709066698462,C_hard7
2023-02-27,-0.025122807017543873,100.92596810312811,-0.12999704354406116,C_hard7
2023-02-28,0.0,100.92596810312811,-0.12999704354406116,C_hard7
2023-03-01,0.0,100.92596810312811,-0.12999704354406116,C_hard7
2023-03-02,0.0,100.92596810312811,-0.12999704354406116,C_hard7
2023-03-03,0.0,100.92596810312811,-0.12999704354406116,C_hard7
2023-03-04,0.0,100.92596810312811,-0.12999704354406116,C_hard7
2023-03-05,0.0,100.92596810312811,-0.12999704354406116,C_hard7
2023-03-06,0.0,100.92596810312811,-0.12999704354406116,C_hard7
2023-03-07,0.0,100.92596810312811,-0.12999704354406116,C_hard7
2023-03-08,0.0,100.92596810312811,-0.12999704354406116,C_hard7
2023-03-09,0.0,100.92596810312811,-0.12999704354406116,C_hard7
2023-03-10,0.0,100.92596810312811,-0.12999704354406116,C_hard7
2023-03-11,0.0,100.92596810312811,-0.12999704354406116,C_hard7
2023-03-12,0.0,100.92596810312811,-0.12999704354406116,C_hard7
2023-03-13,0.0,100.92596810312811,-0.12999704354406116,C_hard7
2023-03-14,0.0,100.92596810312811,-0.12999704354406116,C_hard7
2023-03-15,0.0,100.92596810312811,-0.12999704354406116,C_hard7
2023-03-16,0.0,100.92596810312811,-0.12999704354406116,C_hard7
2023-03-17,0.0,100.92596810312811,-0.12999704354406116,C_hard7
2023-03-18,0.0,100.92596810312811,-0.12999704354406116,C_hard7
2023-03-19,0.0,100.92596810312811,-0.12999704354406116,C_hard7
2023-03-20,0.0,100.92596810312811,-0.12999704354406116,C_hard7
2023-03-21,0.0,100.92596810312811,-0.12999704354406116,C_hard7
2023-03-22,0.0,100.92596810312811,-0.12999704354406116,C_hard7
2023-03-23,0.0,100.92596810312811,-0.12999704354406116,C_hard7
2023-03-24,0.0,100.92596810312811,-0.12999704354406116,C_hard7
2023-03-25,0.0,100.92596810312811,-0.12999704354406116,C_hard7
2023-03-26,0.0,100.92596810312811,-0.12999704354406116,C_hard7
2023-03-27,0.0,100.92596810312811,-0.12999704354406116,C_hard7
2023-03-28,0.0,100.92596810312811,-0.12999704354406116,C_hard7
2023-03-29,0.0,100.92596810312811,-0.12999704354406116,C_hard7
2023-03-30,0.0,100.92596810312811,-0.12999704354406116,C_hard7
2023-03-31,0.0,100.92596810312811,-0.12999704354406116,C_hard7
2023-04-01,0.0,100.92596810312811,-0.12999704354406116,C_hard7
2023-04-02,0.0,100.92596810312811,-0.12999704354406116,C_hard7
2023-04-03,0.0,100.92596810312811,-0.12999704354406116,C_hard7
2023-04-04,0.0,100.92596810312811,-0.12999704354406116,C_hard7
2023-04-05,0.0,100.92596810312811,-0.12999704354406116,C_hard7
2023-04-06,0.0,100.92596810312811,-0.12999704354406116,C_hard7
2023-04-07,0.0,100.92596810312811,-0.12999704354406116,C_hard7
2023-04-08,0.0,100.92596810312811,-0.12999704354406116,C_hard7
2023-04-09,0.0,100.92596810312811,-0.12999704354406116,C_hard7
2023-04-10,0.0,100.92596810312811,-0.12999704354406116,C_hard7
2023-04-11,0.0,100.92596810312811,-0.12999704354406116,C_hard7
2023-04-12,0.2765698804656462,101.20253798359376,0.0,C_hard7
2023-04-13,0.0,101.20253798359376,0.0,C_hard7
2023-04-14,0.0,101.20253798359376,0.0,C_hard7
2023-04-15,0.0,101.20253798359376,0.0,C_hard7
2023-04-16,0.0,101.20253798359376,0.0,C_hard7
2023-04-17,0.0,101.20253798359376,0.0,C_hard7
2023-04-18,0.0,101.20253798359376,0.0,C_hard7
2023-04-19,0.0,101.20253798359376,0.0,C_hard7
2023-04-20,0.0,101.20253798359376,0.0,C_hard7
2023-04-21,0.0,101.20253798359376,0.0,C_hard7
2023-04-22,0.0,101.20253798359376,0.0,C_hard7
2023-04-23,0.0,101.20253798359376,0.0,C_hard7
2023-04-24,0.0,101.20253798359376,0.0,C_hard7
2023-04-25,0.0,101.20253798359376,0.0,C_hard7
2023-04-26,0.0,101.20253798359376,0.0,C_hard7
2023-04-27,0.0,101.20253798359376,0.0,C_hard7
2023-04-28,0.0,101.20253798359376,0.0,C_hard7
2023-04-29,0.0,101.20253798359376,0.0,C_hard7
2023-04-30,0.0,101.20253798359376,0.0,C_hard7
2023-05-01,0.0,101.20253798359376,0.0,C_hard7
2023-05-02,0.0,101.20253798359376,0.0,C_hard7
2023-05-03,0.0,101.20253798359376,0.0,C_hard7
2023-05-04,0.0,101.20253798359376,0.0,C_hard7
2023-05-05,0.0,101.20253798359376,0.0,C_hard7
2023-05-06,0.0,101.20253798359376,0.0,C_hard7
2023-05-07,0.0,101.20253798359376,0.0,C_hard7
2023-05-08,0.0,101.20253798359376,0.0,C_hard7
2023-05-09,0.0,101.20253798359376,0.0,C_hard7
2023-05-10,0.0,101.20253798359376,0.0,C_hard7
2023-05-11,0.0,101.20253798359376,0.0,C_hard7
2023-05-12,0.0,101.20253798359376,0.0,C_hard7
2023-05-13,0.0,101.20253798359376,0.0,C_hard7
2023-05-14,0.0,101.20253798359376,0.0,C_hard7
2023-05-15,0.0,101.20253798359376,0.0,C_hard7
2023-05-16,-0.02512280701754389,101.17741517657622,-0.02482428555459215,C_hard7
2023-05-17,0.0,101.17741517657622,-0.02482428555459215,C_hard7
2023-05-18,0.0,101.17741517657622,-0.02482428555459215,C_hard7
2023-05-19,0.0,101.17741517657622,-0.02482428555459215,C_hard7
2023-05-20,0.0,101.17741517657622,-0.02482428555459215,C_hard7
2023-05-21,0.0,101.17741517657622,-0.02482428555459215,C_hard7
2023-05-22,0.0,101.17741517657622,-0.02482428555459215,C_hard7
2023-05-23,0.0,101.17741517657622,-0.02482428555459215,C_hard7
2023-05-24,0.0,101.17741517657622,-0.02482428555459215,C_hard7
2023-05-25,0.0,101.17741517657622,-0.02482428555459215,C_hard7
2023-05-26,0.0,101.17741517657622,-0.02482428555459215,C_hard7
2023-05-27,0.0,101.17741517657622,-0.02482428555459215,C_hard7
2023-05-28,0.0,101.17741517657622,-0.02482428555459215,C_hard7
2023-05-29,0.0,101.17741517657622,-0.02482428555459215,C_hard7
2023-05-30,0.0,101.17741517657622,-0.02482428555459215,C_hard7
2023-05-31,0.0,101.17741517657622,-0.02482428555459215,C_hard7
2023-06-01,0.0,101.17741517657622,-0.02482428555459215,C_hard7
2023-06-02,0.0,101.17741517657622,-0.02482428555459215,C_hard7
2023-06-03,0.0,101.17741517657622,-0.02482428555459215,C_hard7
2023-06-04,0.0,101.17741517657622,-0.02482428555459215,C_hard7
2023-06-05,0.0,101.17741517657622,-0.02482428555459215,C_hard7
2023-06-06,0.0,101.17741517657622,-0.02482428555459215,C_hard7
2023-06-07,0.0,101.17741517657622,-0.02482428555459215,C_hard7
2023-06-08,0.0,101.17741517657622,-0.02482428555459215,C_hard7
2023-06-09,0.0,101.17741517657622,-0.02482428555459215,C_hard7
2023-06-10,0.0,101.17741517657622,-0.02482428555459215,C_hard7
2023-06-11,0.0,101.17741517657622,-0.02482428555459215,C_hard7
2023-06-12,0.0,101.17741517657622,-0.02482428555459215,C_hard7
2023-06-13,0.0,101.17741517657622,-0.02482428555459215,C_hard7
2023-06-14,0.0,101.17741517657622,-0.02482428555459215,C_hard7
2023-06-15,0.0,101.17741517657622,-0.02482428555459215,C_hard7
2023-06-16,0.0,101.17741517657622,-0.02482428555459215,C_hard7
2023-06-17,0.0,101.17741517657622,-0.02482428555459215,C_hard7
2023-06-18,0.0,101.17741517657622,-0.02482428555459215,C_hard7
2023-06-19,0.0,101.17741517657622,-0.02482428555459215,C_hard7
2023-06-20,0.0,101.17741517657622,-0.02482428555459215,C_hard7
2023-06-21,0.0,101.17741517657622,-0.02482428555459215,C_hard7
2023-06-22,0.0,101.17741517657622,-0.02482428555459215,C_hard7
2023-06-23,0.0,101.17741517657622,-0.02482428555459215,C_hard7
2023-06-24,0.0,101.17741517657622,-0.02482428555459215,C_hard7
2023-06-25,0.0,101.17741517657622,-0.02482428555459215,C_hard7
2023-06-26,0.0,101.17741517657622,-0.02482428555459215,C_hard7
2023-06-27,0.0,101.17741517657622,-0.02482428555459215,C_hard7
2023-06-28,0.0,101.17741517657622,-0.02482428555459215,C_hard7
2023-06-29,0.0,101.17741517657622,-0.02482428555459215,C_hard7
2023-06-30,0.0,101.17741517657622,-0.02482428555459215,C_hard7
2023-07-01,0.0,101.17741517657622,-0.02482428555459215,C_hard7
2023-07-02,0.0,101.17741517657622,-0.02482428555459215,C_hard7
2023-07-03,0.0,101.17741517657622,-0.02482428555459215,C_hard7
2023-07-04,0.0,101.17741517657622,-0.02482428555459215,C_hard7
2023-07-05,0.0,101.17741517657622,-0.02482428555459215,C_hard7
2023-07-06,0.0,101.17741517657622,-0.02482428555459215,C_hard7
2023-07-07,0.0,101.17741517657622,-0.02482428555459215,C_hard7
2023-07-08,0.0,101.17741517657622,-0.02482428555459215,C_hard7
2023-07-09,0.0,101.17741517657622,-0.02482428555459215,C_hard7
2023-07-10,0.0,101.17741517657622,-0.02482428555459215,C_hard7
2023-07-11,0.0,101.17741517657622,-0.02482428555459215,C_hard7
2023-07-12,0.0,101.17741517657622,-0.02482428555459215,C_hard7
2023-07-13,0.6644921466026201,101.84190732317884,0.0,C_hard7
2023-07-14,0.0,101.84190732317884,0.0,C_hard7
2023-07-15,0.0,101.84190732317884,0.0,C_hard7
2023-07-16,0.0,101.84190732317884,0.0,C_hard7
2023-07-17,0.0,101.84190732317884,0.0,C_hard7
2023-07-18,0.0,101.84190732317884,0.0,C_hard7
2023-07-19,0.0,101.84190732317884,0.0,C_hard7
2023-07-20,0.0,101.84190732317884,0.0,C_hard7
2023-07-21,0.0,101.84190732317884,0.0,C_hard7
2023-07-22,0.0,101.84190732317884,0.0,C_hard7
2023-07-23,0.0,101.84190732317884,0.0,C_hard7
2023-07-24,0.0,101.84190732317884,0.0,C_hard7
2023-07-25,0.0,101.84190732317884,0.0,C_hard7
2023-07-26,0.0,101.84190732317884,0.0,C_hard7
2023-07-27,0.0,101.84190732317884,0.0,C_hard7
2023-07-28,0.0,101.84190732317884,0.0,C_hard7
2023-07-29,0.0,101.84190732317884,0.0,C_hard7
2023-07-30,0.0,101.84190732317884,0.0,C_hard7
2023-07-31,0.0,101.84190732317884,0.0,C_hard7
2023-08-01,0.0,101.84190732317884,0.0,C_hard7
2023-08-02,0.0,101.84190732317884,0.0,C_hard7
2023-08-03,0.0,101.84190732317884,0.0,C_hard7
2023-08-04,0.0,101.84190732317884,0.0,C_hard7
2023-08-05,0.0,101.84190732317884,0.0,C_hard7
2023-08-06,0.0,101.84190732317884,0.0,C_hard7
2023-08-07,0.0,101.84190732317884,0.0,C_hard7
2023-08-08,0.0,101.84190732317884,0.0,C_hard7
2023-08-09,0.0,101.84190732317884,0.0,C_hard7
2023-08-10,0.0,101.84190732317884,0.0,C_hard7
2023-08-11,0.0,101.84190732317884,0.0,C_hard7
2023-08-12,0.0,101.84190732317884,0.0,C_hard7
2023-08-13,0.0,101.84190732317884,0.0,C_hard7
2023-08-14,-0.025122807017543863,101.81678451616129,-0.024668437265051857,C_hard7
2023-08-15,0.0,101.81678451616129,-0.024668437265051857,C_hard7
2023-08-16,0.0,101.81678451616129,-0.024668437265051857,C_hard7
2023-08-17,0.0,101.81678451616129,-0.024668437265051857,C_hard7
2023-08-18,0.0,101.81678451616129,-0.024668437265051857,C_hard7
2023-08-19,0.0,101.81678451616129,-0.024668437265051857,C_hard7
2023-08-20,0.0,101.81678451616129,-0.024668437265051857,C_hard7
2023-08-21,0.0,101.81678451616129,-0.024668437265051857,C_hard7
2023-08-22,0.0,101.81678451616129,-0.024668437265051857,C_hard7
2023-08-23,0.0,101.81678451616129,-0.024668437265051857,C_hard7
2023-08-24,0.0,101.81678451616129,-0.024668437265051857,C_hard7
2023-08-25,0.0,101.81678451616129,-0.024668437265051857,C_hard7
2023-08-26,0.0,101.81678451616129,-0.024668437265051857,C_hard7
2023-08-27,0.0,101.81678451616129,-0.024668437265051857,C_hard7
2023-08-28,0.0,101.81678451616129,-0.024668437265051857,C_hard7
2023-08-29,0.0,101.81678451616129,-0.024668437265051857,C_hard7
2023-08-30,0.0,101.81678451616129,-0.024668437265051857,C_hard7
2023-08-31,0.0,101.81678451616129,-0.024668437265051857,C_hard7
2023-09-01,0.0,101.81678451616129,-0.024668437265051857,C_hard7
2023-09-02,0.0,101.81678451616129,-0.024668437265051857,C_hard7
2023-09-03,0.0,101.81678451616129,-0.024668437265051857,C_hard7
2023-09-04,0.0,101.81678451616129,-0.024668437265051857,C_hard7
2023-09-05,0.0,101.81678451616129,-0.024668437265051857,C_hard7
2023-09-06,0.0,101.81678451616129,-0.024668437265051857,C_hard7
2023-09-07,0.0,101.81678451616129,-0.024668437265051857,C_hard7
2023-09-08,0.0,101.81678451616129,-0.024668437265051857,C_hard7
2023-09-09,0.0,101.81678451616129,-0.024668437265051857,C_hard7
2023-09-10,0.0,101.81678451616129,-0.024668437265051857,C_hard7
2023-09-11,0.0,101.81678451616129,-0.024668437265051857,C_hard7
2023-09-12,0.0,101.81678451616129,-0.024668437265051857,C_hard7
2023-09-13,0.0,101.81678451616129,-0.024668437265051857,C_hard7
2023-09-14,0.0,101.81678451616129,-0.024668437265051857,C_hard7
2023-09-15,0.0,101.81678451616129,-0.024668437265051857,C_hard7
2023-09-16,0.0,101.81678451616129,-0.024668437265051857,C_hard7
2023-09-17,0.0,101.81678451616129,-0.024668437265051857,C_hard7
2023-09-18,0.0,101.81678451616129,-0.024668437265051857,C_hard7
2023-09-19,0.0,101.81678451616129,-0.024668437265051857,C_hard7
2023-09-20,0.0,101.81678451616129,-0.024668437265051857,C_hard7
2023-09-21,0.0,101.81678451616129,-0.024668437265051857,C_hard7
2023-09-22,0.0,101.81678451616129,-0.024668437265051857,C_hard7
2023-09-23,0.0,101.81678451616129,-0.024668437265051857,C_hard7
2023-09-24,0.0,101.81678451616129,-0.024668437265051857,C_hard7
2023-09-25,0.0,101.81678451616129,-0.024668437265051857,C_hard7
2023-09-26,0.0,101.81678451616129,-0.024668437265051857,C_hard7
2023-09-27,0.0,101.81678451616129,-0.024668437265051857,C_hard7
2023-09-28,-0.02512280701754391,101.79166170914375,-0.04933687453009261,C_hard7
2023-09-29,0.0,101.79166170914375,-0.04933687453009261,C_hard7
2023-09-30,0.0,101.79166170914375,-0.04933687453009261,C_hard7
2023-10-01,0.0,101.79166170914375,-0.04933687453009261,C_hard7
2023-10-02,0.0,101.79166170914375,-0.04933687453009261,C_hard7
2023-10-03,0.0,101.79166170914375,-0.04933687453009261,C_hard7
2023-10-04,0.0,101.79166170914375,-0.04933687453009261,C_hard7
2023-10-05,0.0,101.79166170914375,-0.04933687453009261,C_hard7
2023-10-06,0.0,101.79166170914375,-0.04933687453009261,C_hard7
2023-10-07,0.0,101.79166170914375,-0.04933687453009261,C_hard7
2023-10-08,0.0,101.79166170914375,-0.04933687453009261,C_hard7
2023-10-09,0.0,101.79166170914375,-0.04933687453009261,C_hard7
2023-10-10,0.0,101.79166170914375,-0.04933687453009261,C_hard7
2023-10-11,0.0,101.79166170914375,-0.04933687453009261,C_hard7
2023-10-12,0.0,101.79166170914375,-0.04933687453009261,C_hard7
2023-10-13,0.4261122746630229,102.21777398380678,0.0,C_hard7
2023-10-14,0.0,102.21777398380678,0.0,C_hard7
2023-10-15,0.0,102.21777398380678,0.0,C_hard7
2023-10-16,0.0,102.21777398380678,0.0,C_hard7
2023-10-17,0.0,102.21777398380678,0.0,C_hard7
2023-10-18,0.0,102.21777398380678,0.0,C_hard7
2023-10-19,0.0,102.21777398380678,0.0,C_hard7
2023-10-20,0.0,102.21777398380678,0.0,C_hard7
2023-10-21,0.0,102.21777398380678,0.0,C_hard7
2023-10-22,0.0,102.21777398380678,0.0,C_hard7
2023-10-23,0.0,102.21777398380678,0.0,C_hard7
2023-10-24,0.0,102.21777398380678,0.0,C_hard7
2023-10-25,0.0,102.21777398380678,0.0,C_hard7
2023-10-26,0.0,102.21777398380678,0.0,C_hard7
2023-10-27,0.0,102.21777398380678,0.0,C_hard7
2023-10-28,0.0,102.21777398380678,0.0,C_hard7
2023-10-29,0.0,102.21777398380678,0.0,C_hard7
2023-10-30,0.0,102.21777398380678,0.0,C_hard7
2023-10-31,0.0,102.21777398380678,0.0,C_hard7
2023-11-01,-0.0251228070175439,102.19265117678923,-0.024577728548003108,C_hard7
2023-11-02,0.0,102.19265117678923,-0.024577728548003108,C_hard7
2023-11-03,0.0,102.19265117678923,-0.024577728548003108,C_hard7
2023-11-04,0.0,102.19265117678923,-0.024577728548003108,C_hard7
2023-11-05,0.0,102.19265117678923,-0.024577728548003108,C_hard7
2023-11-06,0.0,102.19265117678923,-0.024577728548003108,C_hard7
2023-11-07,0.0,102.19265117678923,-0.024577728548003108,C_hard7
2023-11-08,0.0,102.19265117678923,-0.024577728548003108,C_hard7
2023-11-09,0.0,102.19265117678923,-0.024577728548003108,C_hard7
2023-11-10,0.0,102.19265117678923,-0.024577728548003108,C_hard7
2023-11-11,0.0,102.19265117678923,-0.024577728548003108,C_hard7
2023-11-12,0.0,102.19265117678923,-0.024577728548003108,C_hard7
2023-11-13,0.0,102.19265117678923,-0.024577728548003108,C_hard7
2023-11-14,0.0,102.19265117678923,-0.024577728548003108,C_hard7
2023-11-15,0.0,102.19265117678923,-0.024577728548003108,C_hard7
2023-11-16,0.0,102.19265117678923,-0.024577728548003108,C_hard7
2023-11-17,0.0,102.19265117678923,-0.024577728548003108,C_hard7
2023-11-18,0.0,102.19265117678923,-0.024577728548003108,C_hard7
2023-11-19,0.0,102.19265117678923,-0.024577728548003108,C_hard7
2023-11-20,0.0,102.19265117678923,-0.024577728548003108,C_hard7
2023-11-21,0.0,102.19265117678923,-0.024577728548003108,C_hard7
2023-11-22,0.0,102.19265117678923,-0.024577728548003108,C_hard7
2023-11-23,0.0,102.19265117678923,-0.024577728548003108,C_hard7
2023-11-24,0.0,102.19265117678923,-0.024577728548003108,C_hard7
2023-11-25,0.0,102.19265117678923,-0.024577728548003108,C_hard7
2023-11-26,0.0,102.19265117678923,-0.024577728548003108,C_hard7
2023-11-27,0.0,102.19265117678923,-0.024577728548003108,C_hard7
2023-11-28,0.0,102.19265117678923,-0.024577728548003108,C_hard7
2023-11-29,0.0,102.19265117678923,-0.024577728548003108,C_hard7
2023-11-30,0.0,102.19265117678923,-0.024577728548003108,C_hard7
2023-12-01,0.0,102.19265117678923,-0.024577728548003108,C_hard7
2023-12-02,0.0,102.19265117678923,-0.024577728548003108,C_hard7
2023-12-03,0.0,102.19265117678923,-0.024577728548003108,C_hard7
2023-12-04,0.0,102.19265117678923,-0.024577728548003108,C_hard7
2023-12-05,0.0,102.19265117678923,-0.024577728548003108,C_hard7
2023-12-06,0.0,102.19265117678923,-0.024577728548003108,C_hard7
2023-12-07,0.0,102.19265117678923,-0.024577728548003108,C_hard7
2023-12-08,0.0,102.19265117678923,-0.024577728548003108,C_hard7
2023-12-09,0.0,102.19265117678923,-0.024577728548003108,C_hard7
2023-12-10,0.0,102.19265117678923,-0.024577728548003108,C_hard7
2023-12-11,0.0,102.19265117678923,-0.024577728548003108,C_hard7
2023-12-12,0.0,102.19265117678923,-0.024577728548003108,C_hard7
2023-12-13,0.0,102.19265117678923,-0.024577728548003108,C_hard7
2023-12-14,0.0,102.19265117678923,-0.024577728548003108,C_hard7
2023-12-15,-0.025122807017543863,102.16752836977169,-0.049155457095995114,C_hard7
2023-12-16,0.0,102.16752836977169,-0.049155457095995114,C_hard7
2023-12-17,0.0,102.16752836977169,-0.049155457095995114,C_hard7
2023-12-18,0.0,102.16752836977169,-0.049155457095995114,C_hard7
2023-12-19,0.0,102.16752836977169,-0.049155457095995114,C_hard7
2023-12-20,0.0,102.16752836977169,-0.049155457095995114,C_hard7
2023-12-21,0.0,102.16752836977169,-0.049155457095995114,C_hard7
2023-12-22,0.0,102.16752836977169,-0.049155457095995114,C_hard7
2023-12-23,0.0,102.16752836977169,-0.049155457095995114,C_hard7
2023-12-24,0.0,102.16752836977169,-0.049155457095995114,C_hard7
2023-12-25,0.0,102.16752836977169,-0.049155457095995114,C_hard7
2023-12-26,0.0,102.16752836977169,-0.049155457095995114,C_hard7
2023-12-27,0.0,102.16752836977169,-0.049155457095995114,C_hard7
2023-12-28,0.0,102.16752836977169,-0.049155457095995114,C_hard7
2023-12-29,0.0,102.16752836977169,-0.049155457095995114,C_hard7
2023-12-30,0.0,102.16752836977169,-0.049155457095995114,C_hard7
2023-12-31,0.0,102.16752836977169,-0.049155457095995114,C_hard7
2024-01-01,0.0,102.16752836977169,-0.049155457095995114,C_hard7
2024-01-02,0.0,102.16752836977169,-0.049155457095995114,C_hard7
2024-01-03,0.0,102.16752836977169,-0.049155457095995114,C_hard7
2024-01-04,0.0,102.16752836977169,-0.049155457095995114,C_hard7
2024-01-05,0.0,102.16752836977169,-0.049155457095995114,C_hard7
2024-01-06,0.0,102.16752836977169,-0.049155457095995114,C_hard7
2024-01-07,0.0,102.16752836977169,-0.049155457095995114,C_hard7
2024-01-08,0.0,102.16752836977169,-0.049155457095995114,C_hard7
2024-01-09,0.0,102.16752836977169,-0.049155457095995114,C_hard7
2024-01-10,0.0,102.16752836977169,-0.049155457095995114,C_hard7
2024-01-11,0.0,102.16752836977169,-0.049155457095995114,C_hard7
2024-01-12,0.0,102.16752836977169,-0.049155457095995114,C_hard7
2024-01-13,0.0,102.16752836977169,-0.049155457095995114,C_hard7
2024-01-14,0.0,102.16752836977169,-0.049155457095995114,C_hard7
2024-01-15,0.662225470131957,102.82975383990365,0.0,C_hard7
2024-01-16,0.0,102.82975383990365,0.0,C_hard7
2024-01-17,-0.025122807017543863,102.80463103288609,-0.024431456927020978,C_hard7
2024-01-18,0.0,102.80463103288609,-0.024431456927020978,C_hard7
2024-01-19,0.0,102.80463103288609,-0.024431456927020978,C_hard7
2024-01-20,0.0,102.80463103288609,-0.024431456927020978,C_hard7
2024-01-21,0.0,102.80463103288609,-0.024431456927020978,C_hard7
2024-01-22,0.0,102.80463103288609,-0.024431456927020978,C_hard7
2024-01-23,-0.05024561403508778,102.75438541885102,-0.07329437078101853,C_hard7
2024-01-24,0.0,102.75438541885102,-0.07329437078101853,C_hard7
2024-01-25,0.0,102.75438541885102,-0.07329437078101853,C_hard7
2024-01-26,0.0,102.75438541885102,-0.07329437078101853,C_hard7
2024-01-27,0.0,102.75438541885102,-0.07329437078101853,C_hard7
2024-01-28,0.0,102.75438541885102,-0.07329437078101853,C_hard7
2024-01-29,0.0,102.75438541885102,-0.07329437078101853,C_hard7
2024-01-30,0.0,102.75438541885102,-0.07329437078101853,C_hard7
2024-01-31,0.0,102.75438541885102,-0.07329437078101853,C_hard7
2024-02-01,0.0,102.75438541885102,-0.07329437078101853,C_hard7
2024-02-02,0.0,102.75438541885102,-0.07329437078101853,C_hard7
2024-02-03,0.0,102.75438541885102,-0.07329437078101853,C_hard7
2024-02-04,0.0,102.75438541885102,-0.07329437078101853,C_hard7
2024-02-05,0.0,102.75438541885102,-0.07329437078101853,C_hard7
2024-02-06,0.0,102.75438541885102,-0.07329437078101853,C_hard7
2024-02-07,0.0,102.75438541885102,-0.07329437078101853,C_hard7
2024-02-08,0.0,102.75438541885102,-0.07329437078101853,C_hard7
2024-02-09,0.0,102.75438541885102,-0.07329437078101853,C_hard7
2024-02-10,0.0,102.75438541885102,-0.07329437078101853,C_hard7
2024-02-11,0.0,102.75438541885102,-0.07329437078101853,C_hard7
2024-02-12,-0.025122807017543866,102.72926261183346,-0.0977258277080395,C_hard7
2024-02-13,0.0,102.72926261183346,-0.0977258277080395,C_hard7
2024-02-14,0.0,102.72926261183346,-0.0977258277080395,C_hard7
2024-02-15,0.0,102.72926261183346,-0.0977258277080395,C_hard7
2024-02-16,0.0,102.72926261183346,-0.0977258277080395,C_hard7
2024-02-17,0.0,102.72926261183346,-0.0977258277080395,C_hard7
2024-02-18,0.0,102.72926261183346,-0.0977258277080395,C_hard7
2024-02-19,0.0,102.72926261183346,-0.0977258277080395,C_hard7
2024-02-20,0.0,102.72926261183346,-0.0977258277080395,C_hard7
2024-02-21,0.0,102.72926261183346,-0.0977258277080395,C_hard7
2024-02-22,0.0,102.72926261183346,-0.0977258277080395,C_hard7
2024-02-23,0.0,102.72926261183346,-0.0977258277080395,C_hard7
2024-02-24,0.0,102.72926261183346,-0.0977258277080395,C_hard7
2024-02-25,0.0,102.72926261183346,-0.0977258277080395,C_hard7
2024-02-26,0.0,102.72926261183346,-0.0977258277080395,C_hard7
2024-02-27,0.0,102.72926261183346,-0.0977258277080395,C_hard7
2024-02-28,0.0,102.72926261183346,-0.0977258277080395,C_hard7
2024-02-29,0.0,102.72926261183346,-0.0977258277080395,C_hard7
2024-03-01,0.0,102.72926261183346,-0.0977258277080395,C_hard7
2024-03-02,0.0,102.72926261183346,-0.0977258277080395,C_hard7
2024-03-03,0.0,102.72926261183346,-0.0977258277080395,C_hard7
2024-03-04,0.0,102.72926261183346,-0.0977258277080395,C_hard7
2024-03-05,-0.02512280701754391,102.70413980481592,-0.12215728463503828,C_hard7
2024-03-06,0.0,102.70413980481592,-0.12215728463503828,C_hard7
2024-03-07,0.0,102.70413980481592,-0.12215728463503828,C_hard7
2024-03-08,0.0,102.70413980481592,-0.12215728463503828,C_hard7
2024-03-09,0.0,102.70413980481592,-0.12215728463503828,C_hard7
2024-03-10,0.0,102.70413980481592,-0.12215728463503828,C_hard7
2024-03-11,0.0,102.70413980481592,-0.12215728463503828,C_hard7
2024-03-12,0.0,102.70413980481592,-0.12215728463503828,C_hard7
2024-03-13,0.0,102.70413980481592,-0.12215728463503828,C_hard7
2024-03-14,-0.0251228070175439,102.67901699779839,-0.14658874156203705,C_hard7
2024-03-15,0.0,102.67901699779839,-0.14658874156203705,C_hard7
2024-03-16,0.0,102.67901699779839,-0.14658874156203705,C_hard7
2024-03-17,0.0,102.67901699779839,-0.14658874156203705,C_hard7
2024-03-18,0.0,102.67901699779839,-0.14658874156203705,C_hard7
2024-03-19,0.0,102.67901699779839,-0.14658874156203705,C_hard7
2024-03-20,0.0,102.67901699779839,-0.14658874156203705,C_hard7
2024-03-21,0.0,102.67901699779839,-0.14658874156203705,C_hard7
2024-03-22,0.0,102.67901699779839,-0.14658874156203705,C_hard7
2024-03-23,0.0,102.67901699779839,-0.14658874156203705,C_hard7
2024-03-24,0.0,102.67901699779839,-0.14658874156203705,C_hard7
2024-03-25,0.0,102.67901699779839,-0.14658874156203705,C_hard7
2024-03-26,0.0,102.67901699779839,-0.14658874156203705,C_hard7
2024-03-27,0.0,102.67901699779839,-0.14658874156203705,C_hard7
2024-03-28,0.0,102.67901699779839,-0.14658874156203705,C_hard7
2024-03-29,0.0,102.67901699779839,-0.14658874156203705,C_hard7
2024-03-30,0.0,102.67901699779839,-0.14658874156203705,C_hard7
2024-03-31,0.0,102.67901699779839,-0.14658874156203705,C_hard7
2024-04-01,0.0,102.67901699779839,-0.14658874156203705,C_hard7
2024-04-02,0.0,102.67901699779839,-0.14658874156203705,C_hard7
2024-04-03,0.0,102.67901699779839,-0.14658874156203705,C_hard7
2024-04-04,0.0,102.67901699779839,-0.14658874156203705,C_hard7
2024-04-05,0.0,102.67901699779839,-0.14658874156203705,C_hard7
2024-04-06,0.0,102.67901699779839,-0.14658874156203705,C_hard7
2024-04-07,0.0,102.67901699779839,-0.14658874156203705,C_hard7
2024-04-08,0.0,102.67901699779839,-0.14658874156203705,C_hard7
2024-04-09,0.0,102.67901699779839,-0.14658874156203705,C_hard7
2024-04-10,0.0,102.67901699779839,-0.14658874156203705,C_hard7
2024-04-11,0.0,102.67901699779839,-0.14658874156203705,C_hard7
2024-04-12,0.0,102.67901699779839,-0.14658874156203705,C_hard7
2024-04-13,0.0,102.67901699779839,-0.14658874156203705,C_hard7
2024-04-14,0.0,102.67901699779839,-0.14658874156203705,C_hard7
2024-04-15,0.0,102.67901699779839,-0.14658874156203705,C_hard7
2024-04-16,0.0,102.67901699779839,-0.14658874156203705,C_hard7
2024-04-17,0.0,102.67901699779839,-0.14658874156203705,C_hard7
2024-04-18,0.18830298472866808,102.86731998252705,0.0,C_hard7
2024-04-19,0.0,102.86731998252705,0.0,C_hard7
2024-04-20,0.0,102.86731998252705,0.0,C_hard7
2024-04-21,0.0,102.86731998252705,0.0,C_hard7
2024-04-22,0.0,102.86731998252705,0.0,C_hard7
2024-04-23,0.0,102.86731998252705,0.0,C_hard7
2024-04-24,0.0,102.86731998252705,0.0,C_hard7
2024-04-25,-0.025122807017543856,102.8421971755095,-0.024422534797075013,C_hard7
2024-04-26,0.0,102.8421971755095,-0.024422534797075013,C_hard7
2024-04-27,0.0,102.8421971755095,-0.024422534797075013,C_hard7
2024-04-28,0.0,102.8421971755095,-0.024422534797075013,C_hard7
2024-04-29,0.0,102.8421971755095,-0.024422534797075013,C_hard7
2024-04-30,0.0,102.8421971755095,-0.024422534797075013,C_hard7
2024-05-01,0.0,102.8421971755095,-0.024422534797075013,C_hard7
2024-05-02,0.0,102.8421971755095,-0.024422534797075013,C_hard7
2024-05-03,0.0,102.8421971755095,-0.024422534797075013,C_hard7
2024-05-04,0.0,102.8421971755095,-0.024422534797075013,C_hard7
2024-05-05,0.0,102.8421971755095,-0.024422534797075013,C_hard7
2024-05-06,0.0,102.8421971755095,-0.024422534797075013,C_hard7
2024-05-07,0.0,102.8421971755095,-0.024422534797075013,C_hard7
2024-05-08,0.0,102.8421971755095,-0.024422534797075013,C_hard7
2024-05-09,0.0,102.8421971755095,-0.024422534797075013,C_hard7
2024-05-10,0.0,102.8421971755095,-0.024422534797075013,C_hard7
2024-05-11,0.0,102.8421971755095,-0.024422534797075013,C_hard7
2024-05-12,0.0,102.8421971755095,-0.024422534797075013,C_hard7
2024-05-13,0.0,102.8421971755095,-0.024422534797075013,C_hard7
2024-05-14,0.0,102.8421971755095,-0.024422534797075013,C_hard7
2024-05-15,0.0,102.8421971755095,-0.024422534797075013,C_hard7
2024-05-16,0.0,102.8421971755095,-0.024422534797075013,C_hard7
2024-05-17,0.0,102.8421971755095,-0.024422534797075013,C_hard7
2024-05-18,0.0,102.8421971755095,-0.024422534797075013,C_hard7
2024-05-19,0.0,102.8421971755095,-0.024422534797075013,C_hard7
2024-05-20,0.0,102.8421971755095,-0.024422534797075013,C_hard7
2024-05-21,0.0,102.8421971755095,-0.024422534797075013,C_hard7
2024-05-22,0.0,102.8421971755095,-0.024422534797075013,C_hard7
2024-05-23,0.0,102.8421971755095,-0.024422534797075013,C_hard7
2024-05-24,0.0,102.8421971755095,-0.024422534797075013,C_hard7
2024-05-25,0.0,102.8421971755095,-0.024422534797075013,C_hard7
2024-05-26,0.0,102.8421971755095,-0.024422534797075013,C_hard7
2024-05-27,0.0,102.8421971755095,-0.024422534797075013,C_hard7
2024-05-28,0.0,102.8421971755095,-0.024422534797075013,C_hard7
2024-05-29,0.0,102.8421971755095,-0.024422534797075013,C_hard7
2024-05-30,0.0,102.8421971755095,-0.024422534797075013,C_hard7
2024-05-31,0.0,102.8421971755095,-0.024422534797075013,C_hard7
2024-06-01,0.0,102.8421971755095,-0.024422534797075013,C_hard7
2024-06-02,0.0,102.8421971755095,-0.024422534797075013,C_hard7
2024-06-03,0.0,102.8421971755095,-0.024422534797075013,C_hard7
2024-06-04,-0.07536842105263165,102.76682875445687,-0.09769013918827785,C_hard7
2024-06-05,0.0,102.76682875445687,-0.09769013918827785,C_hard7
2024-06-06,0.0,102.76682875445687,-0.09769013918827785,C_hard7
2024-06-07,0.0,102.76682875445687,-0.09769013918827785,C_hard7
2024-06-08,0.0,102.76682875445687,-0.09769013918827785,C_hard7
2024-06-09,0.0,102.76682875445687,-0.09769013918827785,C_hard7
2024-06-10,0.0,102.76682875445687,-0.09769013918827785,C_hard7
2024-06-11,0.0,102.76682875445687,-0.09769013918827785,C_hard7
2024-06-12,0.0,102.76682875445687,-0.09769013918827785,C_hard7
2024-06-13,0.0,102.76682875445687,-0.09769013918827785,C_hard7
2024-06-14,0.0,102.76682875445687,-0.09769013918827785,C_hard7
2024-06-15,0.0,102.76682875445687,-0.09769013918827785,C_hard7
2024-06-16,0.0,102.76682875445687,-0.09769013918827785,C_hard7
2024-06-17,0.0,102.76682875445687,-0.09769013918827785,C_hard7
2024-06-18,0.0,102.76682875445687,-0.09769013918827785,C_hard7
2024-06-19,0.0,102.76682875445687,-0.09769013918827785,C_hard7
2024-06-20,0.0,102.76682875445687,-0.09769013918827785,C_hard7
2024-06-21,0.0,102.76682875445687,-0.09769013918827785,C_hard7
2024-06-22,0.0,102.76682875445687,-0.09769013918827785,C_hard7
2024-06-23,0.0,102.76682875445687,-0.09769013918827785,C_hard7
2024-06-24,0.0,102.76682875445687,-0.09769013918827785,C_hard7
2024-06-25,0.0,102.76682875445687,-0.09769013918827785,C_hard7
2024-06-26,0.0,102.76682875445687,-0.09769013918827785,C_hard7
2024-06-27,0.0,102.76682875445687,-0.09769013918827785,C_hard7
2024-06-28,0.0,102.76682875445687,-0.09769013918827785,C_hard7
2024-06-29,0.0,102.76682875445687,-0.09769013918827785,C_hard7
2024-06-30,0.0,102.76682875445687,-0.09769013918827785,C_hard7
2024-07-01,0.0,102.76682875445687,-0.09769013918827785,C_hard7
2024-07-02,0.0,102.76682875445687,-0.09769013918827785,C_hard7
2024-07-03,0.0,102.76682875445687,-0.09769013918827785,C_hard7
2024-07-04,0.0,102.76682875445687,-0.09769013918827785,C_hard7
2024-07-05,0.0,102.76682875445687,-0.09769013918827785,C_hard7
2024-07-06,0.0,102.76682875445687,-0.09769013918827785,C_hard7
2024-07-07,0.0,102.76682875445687,-0.09769013918827785,C_hard7
2024-07-08,0.0,102.76682875445687,-0.09769013918827785,C_hard7
2024-07-09,0.0,102.76682875445687,-0.09769013918827785,C_hard7
2024-07-10,0.0,102.76682875445687,-0.09769013918827785,C_hard7
2024-07-11,0.0,102.76682875445687,-0.09769013918827785,C_hard7
2024-07-12,0.0,102.76682875445687,-0.09769013918827785,C_hard7
2024-07-13,0.0,102.76682875445687,-0.09769013918827785,C_hard7
2024-07-14,0.0,102.76682875445687,-0.09769013918827785,C_hard7
2024-07-15,0.0,102.76682875445687,-0.09769013918827785,C_hard7
2024-07-16,0.0,102.76682875445687,-0.09769013918827785,C_hard7
2024-07-17,0.0,102.76682875445687,-0.09769013918827785,C_hard7
2024-07-18,0.0,102.76682875445687,-0.09769013918827785,C_hard7
2024-07-19,0.5684702861565295,103.3352990406134,0.0,C_hard7
2024-07-20,0.0,103.3352990406134,0.0,C_hard7
2024-07-21,0.0,103.3352990406134,0.0,C_hard7
2024-07-22,0.0,103.3352990406134,0.0,C_hard7
2024-07-23,0.0,103.3352990406134,0.0,C_hard7
2024-07-24,0.0,103.3352990406134,0.0,C_hard7
2024-07-25,0.0,103.3352990406134,0.0,C_hard7
2024-07-26,0.0,103.3352990406134,0.0,C_hard7
2024-07-27,0.0,103.3352990406134,0.0,C_hard7
2024-07-28,0.0,103.3352990406134,0.0,C_hard7
2024-07-29,0.0,103.3352990406134,0.0,C_hard7
2024-07-30,0.0,103.3352990406134,0.0,C_hard7
2024-07-31,0.0,103.3352990406134,0.0,C_hard7
2024-08-01,0.0,103.3352990406134,0.0,C_hard7
2024-08-02,0.0,103.3352990406134,0.0,C_hard7
2024-08-03,0.0,103.3352990406134,0.0,C_hard7
2024-08-04,0.0,103.3352990406134,0.0,C_hard7
2024-08-05,0.0,103.3352990406134,0.0,C_hard7
2024-08-06,0.0,103.3352990406134,0.0,C_hard7
2024-08-07,0.0,103.3352990406134,0.0,C_hard7
2024-08-08,0.0,103.3352990406134,0.0,C_hard7
2024-08-09,0.0,103.3352990406134,0.0,C_hard7
2024-08-10,0.0,103.3352990406134,0.0,C_hard7
2024-08-11,0.0,103.3352990406134,0.0,C_hard7
2024-08-12,-0.0251228070175439,103.31017623359585,-0.0243119314027207,C_hard7
2024-08-13,0.0,103.31017623359585,-0.0243119314027207,C_hard7
2024-08-14,0.0,103.31017623359585,-0.0243119314027207,C_hard7
2024-08-15,0.0,103.31017623359585,-0.0243119314027207,C_hard7
2024-08-16,0.0,103.31017623359585,-0.0243119314027207,C_hard7
2024-08-17,0.0,103.31017623359585,-0.0243119314027207,C_hard7
2024-08-18,0.0,103.31017623359585,-0.0243119314027207,C_hard7
2024-08-19,0.0,103.31017623359585,-0.0243119314027207,C_hard7
2024-08-20,0.0,103.31017623359585,-0.0243119314027207,C_hard7
2024-08-21,0.0,103.31017623359585,-0.0243119314027207,C_hard7
2024-08-22,0.0,103.31017623359585,-0.0243119314027207,C_hard7
2024-08-23,0.0,103.31017623359585,-0.0243119314027207,C_hard7
2024-08-24,0.0,103.31017623359585,-0.0243119314027207,C_hard7
2024-08-25,0.0,103.31017623359585,-0.0243119314027207,C_hard7
2024-08-26,0.0,103.31017623359585,-0.0243119314027207,C_hard7
2024-08-27,0.0,103.31017623359585,-0.0243119314027207,C_hard7
2024-08-28,0.0,103.31017623359585,-0.0243119314027207,C_hard7
2024-08-29,0.0,103.31017623359585,-0.0243119314027207,C_hard7
2024-08-30,0.0,103.31017623359585,-0.0243119314027207,C_hard7
2024-08-31,0.0,103.31017623359585,-0.0243119314027207,C_hard7
2024-09-01,0.0,103.31017623359585,-0.0243119314027207,C_hard7
2024-09-02,0.0,103.31017623359585,-0.0243119314027207,C_hard7
2024-09-03,0.0,103.31017623359585,-0.0243119314027207,C_hard7
2024-09-04,0.0,103.31017623359585,-0.0243119314027207,C_hard7
2024-09-05,0.0,103.31017623359585,-0.0243119314027207,C_hard7
2024-09-06,0.0,103.31017623359585,-0.0243119314027207,C_hard7
2024-09-07,0.0,103.31017623359585,-0.0243119314027207,C_hard7
2024-09-08,0.0,103.31017623359585,-0.0243119314027207,C_hard7
2024-09-09,0.0,103.31017623359585,-0.0243119314027207,C_hard7
2024-09-10,0.0,103.31017623359585,-0.0243119314027207,C_hard7
2024-09-11,0.0,103.31017623359585,-0.0243119314027207,C_hard7
2024-09-12,0.0,103.31017623359585,-0.0243119314027207,C_hard7
2024-09-13,0.0,103.31017623359585,-0.0243119314027207,C_hard7
2024-09-14,0.0,103.31017623359585,-0.0243119314027207,C_hard7
2024-09-15,0.0,103.31017623359585,-0.0243119314027207,C_hard7
2024-09-16,0.0,103.31017623359585,-0.0243119314027207,C_hard7
2024-09-17,0.0,103.31017623359585,-0.0243119314027207,C_hard7
2024-09-18,0.0,103.31017623359585,-0.0243119314027207,C_hard7
2024-09-19,0.0,103.31017623359585,-0.0243119314027207,C_hard7
2024-09-20,0.0,103.31017623359585,-0.0243119314027207,C_hard7
2024-09-21,0.0,103.31017623359585,-0.0243119314027207,C_hard7
2024-09-22,0.0,103.31017623359585,-0.0243119314027207,C_hard7
2024-09-23,0.0,103.31017623359585,-0.0243119314027207,C_hard7
2024-09-24,0.0,103.31017623359585,-0.0243119314027207,C_hard7
2024-09-25,0.0,103.31017623359585,-0.0243119314027207,C_hard7
2024-09-26,0.0,103.31017623359585,-0.0243119314027207,C_hard7
2024-09-27,0.0,103.31017623359585,-0.0243119314027207,C_hard7
2024-09-28,0.0,103.31017623359585,-0.0243119314027207,C_hard7
2024-09-29,0.0,103.31017623359585,-0.0243119314027207,C_hard7
2024-09-30,0.0,103.31017623359585,-0.0243119314027207,C_hard7
2024-10-01,0.0,103.31017623359585,-0.0243119314027207,C_hard7
2024-10-02,0.0,103.31017623359585,-0.0243119314027207,C_hard7
2024-10-03,0.0,103.31017623359585,-0.0243119314027207,C_hard7
2024-10-04,0.0,103.31017623359585,-0.0243119314027207,C_hard7
2024-10-05,0.0,103.31017623359585,-0.0243119314027207,C_hard7
2024-10-06,0.0,103.31017623359585,-0.0243119314027207,C_hard7
2024-10-07,0.0,103.31017623359585,-0.0243119314027207,C_hard7
2024-10-08,0.0,103.31017623359585,-0.0243119314027207,C_hard7
2024-10-09,0.0,103.31017623359585,-0.0243119314027207,C_hard7
2024-10-10,0.0,103.31017623359585,-0.0243119314027207,C_hard7
2024-10-11,0.0,103.31017623359585,-0.0243119314027207,C_hard7
2024-10-12,0.0,103.31017623359585,-0.0243119314027207,C_hard7
2024-10-13,0.0,103.31017623359585,-0.0243119314027207,C_hard7
2024-10-14,0.0,103.31017623359585,-0.0243119314027207,C_hard7
2024-10-15,0.0,103.31017623359585,-0.0243119314027207,C_hard7
2024-10-16,0.0,103.31017623359585,-0.0243119314027207,C_hard7
2024-10-17,0.0,103.31017623359585,-0.0243119314027207,C_hard7
2024-10-18,0.21883979505147744,103.52901602864733,0.0,C_hard7
2024-10-19,0.0,103.52901602864733,0.0,C_hard7
2024-10-20,0.0,103.52901602864733,0.0,C_hard7
2024-10-21,-0.025122807017543873,103.5038932216298,-0.02426644044466464,C_hard7
2024-10-22,0.0,103.5038932216298,-0.02426644044466464,C_hard7
2024-10-23,0.0,103.5038932216298,-0.02426644044466464,C_hard7
2024-10-24,0.0,103.5038932216298,-0.02426644044466464,C_hard7
2024-10-25,-0.025122807017543883,103.47877041461224,-0.04853288088934038,C_hard7
2024-10-26,0.0,103.47877041461224,-0.04853288088934038,C_hard7
2024-10-27,0.0,103.47877041461224,-0.04853288088934038,C_hard7
2024-10-28,0.0,103.47877041461224,-0.04853288088934038,C_hard7
2024-10-29,0.0,103.47877041461224,-0.04853288088934038,C_hard7
2024-10-30,-0.02512280701754389,103.4536476075947,-0.07279932133400502,C_hard7
2024-10-31,-0.025122807017543883,103.42852480057715,-0.09706576177868076,C_hard7
2024-11-01,0.0,103.42852480057715,-0.09706576177868076,C_hard7
2024-11-02,0.0,103.42852480057715,-0.09706576177868076,C_hard7
2024-11-03,0.0,103.42852480057715,-0.09706576177868076,C_hard7
2024-11-04,-0.025122807017543866,103.40340199355961,-0.1213322022233454,C_hard7
2024-11-05,-0.025122807017543887,103.37827918654207,-0.14559864266801004,C_hard7
2024-11-06,0.0,103.37827918654207,-0.14559864266801004,C_hard7
2024-11-07,0.0,103.37827918654207,-0.14559864266801004,C_hard7
2024-11-08,-0.0251228070175439,103.35315637952452,-0.16986508311268578,C_hard7
2024-11-09,0.0,103.35315637952452,-0.16986508311268578,C_hard7
2024-11-10,0.0,103.35315637952452,-0.16986508311268578,C_hard7
2024-11-11,0.0,103.35315637952452,-0.16986508311268578,C_hard7
2024-11-12,-0.025122807017543883,103.32803357250698,-0.19413152355735042,C_hard7
2024-11-13,0.0,103.32803357250698,-0.19413152355735042,C_hard7
2024-11-14,-0.025122807017543852,103.30291076548944,-0.21839796400201505,C_hard7
2024-11-15,0.0,103.30291076548944,-0.21839796400201505,C_hard7
2024-11-16,0.0,103.30291076548944,-0.21839796400201505,C_hard7
2024-11-17,0.0,103.30291076548944,-0.21839796400201505,C_hard7
2024-11-18,0.0,103.30291076548944,-0.21839796400201505,C_hard7
2024-11-19,0.0,103.30291076548944,-0.21839796400201505,C_hard7
2024-11-20,0.0,103.30291076548944,-0.21839796400201505,C_hard7
2024-11-21,-0.025122807017543873,103.27778795847189,-0.2426644044467019,C_hard7
2024-11-22,0.0,103.27778795847189,-0.2426644044467019,C_hard7
2024-11-23,0.0,103.27778795847189,-0.2426644044467019,C_hard7
2024-11-24,0.0,103.27778795847189,-0.2426644044467019,C_hard7
2024-11-25,0.0,103.27778795847189,-0.2426644044467019,C_hard7
2024-11-26,0.0,103.27778795847189,-0.2426644044467019,C_hard7
2024-11-27,0.0,103.27778795847189,-0.2426644044467019,C_hard7
2024-11-28,0.0,103.27778795847189,-0.2426644044467019,C_hard7
2024-11-29,0.0,103.27778795847189,-0.2426644044467019,C_hard7
2024-11-30,0.0,103.27778795847189,-0.2426644044467019,C_hard7
2024-12-01,0.0,103.27778795847189,-0.2426644044467019,C_hard7
2024-12-02,0.0,103.27778795847189,-0.2426644044467019,C_hard7
2024-12-03,0.0,103.27778795847189,-0.2426644044467019,C_hard7
2024-12-04,0.0,103.27778795847189,-0.2426644044467019,C_hard7
2024-12-05,0.0,103.27778795847189,-0.2426644044467019,C_hard7
2024-12-06,0.0,103.27778795847189,-0.2426644044467019,C_hard7
2024-12-07,0.0,103.27778795847189,-0.2426644044467019,C_hard7
2024-12-08,0.0,103.27778795847189,-0.2426644044467019,C_hard7
2024-12-09,0.0,103.27778795847189,-0.2426644044467019,C_hard7
2024-12-10,0.0,103.27778795847189,-0.2426644044467019,C_hard7
2024-12-11,0.0,103.27778795847189,-0.2426644044467019,C_hard7
2024-12-12,0.0,103.27778795847189,-0.2426644044467019,C_hard7
2024-12-13,-0.025122807017543887,103.25266515145435,-0.26693084489136654,C_hard7
2024-12-14,0.0,103.25266515145435,-0.26693084489136654,C_hard7
2024-12-15,0.0,103.25266515145435,-0.26693084489136654,C_hard7
2024-12-16,0.0,103.25266515145435,-0.26693084489136654,C_hard7
2024-12-17,0.0,103.25266515145435,-0.26693084489136654,C_hard7
2024-12-18,0.0,103.25266515145435,-0.26693084489136654,C_hard7
2024-12-19,0.0,103.25266515145435,-0.26693084489136654,C_hard7
2024-12-20,0.0,103.25266515145435,-0.26693084489136654,C_hard7
2024-12-21,0.0,103.25266515145435,-0.26693084489136654,C_hard7
2024-12-22,0.0,103.25266515145435,-0.26693084489136654,C_hard7
2024-12-23,0.0,103.25266515145435,-0.26693084489136654,C_hard7
2024-12-24,0.0,103.25266515145435,-0.26693084489136654,C_hard7
2024-12-25,0.0,103.25266515145435,-0.26693084489136654,C_hard7
2024-12-26,0.0,103.25266515145435,-0.26693084489136654,C_hard7
2024-12-27,0.0,103.25266515145435,-0.26693084489136654,C_hard7
2024-12-28,0.0,103.25266515145435,-0.26693084489136654,C_hard7
2024-12-29,0.0,103.25266515145435,-0.26693084489136654,C_hard7
2024-12-30,0.0,103.25266515145435,-0.26693084489136654,C_hard7
2024-12-31,0.0,103.25266515145435,-0.26693084489136654,C_hard7
2025-01-01,0.0,103.25266515145435,-0.26693084489136654,C_hard7
2025-01-02,0.0,103.25266515145435,-0.26693084489136654,C_hard7
2025-01-03,0.0,103.25266515145435,-0.26693084489136654,C_hard7
2025-01-04,0.0,103.25266515145435,-0.26693084489136654,C_hard7
2025-01-05,0.0,103.25266515145435,-0.26693084489136654,C_hard7
2025-01-06,0.0,103.25266515145435,-0.26693084489136654,C_hard7
2025-01-07,0.0,103.25266515145435,-0.26693084489136654,C_hard7
2025-01-08,0.0,103.25266515145435,-0.26693084489136654,C_hard7
2025-01-09,0.0,103.25266515145435,-0.26693084489136654,C_hard7
2025-01-10,0.0,103.25266515145435,-0.26693084489136654,C_hard7
2025-01-11,0.0,103.25266515145435,-0.26693084489136654,C_hard7
2025-01-12,0.0,103.25266515145435,-0.26693084489136654,C_hard7
2025-01-13,0.0,103.25266515145435,-0.26693084489136654,C_hard7
2025-01-14,0.0,103.25266515145435,-0.26693084489136654,C_hard7
2025-01-15,0.0,103.25266515145435,-0.26693084489136654,C_hard7
2025-01-16,0.0,103.25266515145435,-0.26693084489136654,C_hard7
2025-01-17,0.0,103.25266515145435,-0.26693084489136654,C_hard7
2025-01-18,0.0,103.25266515145435,-0.26693084489136654,C_hard7
2025-01-19,0.0,103.25266515145435,-0.26693084489136654,C_hard7
2025-01-20,0.014077321149919962,103.26674247260426,-0.25333338044137843,C_hard7
2025-01-21,0.0,103.26674247260426,-0.25333338044137843,C_hard7
2025-01-22,0.0,103.26674247260426,-0.25333338044137843,C_hard7
2025-01-23,0.0,103.26674247260426,-0.25333338044137843,C_hard7
2025-01-24,-0.025122807017543887,103.24161966558673,-0.27759982088604307,C_hard7
2025-01-25,0.0,103.24161966558673,-0.27759982088604307,C_hard7
2025-01-26,0.0,103.24161966558673,-0.27759982088604307,C_hard7
2025-01-27,-0.025122807017543873,103.21649685856919,-0.3018662613307077,C_hard7
2025-01-28,0.0,103.21649685856919,-0.3018662613307077,C_hard7
2025-01-29,0.0,103.21649685856919,-0.3018662613307077,C_hard7
2025-01-30,0.0,103.21649685856919,-0.3018662613307077,C_hard7
2025-01-31,0.0,103.21649685856919,-0.3018662613307077,C_hard7
2025-02-01,0.0,103.21649685856919,-0.3018662613307077,C_hard7
2025-02-02,0.0,103.21649685856919,-0.3018662613307077,C_hard7
2025-02-03,0.0,103.21649685856919,-0.3018662613307077,C_hard7
2025-02-04,0.0,103.21649685856919,-0.3018662613307077,C_hard7
2025-02-05,0.0,103.21649685856919,-0.3018662613307077,C_hard7
2025-02-06,0.0,103.21649685856919,-0.3018662613307077,C_hard7
2025-02-07,0.0,103.21649685856919,-0.3018662613307077,C_hard7
2025-02-08,0.0,103.21649685856919,-0.3018662613307077,C_hard7
2025-02-09,0.0,103.21649685856919,-0.3018662613307077,C_hard7
2025-02-10,0.0,103.21649685856919,-0.3018662613307077,C_hard7
2025-02-11,-0.02512280701754389,103.19137405155163,-0.32613270177538345,C_hard7
2025-02-12,-0.02512280701754391,103.1662512445341,-0.3503991422200481,C_hard7
2025-02-13,0.0,103.1662512445341,-0.3503991422200481,C_hard7
2025-02-14,0.0,103.1662512445341,-0.3503991422200481,C_hard7
2025-02-15,0.0,103.1662512445341,-0.3503991422200481,C_hard7
2025-02-16,0.0,103.1662512445341,-0.3503991422200481,C_hard7
2025-02-17,-0.025122807017543866,103.14112843751656,-0.3746655826647127,C_hard7
2025-02-18,0.0,103.14112843751656,-0.3746655826647127,C_hard7
2025-02-19,-0.05024561403508779,103.09088282348146,-0.4231984635540531,C_hard7
2025-02-20,0.0,103.09088282348146,-0.4231984635540531,C_hard7
2025-02-21,0.0,103.09088282348146,-0.4231984635540531,C_hard7
2025-02-22,0.0,103.09088282348146,-0.4231984635540531,C_hard7
2025-02-23,0.0,103.09088282348146,-0.4231984635540531,C_hard7
2025-02-24,-0.02662627001386236,103.0642565534676,-0.44891711812573565,C_hard7
2025-02-25,0.0,103.0642565534676,-0.44891711812573565,C_hard7
2025-02-26,0.0,103.0642565534676,-0.44891711812573565,C_hard7
2025-02-27,-0.025122807017543877,103.03913374645006,-0.4731835585704003,C_hard7
2025-02-28,0.0,103.03913374645006,-0.4731835585704003,C_hard7
2025-03-01,0.0,103.03913374645006,-0.4731835585704003,C_hard7
2025-03-02,0.0,103.03913374645006,-0.4731835585704003,C_hard7
2025-03-03,0.0,103.03913374645006,-0.4731835585704003,C_hard7
2025-03-04,0.0,103.03913374645006,-0.4731835585704003,C_hard7
2025-03-05,0.0,103.03913374645006,-0.4731835585704003,C_hard7
2025-03-06,0.0,103.03913374645006,-0.4731835585704003,C_hard7
2025-03-07,0.0,103.03913374645006,-0.4731835585704003,C_hard7
2025-03-08,0.0,103.03913374645006,-0.4731835585704003,C_hard7
2025-03-09,0.0,103.03913374645006,-0.4731835585704003,C_hard7
2025-03-10,0.0,103.03913374645006,-0.4731835585704003,C_hard7
2025-03-11,0.0,103.03913374645006,-0.4731835585704003,C_hard7
2025-03-12,0.0,103.03913374645006,-0.4731835585704003,C_hard7
2025-03-13,0.0,103.03913374645006,-0.4731835585704003,C_hard7
2025-03-14,0.0,103.03913374645006,-0.4731835585704003,C_hard7
2025-03-15,0.0,103.03913374645006,-0.4731835585704003,C_hard7
2025-03-16,0.0,103.03913374645006,-0.4731835585704003,C_hard7
2025-03-17,0.0,103.03913374645006,-0.4731835585704003,C_hard7
2025-03-18,0.0,103.03913374645006,-0.4731835585704003,C_hard7
2025-03-19,0.0,103.03913374645006,-0.4731835585704003,C_hard7
2025-03-20,0.0,103.03913374645006,-0.4731835585704003,C_hard7
2025-03-21,0.0,103.03913374645006,-0.4731835585704003,C_hard7
2025-03-22,0.0,103.03913374645006,-0.4731835585704003,C_hard7
2025-03-23,0.0,103.03913374645006,-0.4731835585704003,C_hard7
2025-03-24,0.0,103.03913374645006,-0.4731835585704003,C_hard7
2025-03-25,0.0,103.03913374645006,-0.4731835585704003,C_hard7
2025-03-26,0.0,103.03913374645006,-0.4731835585704003,C_hard7
2025-03-27,0.0,103.03913374645006,-0.4731835585704003,C_hard7
2025-03-28,0.0,103.03913374645006,-0.4731835585704003,C_hard7
2025-03-29,0.0,103.03913374645006,-0.4731835585704003,C_hard7
2025-03-30,0.0,103.03913374645006,-0.4731835585704003,C_hard7
2025-03-31,0.0,103.03913374645006,-0.4731835585704003,C_hard7
2025-04-01,0.0,103.03913374645006,-0.4731835585704003,C_hard7
2025-04-02,0.0,103.03913374645006,-0.4731835585704003,C_hard7
2025-04-03,0.0,103.03913374645006,-0.4731835585704003,C_hard7
2025-04-04,0.0,103.03913374645006,-0.4731835585704003,C_hard7
2025-04-05,0.0,103.03913374645006,-0.4731835585704003,C_hard7
2025-04-06,0.0,103.03913374645006,-0.4731835585704003,C_hard7
2025-04-07,0.0,103.03913374645006,-0.4731835585704003,C_hard7
2025-04-08,0.0,103.03913374645006,-0.4731835585704003,C_hard7
2025-04-09,0.0,103.03913374645006,-0.4731835585704003,C_hard7
2025-04-10,0.0,103.03913374645006,-0.4731835585704003,C_hard7
2025-04-11,0.0,103.03913374645006,-0.4731835585704003,C_hard7
2025-04-12,0.0,103.03913374645006,-0.4731835585704003,C_hard7
2025-04-13,0.0,103.03913374645006,-0.4731835585704003,C_hard7
2025-04-14,0.0,103.03913374645006,-0.4731835585704003,C_hard7
2025-04-15,0.0,103.03913374645006,-0.4731835585704003,C_hard7
2025-04-16,0.0,103.03913374645006,-0.4731835585704003,C_hard7
2025-04-17,0.0,103.03913374645006,-0.4731835585704003,C_hard7
2025-04-18,0.0,103.03913374645006,-0.4731835585704003,C_hard7
2025-04-19,0.0,103.03913374645006,-0.4731835585704003,C_hard7
2025-04-20,0.0,103.03913374645006,-0.4731835585704003,C_hard7
2025-04-21,0.0,103.03913374645006,-0.4731835585704003,C_hard7
2025-04-22,0.0,103.03913374645006,-0.4731835585704003,C_hard7
2025-04-23,0.0,103.03913374645006,-0.4731835585704003,C_hard7
2025-04-24,0.26682319215918016,103.30595693860924,-0.21545562644618155,C_hard7
2025-04-25,0.0,103.30595693860924,-0.21545562644618155,C_hard7
2025-04-26,0.0,103.30595693860924,-0.21545562644618155,C_hard7
2025-04-27,0.0,103.30595693860924,-0.21545562644618155,C_hard7
2025-04-28,0.0,103.30595693860924,-0.21545562644618155,C_hard7
2025-04-29,0.0,103.30595693860924,-0.21545562644618155,C_hard7
2025-04-30,0.0,103.30595693860924,-0.21545562644618155,C_hard7
2025-05-01,0.0,103.30595693860924,-0.21545562644618155,C_hard7
2025-05-02,0.0,103.30595693860924,-0.21545562644618155,C_hard7
2025-05-03,0.0,103.30595693860924,-0.21545562644618155,C_hard7
2025-05-04,0.0,103.30595693860924,-0.21545562644618155,C_hard7
2025-05-05,0.0,103.30595693860924,-0.21545562644618155,C_hard7
2025-05-06,0.0,103.30595693860924,-0.21545562644618155,C_hard7
2025-05-07,-0.0264921801816032,103.27946475842764,-0.2410447619348055,C_hard7
2025-05-08,0.0,103.27946475842764,-0.2410447619348055,C_hard7
2025-05-09,-0.03157140701127924,103.24789335141635,-0.2715399875462876,C_hard7
2025-05-10,0.0,103.24789335141635,-0.2715399875462876,C_hard7
2025-05-11,0.0,103.24789335141635,-0.2715399875462876,C_hard7
2025-05-12,-0.025122807017543887,103.22277054439881,-0.29580642799095225,C_hard7
2025-05-13,0.0,103.22277054439881,-0.29580642799095225,C_hard7
2025-05-14,0.0,103.22277054439881,-0.29580642799095225,C_hard7
2025-05-15,0.0,103.22277054439881,-0.29580642799095225,C_hard7
2025-05-16,0.0,103.22277054439881,-0.29580642799095225,C_hard7
2025-05-17,0.0,103.22277054439881,-0.29580642799095225,C_hard7
2025-05-18,0.0,103.22277054439881,-0.29580642799095225,C_hard7
2025-05-19,0.0,103.22277054439881,-0.29580642799095225,C_hard7
2025-05-20,0.0,103.22277054439881,-0.29580642799095225,C_hard7
2025-05-21,0.0,103.22277054439881,-0.29580642799095225,C_hard7
2025-05-22,0.0,103.22277054439881,-0.29580642799095225,C_hard7
2025-05-23,0.0,103.22277054439881,-0.29580642799095225,C_hard7
2025-05-24,0.0,103.22277054439881,-0.29580642799095225,C_hard7
2025-05-25,0.0,103.22277054439881,-0.29580642799095225,C_hard7
2025-05-26,0.0,103.22277054439881,-0.29580642799095225,C_hard7
2025-05-27,0.0,103.22277054439881,-0.29580642799095225,C_hard7
2025-05-28,0.0,103.22277054439881,-0.29580642799095225,C_hard7
2025-05-29,0.0,103.22277054439881,-0.29580642799095225,C_hard7
2025-05-30,0.0,103.22277054439881,-0.29580642799095225,C_hard7
2025-05-31,0.0,103.22277054439881,-0.29580642799095225,C_hard7
2025-06-01,0.0,103.22277054439881,-0.29580642799095225,C_hard7
2025-06-02,0.0,103.22277054439881,-0.29580642799095225,C_hard7
2025-06-03,0.0,103.22277054439881,-0.29580642799095225,C_hard7
2025-06-04,0.0,103.22277054439881,-0.29580642799095225,C_hard7
2025-06-05,0.0,103.22277054439881,-0.29580642799095225,C_hard7
2025-06-06,0.0,103.22277054439881,-0.29580642799095225,C_hard7
2025-06-07,0.0,103.22277054439881,-0.29580642799095225,C_hard7
2025-06-08,0.0,103.22277054439881,-0.29580642799095225,C_hard7
2025-06-09,0.0,103.22277054439881,-0.29580642799095225,C_hard7
2025-06-10,0.0,103.22277054439881,-0.29580642799095225,C_hard7
2025-06-11,0.0,103.22277054439881,-0.29580642799095225,C_hard7
2025-06-12,0.0,103.22277054439881,-0.29580642799095225,C_hard7
2025-06-13,0.0,103.22277054439881,-0.29580642799095225,C_hard7
2025-06-14,0.0,103.22277054439881,-0.29580642799095225,C_hard7
2025-06-15,0.0,103.22277054439881,-0.29580642799095225,C_hard7
2025-06-16,0.0,103.22277054439881,-0.29580642799095225,C_hard7
2025-06-17,0.0,103.22277054439881,-0.29580642799095225,C_hard7
2025-06-18,0.0,103.22277054439881,-0.29580642799095225,C_hard7
2025-06-19,0.0,103.22277054439881,-0.29580642799095225,C_hard7
2025-06-20,0.0,103.22277054439881,-0.29580642799095225,C_hard7
2025-06-21,0.0,103.22277054439881,-0.29580642799095225,C_hard7
2025-06-22,0.0,103.22277054439881,-0.29580642799095225,C_hard7
2025-06-23,-0.025122807017543887,103.19764773738126,-0.320072868435628,C_hard7
2025-06-24,0.0,103.19764773738126,-0.320072868435628,C_hard7
2025-06-25,0.0,103.19764773738126,-0.320072868435628,C_hard7
2025-06-26,0.0,103.19764773738126,-0.320072868435628,C_hard7
2025-06-27,0.0,103.19764773738126,-0.320072868435628,C_hard7
2025-06-28,0.0,103.19764773738126,-0.320072868435628,C_hard7
2025-06-29,0.0,103.19764773738126,-0.320072868435628,C_hard7
2025-06-30,0.0,103.19764773738126,-0.320072868435628,C_hard7
2025-07-01,0.0,103.19764773738126,-0.320072868435628,C_hard7
2025-07-02,0.0,103.19764773738126,-0.320072868435628,C_hard7
2025-07-03,0.0,103.19764773738126,-0.320072868435628,C_hard7
2025-07-04,0.0,103.19764773738126,-0.320072868435628,C_hard7
2025-07-05,0.0,103.19764773738126,-0.320072868435628,C_hard7
2025-07-06,0.0,103.19764773738126,-0.320072868435628,C_hard7
2025-07-07,0.0,103.19764773738126,-0.320072868435628,C_hard7
2025-07-08,0.0,103.19764773738126,-0.320072868435628,C_hard7
2025-07-09,0.0,103.19764773738126,-0.320072868435628,C_hard7
2025-07-10,0.0,103.19764773738126,-0.320072868435628,C_hard7
2025-07-11,0.0,103.19764773738126,-0.320072868435628,C_hard7
2025-07-12,0.0,103.19764773738126,-0.320072868435628,C_hard7
2025-07-13,0.0,103.19764773738126,-0.320072868435628,C_hard7
2025-07-14,0.0,103.19764773738126,-0.320072868435628,C_hard7
2025-07-15,0.0,103.19764773738126,-0.320072868435628,C_hard7
2025-07-16,0.0,103.19764773738126,-0.320072868435628,C_hard7
2025-07-17,0.0,103.19764773738126,-0.320072868435628,C_hard7
2025-07-18,0.0,103.19764773738126,-0.320072868435628,C_hard7
2025-07-19,0.0,103.19764773738126,-0.320072868435628,C_hard7
2025-07-20,0.0,103.19764773738126,-0.320072868435628,C_hard7
2025-07-21,-0.025122807017543866,103.17252493036372,-0.3443393088802926,C_hard7
2025-07-22,0.0,103.17252493036372,-0.3443393088802926,C_hard7
2025-07-23,0.16122552515509933,103.33375045551882,-0.18860951317694052,C_hard7
2025-07-24,0.0,103.33375045551882,-0.18860951317694052,C_hard7
2025-07-25,-0.025122807017543887,103.30862764850127,-0.21287595362161627,C_hard7
2025-07-26,0.0,103.30862764850127,-0.21287595362161627,C_hard7
2025-07-27,0.0,103.30862764850127,-0.21287595362161627,C_hard7
2025-07-28,0.0,103.30862764850127,-0.21287595362161627,C_hard7
2025-07-29,0.0,103.30862764850127,-0.21287595362161627,C_hard7
2025-07-30,-0.0251228070175439,103.28350484148373,-0.2371423940662809,C_hard7
2025-07-31,0.0,103.28350484148373,-0.2371423940662809,C_hard7
2025-08-01,0.0,103.28350484148373,-0.2371423940662809,C_hard7
2025-08-02,0.0,103.28350484148373,-0.2371423940662809,C_hard7
2025-08-03,0.0,103.28350484148373,-0.2371423940662809,C_hard7
2025-08-04,0.0,103.28350484148373,-0.2371423940662809,C_hard7
2025-08-05,0.0,103.28350484148373,-0.2371423940662809,C_hard7
2025-08-06,0.0,103.28350484148373,-0.2371423940662809,C_hard7
2025-08-07,0.0,103.28350484148373,-0.2371423940662809,C_hard7
2025-08-08,0.0,103.28350484148373,-0.2371423940662809,C_hard7
2025-08-09,0.0,103.28350484148373,-0.2371423940662809,C_hard7
2025-08-10,0.0,103.28350484148373,-0.2371423940662809,C_hard7
2025-08-11,0.0,103.28350484148373,-0.2371423940662809,C_hard7
2025-08-12,-0.0251228070175439,103.2583820344662,-0.26140883451094554,C_hard7
2025-08-13,0.0,103.2583820344662,-0.26140883451094554,C_hard7
2025-08-14,0.0,103.2583820344662,-0.26140883451094554,C_hard7
2025-08-15,0.0,103.2583820344662,-0.26140883451094554,C_hard7
2025-08-16,0.0,103.2583820344662,-0.26140883451094554,C_hard7
2025-08-17,0.0,103.2583820344662,-0.26140883451094554,C_hard7
2025-08-18,0.0,103.2583820344662,-0.26140883451094554,C_hard7
2025-08-19,0.0,103.2583820344662,-0.26140883451094554,C_hard7
2025-08-20,0.0,103.2583820344662,-0.26140883451094554,C_hard7
2025-08-21,0.0,103.2583820344662,-0.26140883451094554,C_hard7
2025-08-22,0.0,103.2583820344662,-0.26140883451094554,C_hard7
2025-08-23,0.0,103.2583820344662,-0.26140883451094554,C_hard7
2025-08-24,0.0,103.2583820344662,-0.26140883451094554,C_hard7
2025-08-25,0.0,103.2583820344662,-0.26140883451094554,C_hard7
2025-08-26,-0.02512280701754389,103.23325922744864,-0.2856752749556213,C_hard7
2025-08-27,0.0,103.23325922744864,-0.2856752749556213,C_hard7
2025-08-28,0.0,103.23325922744864,-0.2856752749556213,C_hard7
2025-08-29,0.0,103.23325922744864,-0.2856752749556213,C_hard7
2025-08-30,0.0,103.23325922744864,-0.2856752749556213,C_hard7
2025-08-31,0.0,103.23325922744864,-0.2856752749556213,C_hard7
2025-09-01,0.0,103.23325922744864,-0.2856752749556213,C_hard7
2025-09-02,0.0,103.23325922744864,-0.2856752749556213,C_hard7
2025-09-03,-0.050245614035087725,103.18301361341355,-0.33420815584497277,C_hard7
2025-09-04,0.0,103.18301361341355,-0.33420815584497277,C_hard7
2025-09-05,0.0,103.18301361341355,-0.33420815584497277,C_hard7
2025-09-06,0.0,103.18301361341355,-0.33420815584497277,C_hard7
2025-09-07,0.0,103.18301361341355,-0.33420815584497277,C_hard7
2025-09-08,0.0,103.18301361341355,-0.33420815584497277,C_hard7
2025-09-09,0.0,103.18301361341355,-0.33420815584497277,C_hard7
2025-09-10,0.0,103.18301361341355,-0.33420815584497277,C_hard7
2025-09-11,0.0,103.18301361341355,-0.33420815584497277,C_hard7
2025-09-12,0.0,103.18301361341355,-0.33420815584497277,C_hard7
2025-09-13,0.0,103.18301361341355,-0.33420815584497277,C_hard7
2025-09-14,0.0,103.18301361341355,-0.33420815584497277,C_hard7
2025-09-15,0.0,103.18301361341355,-0.33420815584497277,C_hard7
2025-09-16,0.0,103.18301361341355,-0.33420815584497277,C_hard7
2025-09-17,0.0,103.18301361341355,-0.33420815584497277,C_hard7
2025-09-18,0.0,103.18301361341355,-0.33420815584497277,C_hard7
2025-09-19,0.0,103.18301361341355,-0.33420815584497277,C_hard7
2025-09-20,0.0,103.18301361341355,-0.33420815584497277,C_hard7
2025-09-21,0.0,103.18301361341355,-0.33420815584497277,C_hard7
2025-09-22,0.0,103.18301361341355,-0.33420815584497277,C_hard7
2025-09-23,0.0,103.18301361341355,-0.33420815584497277,C_hard7
2025-09-24,0.0,103.18301361341355,-0.33420815584497277,C_hard7
2025-09-25,-0.02512280701754389,103.15789080639601,-0.3584745962896374,C_hard7
2025-09-26,0.0,103.15789080639601,-0.3584745962896374,C_hard7
2025-09-27,0.0,103.15789080639601,-0.3584745962896374,C_hard7
2025-09-28,0.0,103.15789080639601,-0.3584745962896374,C_hard7
2025-09-29,0.0,103.15789080639601,-0.3584745962896374,C_hard7
2025-09-30,0.0,103.15789080639601,-0.3584745962896374,C_hard7
2025-10-01,0.0,103.15789080639601,-0.3584745962896374,C_hard7
2025-10-02,0.0,103.15789080639601,-0.3584745962896374,C_hard7
2025-10-03,0.0,103.15789080639601,-0.3584745962896374,C_hard7
2025-10-04,0.0,103.15789080639601,-0.3584745962896374,C_hard7
2025-10-05,0.0,103.15789080639601,-0.3584745962896374,C_hard7
2025-10-06,0.0,103.15789080639601,-0.3584745962896374,C_hard7
2025-10-07,0.0,103.15789080639601,-0.3584745962896374,C_hard7
2025-10-08,0.0,103.15789080639601,-0.3584745962896374,C_hard7
2025-10-09,0.0,103.15789080639601,-0.3584745962896374,C_hard7
2025-10-10,0.0,103.15789080639601,-0.3584745962896374,C_hard7
2025-10-11,0.0,103.15789080639601,-0.3584745962896374,C_hard7
2025-10-12,0.0,103.15789080639601,-0.3584745962896374,C_hard7
2025-10-13,0.0,103.15789080639601,-0.3584745962896374,C_hard7
2025-10-14,0.0,103.15789080639601,-0.3584745962896374,C_hard7
2025-10-15,0.0,103.15789080639601,-0.3584745962896374,C_hard7
2025-10-16,0.0,103.15789080639601,-0.3584745962896374,C_hard7
2025-10-17,0.0,103.15789080639601,-0.3584745962896374,C_hard7
2025-10-18,0.0,103.15789080639601,-0.3584745962896374,C_hard7
2025-10-19,0.0,103.15789080639601,-0.3584745962896374,C_hard7
2025-10-20,0.0,103.15789080639601,-0.3584745962896374,C_hard7
2025-10-21,0.0,103.15789080639601,-0.3584745962896374,C_hard7
2025-10-22,0.0,103.15789080639601,-0.3584745962896374,C_hard7
2025-10-23,0.0,103.15789080639601,-0.3584745962896374,C_hard7
2025-10-24,0.190146587133005,103.34803739352901,-0.17480957712207035,C_hard7
2025-10-25,0.0,103.34803739352901,-0.17480957712207035,C_hard7
2025-10-26,0.0,103.34803739352901,-0.17480957712207035,C_hard7
2025-10-27,0.0,103.34803739352901,-0.17480957712207035,C_hard7
2025-10-28,0.0,103.34803739352901,-0.17480957712207035,C_hard7
2025-10-29,0.0,103.34803739352901,-0.17480957712207035,C_hard7
2025-10-30,0.0,103.34803739352901,-0.17480957712207035,C_hard7
2025-10-31,0.0,103.34803739352901,-0.17480957712207035,C_hard7
2025-11-01,0.0,103.34803739352901,-0.17480957712207035,C_hard7
2025-11-02,0.0,103.34803739352901,-0.17480957712207035,C_hard7
2025-11-03,0.0,103.34803739352901,-0.17480957712207035,C_hard7
2025-11-04,0.0,103.34803739352901,-0.17480957712207035,C_hard7
2025-11-05,0.0,103.34803739352901,-0.17480957712207035,C_hard7
2025-11-06,0.0,103.34803739352901,-0.17480957712207035,C_hard7
2025-11-07,0.0,103.34803739352901,-0.17480957712207035,C_hard7
2025-11-08,0.0,103.34803739352901,-0.17480957712207035,C_hard7
2025-11-09,0.0,103.34803739352901,-0.17480957712207035,C_hard7
2025-11-10,0.0,103.34803739352901,-0.17480957712207035,C_hard7
2025-11-11,0.0,103.34803739352901,-0.17480957712207035,C_hard7
2025-11-12,0.0,103.34803739352901,-0.17480957712207035,C_hard7
2025-11-13,0.0,103.34803739352901,-0.17480957712207035,C_hard7
2025-11-14,0.0,103.34803739352901,-0.17480957712207035,C_hard7
2025-11-15,0.0,103.34803739352901,-0.17480957712207035,C_hard7
2025-11-16,0.0,103.34803739352901,-0.17480957712207035,C_hard7
2025-11-17,0.0,103.34803739352901,-0.17480957712207035,C_hard7
2025-11-18,0.0,103.34803739352901,-0.17480957712207035,C_hard7
2025-11-19,0.0,103.34803739352901,-0.17480957712207035,C_hard7
2025-11-20,0.0,103.34803739352901,-0.17480957712207035,C_hard7
2025-11-21,0.0,103.34803739352901,-0.17480957712207035,C_hard7
2025-11-22,0.0,103.34803739352901,-0.17480957712207035,C_hard7
2025-11-23,0.0,103.34803739352901,-0.17480957712207035,C_hard7
2025-11-24,0.0,103.34803739352901,-0.17480957712207035,C_hard7
2025-11-25,0.0,103.34803739352901,-0.17480957712207035,C_hard7
2025-11-26,0.0,103.34803739352901,-0.17480957712207035,C_hard7
2025-11-27,0.0,103.34803739352901,-0.17480957712207035,C_hard7
2025-11-28,0.0,103.34803739352901,-0.17480957712207035,C_hard7
2025-11-29,0.0,103.34803739352901,-0.17480957712207035,C_hard7
2025-11-30,0.0,103.34803739352901,-0.17480957712207035,C_hard7
2025-12-01,0.0,103.34803739352901,-0.17480957712207035,C_hard7
2025-12-02,0.0,103.34803739352901,-0.17480957712207035,C_hard7
2025-12-03,0.0,103.34803739352901,-0.17480957712207035,C_hard7
2025-12-04,0.0,103.34803739352901,-0.17480957712207035,C_hard7
2025-12-05,0.0,103.34803739352901,-0.17480957712207035,C_hard7
2025-12-06,0.0,103.34803739352901,-0.17480957712207035,C_hard7
2025-12-07,0.0,103.34803739352901,-0.17480957712207035,C_hard7
2025-12-08,0.0,103.34803739352901,-0.17480957712207035,C_hard7
2025-12-09,-0.05024561403508779,103.29779177949393,-0.22334245801139962,C_hard7
2025-12-10,0.0,103.29779177949393,-0.22334245801139962,C_hard7
2025-12-11,0.0,103.29779177949393,-0.22334245801139962,C_hard7
2025-12-12,0.0,103.29779177949393,-0.22334245801139962,C_hard7
2025-12-13,0.0,103.29779177949393,-0.22334245801139962,C_hard7
2025-12-14,0.0,103.29779177949393,-0.22334245801139962,C_hard7
2025-12-15,0.0,103.29779177949393,-0.22334245801139962,C_hard7
2025-12-16,0.0,103.29779177949393,-0.22334245801139962,C_hard7
2025-12-17,0.0,103.29779177949393,-0.22334245801139962,C_hard7
2025-12-18,0.0,103.29779177949393,-0.22334245801139962,C_hard7
2025-12-19,0.0,103.29779177949393,-0.22334245801139962,C_hard7
2025-12-20,0.0,103.29779177949393,-0.22334245801139962,C_hard7
2025-12-21,0.0,103.29779177949393,-0.22334245801139962,C_hard7
2025-12-22,0.0,103.29779177949393,-0.22334245801139962,C_hard7
2025-12-23,0.0,103.29779177949393,-0.22334245801139962,C_hard7
2025-12-24,0.0,103.29779177949393,-0.22334245801139962,C_hard7
2025-12-25,0.0,103.29779177949393,-0.22334245801139962,C_hard7
2025-12-26,0.0,103.29779177949393,-0.22334245801139962,C_hard7
2025-12-27,0.0,103.29779177949393,-0.22334245801139962,C_hard7
2025-12-28,0.0,103.29779177949393,-0.22334245801139962,C_hard7
2025-12-29,0.0,103.29779177949393,-0.22334245801139962,C_hard7
2025-12-30,-0.025122807017543873,103.27266897247638,-0.24760889845607537,C_hard7
2025-12-31,0.0,103.27266897247638,-0.24760889845607537,C_hard7
2026-01-01,-0.025122807017543897,103.24754616545884,-0.27187533890074,C_hard7
2026-01-02,0.0,103.24754616545884,-0.27187533890074,C_hard7
2026-01-03,0.0,103.24754616545884,-0.27187533890074,C_hard7
2026-01-04,0.0,103.24754616545884,-0.27187533890074,C_hard7
2026-01-05,0.0,103.24754616545884,-0.27187533890074,C_hard7
2026-01-06,0.0,103.24754616545884,-0.27187533890074,C_hard7
2026-01-07,0.0,103.24754616545884,-0.27187533890074,C_hard7
2026-01-08,0.0,103.24754616545884,-0.27187533890074,C_hard7
2026-01-09,0.0,103.24754616545884,-0.27187533890074,C_hard7
2026-01-10,0.0,103.24754616545884,-0.27187533890074,C_hard7
2026-01-11,0.0,103.24754616545884,-0.27187533890074,C_hard7
2026-01-12,0.0,103.24754616545884,-0.27187533890074,C_hard7
2026-01-13,0.0,103.24754616545884,-0.27187533890074,C_hard7
2026-01-14,-0.025122807017543877,103.2224233584413,-0.29614177934540464,C_hard7
2026-01-15,0.0,103.2224233584413,-0.29614177934540464,C_hard7
2026-01-16,0.0,103.2224233584413,-0.29614177934540464,C_hard7
2026-01-17,0.0,103.2224233584413,-0.29614177934540464,C_hard7
2026-01-18,0.0,103.2224233584413,-0.29614177934540464,C_hard7
2026-01-19,0.0,103.2224233584413,-0.29614177934540464,C_hard7
2026-01-20,0.0,103.2224233584413,-0.29614177934540464,C_hard7
2026-01-21,0.0,103.2224233584413,-0.29614177934540464,C_hard7
2026-01-22,0.0,103.2224233584413,-0.29614177934540464,C_hard7
2026-01-23,0.0,103.2224233584413,-0.29614177934540464,C_hard7
2026-01-24,0.0,103.2224233584413,-0.29614177934540464,C_hard7
2026-01-25,0.0,103.2224233584413,-0.29614177934540464,C_hard7
2026-01-26,0.0,103.2224233584413,-0.29614177934540464,C_hard7
2026-01-27,0.06005373083269813,103.282477089274,-0.23813511306348678,C_hard7
2026-01-28,0.0,103.282477089274,-0.23813511306348678,C_hard7
2026-01-29,0.0,103.282477089274,-0.23813511306348678,C_hard7
2026-01-30,0.0,103.282477089274,-0.23813511306348678,C_hard7
2026-01-31,0.0,103.282477089274,-0.23813511306348678,C_hard7
2026-02-01,0.0,103.282477089274,-0.23813511306348678,C_hard7
2026-02-02,0.0,103.282477089274,-0.23813511306348678,C_hard7
2026-02-03,0.0,103.282477089274,-0.23813511306348678,C_hard7
2026-02-04,0.0,103.282477089274,-0.23813511306348678,C_hard7
2026-02-05,0.0,103.282477089274,-0.23813511306348678,C_hard7
2026-02-06,0.0,103.282477089274,-0.23813511306348678,C_hard7
2026-02-07,0.0,103.282477089274,-0.23813511306348678,C_hard7
2026-02-08,0.0,103.282477089274,-0.23813511306348678,C_hard7
2026-02-09,0.0,103.282477089274,-0.23813511306348678,C_hard7
2026-02-10,0.0,103.282477089274,-0.23813511306348678,C_hard7
2026-02-11,0.0,103.282477089274,-0.23813511306348678,C_hard7
2026-02-12,0.0,103.282477089274,-0.23813511306348678,C_hard7
2026-02-13,0.0,103.282477089274,-0.23813511306348678,C_hard7
2026-02-14,0.0,103.282477089274,-0.23813511306348678,C_hard7
2026-02-15,0.0,103.282477089274,-0.23813511306348678,C_hard7
2026-02-16,0.0,103.282477089274,-0.23813511306348678,C_hard7
2026-02-17,0.0,103.282477089274,-0.23813511306348678,C_hard7
2026-02-18,0.0,103.282477089274,-0.23813511306348678,C_hard7
2026-02-19,0.0,103.282477089274,-0.23813511306348678,C_hard7
2026-02-20,0.0,103.282477089274,-0.23813511306348678,C_hard7
2026-02-21,0.0,103.282477089274,-0.23813511306348678,C_hard7
2026-02-22,0.0,103.282477089274,-0.23813511306348678,C_hard7
2026-02-23,0.0,103.282477089274,-0.23813511306348678,C_hard7
2026-02-24,0.0,103.282477089274,-0.23813511306348678,C_hard7
2026-02-25,0.0,103.282477089274,-0.23813511306348678,C_hard7
2026-02-26,0.0,103.282477089274,-0.23813511306348678,C_hard7
2026-02-27,-0.02512280701754391,103.25735428225646,-0.2624015535081514,C_hard7
2026-02-28,0.0,103.25735428225646,-0.2624015535081514,C_hard7
2026-03-01,0.0,103.25735428225646,-0.2624015535081514,C_hard7
2026-03-02,-0.0266000489835905,103.23075423327286,-0.28809488085150825,C_hard7
2026-03-03,0.0,103.23075423327286,-0.28809488085150825,C_hard7
2026-03-04,-0.05537848074417479,103.17537575252868,-0.3415856633089187,C_hard7
2026-03-05,0.0,103.17537575252868,-0.3415856633089187,C_hard7
2026-03-06,0.0,103.17537575252868,-0.3415856633089187,C_hard7
2026-03-07,0.0,103.17537575252868,-0.3415856633089187,C_hard7
2026-03-08,0.0,103.17537575252868,-0.3415856633089187,C_hard7
2026-03-09,-0.025122807017543897,103.15025294551114,-0.36585210375358335,C_hard7
2026-03-10,0.0,103.15025294551114,-0.36585210375358335,C_hard7
2026-03-11,0.0,103.15025294551114,-0.36585210375358335,C_hard7
2026-03-12,0.0,103.15025294551114,-0.36585210375358335,C_hard7
2026-03-13,-0.05024561403508776,103.10000733147605,-0.4143849846429237,C_hard7
2026-03-14,0.0,103.10000733147605,-0.4143849846429237,C_hard7
2026-03-15,0.0,103.10000733147605,-0.4143849846429237,C_hard7
2026-03-16,0.0,103.10000733147605,-0.4143849846429237,C_hard7
2026-03-17,0.0,103.10000733147605,-0.4143849846429237,C_hard7
2026-03-18,0.0,103.10000733147605,-0.4143849846429237,C_hard7
2026-03-19,0.0,103.10000733147605,-0.4143849846429237,C_hard7
2026-03-20,0.0,103.10000733147605,-0.4143849846429237,C_hard7
2026-03-21,0.0,103.10000733147605,-0.4143849846429237,C_hard7
2026-03-22,0.0,103.10000733147605,-0.4143849846429237,C_hard7
2026-03-23,0.0,103.10000733147605,-0.4143849846429237,C_hard7
2026-03-24,0.0,103.10000733147605,-0.4143849846429237,C_hard7
2026-03-25,0.0,103.10000733147605,-0.4143849846429237,C_hard7
2026-03-26,0.0,103.10000733147605,-0.4143849846429237,C_hard7
2026-03-27,0.0,103.10000733147605,-0.4143849846429237,C_hard7
2026-03-28,0.0,103.10000733147605,-0.4143849846429237,C_hard7
2026-03-29,0.0,103.10000733147605,-0.4143849846429237,C_hard7
2026-03-30,-0.025122807017543863,103.07488452445851,-0.43865142508758836,C_hard7
2026-03-31,0.0,103.07488452445851,-0.43865142508758836,C_hard7
2026-04-01,0.0,103.07488452445851,-0.43865142508758836,C_hard7
2026-04-02,0.0,103.07488452445851,-0.43865142508758836,C_hard7
2026-04-03,0.0,103.07488452445851,-0.43865142508758836,C_hard7
2026-04-04,0.0,103.07488452445851,-0.43865142508758836,C_hard7
2026-04-05,0.0,103.07488452445851,-0.43865142508758836,C_hard7
2026-04-06,0.0,103.07488452445851,-0.43865142508758836,C_hard7
2026-04-07,0.0,103.07488452445851,-0.43865142508758836,C_hard7
2026-04-08,0.0,103.07488452445851,-0.43865142508758836,C_hard7
2026-04-09,0.0,103.07488452445851,-0.43865142508758836,C_hard7
2026-04-10,0.0,103.07488452445851,-0.43865142508758836,C_hard7
2026-04-11,0.0,103.07488452445851,-0.43865142508758836,C_hard7
2026-04-12,0.0,103.07488452445851,-0.43865142508758836,C_hard7
2026-04-13,0.0,103.07488452445851,-0.43865142508758836,C_hard7
2026-04-14,0.0,103.07488452445851,-0.43865142508758836,C_hard7
2026-04-15,0.0,103.07488452445851,-0.43865142508758836,C_hard7
2026-04-16,0.0,103.07488452445851,-0.43865142508758836,C_hard7
2026-04-17,0.0,103.07488452445851,-0.43865142508758836,C_hard7
2026-04-18,0.0,103.07488452445851,-0.43865142508758836,C_hard7
2026-04-19,0.0,103.07488452445851,-0.43865142508758836,C_hard7
2026-04-20,0.0,103.07488452445851,-0.43865142508758836,C_hard7
2026-04-21,0.0,103.07488452445851,-0.43865142508758836,C_hard7
2026-04-22,0.0,103.07488452445851,-0.43865142508758836,C_hard7
2026-04-23,0.0,103.07488452445851,-0.43865142508758836,C_hard7
2026-04-24,0.0,103.07488452445851,-0.43865142508758836,C_hard7
2026-04-25,0.0,103.07488452445851,-0.43865142508758836,C_hard7
2026-04-26,0.0,103.07488452445851,-0.43865142508758836,C_hard7
2026-04-27,0.0,103.07488452445851,-0.43865142508758836,C_hard7
2026-04-28,0.0,103.07488452445851,-0.43865142508758836,C_hard7
2026-04-29,0.0,103.07488452445851,-0.43865142508758836,C_hard7
2026-04-30,0.2820311446136242,103.35691566907214,-0.16623393728341096,C_hard7
2021-07-08,-0.01164792452793364,99.98835207547206,0.0,D_atr
2021-07-09,-0.01212832770239232,99.97622374776968,-0.01212974056541416,D_atr
2021-07-10,0.0,99.97622374776968,-0.01212974056541416,D_atr
2021-07-11,0.0,99.97622374776968,-0.01212974056541416,D_atr
2021-07-12,0.0,99.97622374776968,-0.01212974056541416,D_atr
2021-07-13,0.0,99.97622374776968,-0.01212974056541416,D_atr
2021-07-14,0.0,99.97622374776968,-0.01212974056541416,D_atr
2021-07-15,0.0,99.97622374776968,-0.01212974056541416,D_atr
2021-07-16,0.0,99.97622374776968,-0.01212974056541416,D_atr
2021-07-17,0.0,99.97622374776968,-0.01212974056541416,D_atr
2021-07-18,0.0,99.97622374776968,-0.01212974056541416,D_atr
2021-07-19,0.0,99.97622374776968,-0.01212974056541416,D_atr
2021-07-20,0.0,99.97622374776968,-0.01212974056541416,D_atr
2021-07-21,0.0,99.97622374776968,-0.01212974056541416,D_atr
2021-07-22,0.0,99.97622374776968,-0.01212974056541416,D_atr
2021-07-23,0.0,99.97622374776968,-0.01212974056541416,D_atr
2021-07-24,0.0,99.97622374776968,-0.01212974056541416,D_atr
2021-07-25,0.0,99.97622374776968,-0.01212974056541416,D_atr
2021-07-26,-0.02001732808843301,99.95620641968124,-0.03214940052873594,D_atr
2021-07-27,0.0,99.95620641968124,-0.03214940052873594,D_atr
2021-07-28,0.0,99.95620641968124,-0.03214940052873594,D_atr
2021-07-29,-0.034431524611626046,99.92177489506962,-0.06658493616555905,D_atr
2021-07-30,0.0,99.92177489506962,-0.06658493616555905,D_atr
2021-07-31,0.0,99.92177489506962,-0.06658493616555905,D_atr
2021-08-01,0.0,99.92177489506962,-0.06658493616555905,D_atr
2021-08-02,0.0,99.92177489506962,-0.06658493616555905,D_atr
2021-08-03,0.0,99.92177489506962,-0.06658493616555905,D_atr
2021-08-04,0.0,99.92177489506962,-0.06658493616555905,D_atr
2021-08-05,-0.012364121872413154,99.90941077319721,-0.07895049836932344,D_atr
2021-08-06,0.0,99.90941077319721,-0.07895049836932344,D_atr
2021-08-07,0.0,99.90941077319721,-0.07895049836932344,D_atr
2021-08-08,0.0,99.90941077319721,-0.07895049836932344,D_atr
2021-08-09,0.0,99.90941077319721,-0.07895049836932344,D_atr
2021-08-10,0.0,99.90941077319721,-0.07895049836932344,D_atr
2021-08-11,0.0,99.90941077319721,-0.07895049836932344,D_atr
2021-08-12,0.0,99.90941077319721,-0.07895049836932344,D_atr
2021-08-13,0.0,99.90941077319721,-0.07895049836932344,D_atr
2021-08-14,0.0,99.90941077319721,-0.07895049836932344,D_atr
2021-08-15,0.0,99.90941077319721,-0.07895049836932344,D_atr
2021-08-16,0.0,99.90941077319721,-0.07895049836932344,D_atr
2021-08-17,0.0,99.90941077319721,-0.07895049836932344,D_atr
2021-08-18,0.0,99.90941077319721,-0.07895049836932344,D_atr
2021-08-19,0.0,99.90941077319721,-0.07895049836932344,D_atr
2021-08-20,-0.01426390621102518,99.89514686698618,-0.09321606622292311,D_atr
2021-08-21,0.0,99.89514686698618,-0.09321606622292311,D_atr
2021-08-22,0.0,99.89514686698618,-0.09321606622292311,D_atr
2021-08-23,0.0,99.89514686698618,-0.09321606622292311,D_atr
2021-08-24,0.0,99.89514686698618,-0.09321606622292311,D_atr
2021-08-25,0.0,99.89514686698618,-0.09321606622292311,D_atr
2021-08-26,0.0,99.89514686698618,-0.09321606622292311,D_atr
2021-08-27,0.0,99.89514686698618,-0.09321606622292311,D_atr
2021-08-28,0.0,99.89514686698618,-0.09321606622292311,D_atr
2021-08-29,0.0,99.89514686698618,-0.09321606622292311,D_atr
2021-08-30,0.0,99.89514686698618,-0.09321606622292311,D_atr
2021-08-31,0.0,99.89514686698618,-0.09321606622292311,D_atr
2021-09-01,0.0,99.89514686698618,-0.09321606622292311,D_atr
2021-09-02,0.0,99.89514686698618,-0.09321606622292311,D_atr
2021-09-03,0.0,99.89514686698618,-0.09321606622292311,D_atr
2021-09-04,0.0,99.89514686698618,-0.09321606622292311,D_atr
2021-09-05,0.0,99.89514686698618,-0.09321606622292311,D_atr
2021-09-06,0.0,99.89514686698618,-0.09321606622292311,D_atr
2021-09-07,0.0,99.89514686698618,-0.09321606622292311,D_atr
2021-09-08,0.0,99.89514686698618,-0.09321606622292311,D_atr
2021-09-09,0.0,99.89514686698618,-0.09321606622292311,D_atr
2021-09-10,0.0,99.89514686698618,-0.09321606622292311,D_atr
2021-09-11,0.0,99.89514686698618,-0.09321606622292311,D_atr
2021-09-12,0.0,99.89514686698618,-0.09321606622292311,D_atr
2021-09-13,0.0,99.89514686698618,-0.09321606622292311,D_atr
2021-09-14,0.0,99.89514686698618,-0.09321606622292311,D_atr
2021-09-15,0.0,99.89514686698618,-0.09321606622292311,D_atr
2021-09-16,0.0,99.89514686698618,-0.09321606622292311,D_atr
2021-09-17,0.0,99.89514686698618,-0.09321606622292311,D_atr
2021-09-18,0.0,99.89514686698618,-0.09321606622292311,D_atr
2021-09-19,0.0,99.89514686698618,-0.09321606622292311,D_atr
2021-09-20,0.0,99.89514686698618,-0.09321606622292311,D_atr
2021-09-21,0.0,99.89514686698618,-0.09321606622292311,D_atr
2021-09-22,0.0,99.89514686698618,-0.09321606622292311,D_atr
2021-09-23,0.0,99.89514686698618,-0.09321606622292311,D_atr
2021-09-24,0.0,99.89514686698618,-0.09321606622292311,D_atr
2021-09-25,0.0,99.89514686698618,-0.09321606622292311,D_atr
2021-09-26,0.0,99.89514686698618,-0.09321606622292311,D_atr
2021-09-27,0.0,99.89514686698618,-0.09321606622292311,D_atr
2021-09-28,0.0,99.89514686698618,-0.09321606622292311,D_atr
2021-09-29,0.0,99.89514686698618,-0.09321606622292311,D_atr
2021-09-30,0.0,99.89514686698618,-0.09321606622292311,D_atr
2021-10-01,0.548828656402116,100.44397552338829,0.0,D_atr
2021-10-02,0.0,100.44397552338829,0.0,D_atr
2021-10-03,0.0,100.44397552338829,0.0,D_atr
2021-10-04,0.0,100.44397552338829,0.0,D_atr
2021-10-05,0.0,100.44397552338829,0.0,D_atr
2021-10-06,0.0,100.44397552338829,0.0,D_atr
2021-10-07,0.0,100.44397552338829,0.0,D_atr
2021-10-08,0.0,100.44397552338829,0.0,D_atr
2021-10-09,0.0,100.44397552338829,0.0,D_atr
2021-10-10,0.0,100.44397552338829,0.0,D_atr
2021-10-11,0.0,100.44397552338829,0.0,D_atr
2021-10-12,0.0,100.44397552338829,0.0,D_atr
2021-10-13,0.0,100.44397552338829,0.0,D_atr
2021-10-14,-0.017038609959678822,100.42693691342862,-0.016963297072702943,D_atr
2021-10-15,0.0,100.42693691342862,-0.016963297072702943,D_atr
2021-10-16,0.0,100.42693691342862,-0.016963297072702943,D_atr
2021-10-17,0.0,100.42693691342862,-0.016963297072702943,D_atr
2021-10-18,0.0,100.42693691342862,-0.016963297072702943,D_atr
2021-10-19,-0.013062818480492622,100.41387409494813,-0.029968376185141032,D_atr
2021-10-20,-0.027991551975394036,100.38588254297272,-0.057836201835759216,D_atr
2021-10-21,-0.04277342066173296,100.34310912231099,-0.10042055837765629,D_atr
2021-10-22,0.0,100.34310912231099,-0.10042055837765629,D_atr
2021-10-23,0.0,100.34310912231099,-0.10042055837765629,D_atr
2021-10-24,0.0,100.34310912231099,-0.10042055837765629,D_atr
2021-10-25,-0.03363734327230464,100.30947177903869,-0.13390922018839957,D_atr
2021-10-26,0.0,100.30947177903869,-0.13390922018839957,D_atr
2021-10-27,0.0,100.30947177903869,-0.13390922018839957,D_atr
2021-10-28,-0.012984547232172189,100.29648723180652,-0.14683637402167493,D_atr
2021-10-29,0.0,100.29648723180652,-0.14683637402167493,D_atr
2021-10-30,0.0,100.29648723180652,-0.14683637402167493,D_atr
2021-10-31,0.0,100.29648723180652,-0.14683637402167493,D_atr
2021-11-01,0.0,100.29648723180652,-0.14683637402167493,D_atr
2021-11-02,0.0,100.29648723180652,-0.14683637402167493,D_atr
2021-11-03,0.0,100.29648723180652,-0.14683637402167493,D_atr
2021-11-04,0.0,100.29648723180652,-0.14683637402167493,D_atr
2021-11-05,0.0,100.29648723180652,-0.14683637402167493,D_atr
2021-11-06,0.0,100.29648723180652,-0.14683637402167493,D_atr
2021-11-07,0.0,100.29648723180652,-0.14683637402167493,D_atr
2021-11-08,0.0,100.29648723180652,-0.14683637402167493,D_atr
2021-11-09,0.0,100.29648723180652,-0.14683637402167493,D_atr
2021-11-10,0.0,100.29648723180652,-0.14683637402167493,D_atr
2021-11-11,0.0,100.29648723180652,-0.14683637402167493,D_atr
2021-11-12,0.0,100.29648723180652,-0.14683637402167493,D_atr
2021-11-13,0.0,100.29648723180652,-0.14683637402167493,D_atr
2021-11-14,0.0,100.29648723180652,-0.14683637402167493,D_atr
2021-11-15,0.0,100.29648723180652,-0.14683637402167493,D_atr
2021-11-16,0.0,100.29648723180652,-0.14683637402167493,D_atr
2021-11-17,0.0,100.29648723180652,-0.14683637402167493,D_atr
2021-11-18,0.0,100.29648723180652,-0.14683637402167493,D_atr
2021-11-19,0.0,100.29648723180652,-0.14683637402167493,D_atr
2021-11-20,0.0,100.29648723180652,-0.14683637402167493,D_atr
2021-11-21,0.0,100.29648723180652,-0.14683637402167493,D_atr
2021-11-22,-0.01510119228657023,100.28138603951994,-0.16187081706108275,D_atr
2021-11-23,0.0,100.28138603951994,-0.16187081706108275,D_atr
2021-11-24,0.0,100.28138603951994,-0.16187081706108275,D_atr
2021-11-25,0.0,100.28138603951994,-0.16187081706108275,D_atr
2021-11-26,0.0,100.28138603951994,-0.16187081706108275,D_atr
2021-11-27,0.0,100.28138603951994,-0.16187081706108275,D_atr
2021-11-28,0.0,100.28138603951994,-0.16187081706108275,D_atr
2021-11-29,-0.017779393447846348,100.2636066460721,-0.17957162326195375,D_atr
2021-11-30,-0.015325426241660495,100.24828121983045,-0.19482930911299823,D_atr
2021-12-01,0.0,100.24828121983045,-0.19482930911299823,D_atr
2021-12-02,0.0,100.24828121983045,-0.19482930911299823,D_atr
2021-12-03,0.0,100.24828121983045,-0.19482930911299823,D_atr
2021-12-04,0.0,100.24828121983045,-0.19482930911299823,D_atr
2021-12-05,0.0,100.24828121983045,-0.19482930911299823,D_atr
2021-12-06,0.0,100.24828121983045,-0.19482930911299823,D_atr
2021-12-07,0.0,100.24828121983045,-0.19482930911299823,D_atr
2021-12-08,0.0,100.24828121983045,-0.19482930911299823,D_atr
2021-12-09,0.0,100.24828121983045,-0.19482930911299823,D_atr
2021-12-10,0.0,100.24828121983045,-0.19482930911299823,D_atr
2021-12-11,0.0,100.24828121983045,-0.19482930911299823,D_atr
2021-12-12,0.0,100.24828121983045,-0.19482930911299823,D_atr
2021-12-13,0.0,100.24828121983045,-0.19482930911299823,D_atr
2021-12-14,0.0,100.24828121983045,-0.19482930911299823,D_atr
2021-12-15,0.0,100.24828121983045,-0.19482930911299823,D_atr
2021-12-16,0.0,100.24828121983045,-0.19482930911299823,D_atr
2021-12-17,0.0,100.24828121983045,-0.19482930911299823,D_atr
2021-12-18,0.0,100.24828121983045,-0.19482930911299823,D_atr
2021-12-19,0.0,100.24828121983045,-0.19482930911299823,D_atr
2021-12-20,0.0,100.24828121983045,-0.19482930911299823,D_atr
2021-12-21,0.0,100.24828121983045,-0.19482930911299823,D_atr
2021-12-22,0.0,100.24828121983045,-0.19482930911299823,D_atr
2021-12-23,0.0,100.24828121983045,-0.19482930911299823,D_atr
2021-12-24,0.0,100.24828121983045,-0.19482930911299823,D_atr
2021-12-25,0.0,100.24828121983045,-0.19482930911299823,D_atr
2021-12-26,0.0,100.24828121983045,-0.19482930911299823,D_atr
2021-12-27,0.0,100.24828121983045,-0.19482930911299823,D_atr
2021-12-28,0.0,100.24828121983045,-0.19482930911299823,D_atr
2021-12-29,0.0,100.24828121983045,-0.19482930911299823,D_atr
2021-12-30,0.0,100.24828121983045,-0.19482930911299823,D_atr
2021-12-31,0.0,100.24828121983045,-0.19482930911299823,D_atr
2022-01-01,0.0,100.24828121983045,-0.19482930911299823,D_atr
2022-01-02,0.0,100.24828121983045,-0.19482930911299823,D_atr
2022-01-03,0.07335875307951827,100.32163997290996,-0.12179481132728043,D_atr
2022-01-04,0.0,100.32163997290996,-0.12179481132728043,D_atr
2022-01-05,0.0,100.32163997290996,-0.12179481132728043,D_atr
2022-01-06,-0.027603289657573308,100.29403668325239,-0.14927609083034143,D_atr
2022-01-07,0.0,100.29403668325239,-0.14927609083034143,D_atr
2022-01-08,0.0,100.29403668325239,-0.14927609083034143,D_atr
2022-01-09,0.0,100.29403668325239,-0.14927609083034143,D_atr
2022-01-10,0.0,100.29403668325239,-0.14927609083034143,D_atr
2022-01-11,0.0,100.29403668325239,-0.14927609083034143,D_atr
2022-01-12,0.0,100.29403668325239,-0.14927609083034143,D_atr
2022-01-13,0.0,100.29403668325239,-0.14927609083034143,D_atr
2022-01-14,0.0,100.29403668325239,-0.14927609083034143,D_atr
2022-01-15,0.0,100.29403668325239,-0.14927609083034143,D_atr
2022-01-16,0.0,100.29403668325239,-0.14927609083034143,D_atr
2022-01-17,0.0,100.29403668325239,-0.14927609083034143,D_atr
2022-01-18,0.0,100.29403668325239,-0.14927609083034143,D_atr
2022-01-19,-0.012214634563846355,100.28182204868854,-0.1614367351100987,D_atr
2022-01-20,-0.015656614910883514,100.26616543377766,-0.17702414573308456,D_atr
2022-01-21,0.0,100.26616543377766,-0.17702414573308456,D_atr
2022-01-22,0.0,100.26616543377766,-0.17702414573308456,D_atr
2022-01-23,0.0,100.26616543377766,-0.17702414573308456,D_atr
2022-01-24,-0.054628234694620685,100.21153719908304,-0.23141091647763679,D_atr
2022-01-25,-0.01464580973906675,100.19689138934397,-0.2459919898200158,D_atr
2022-01-26,0.0,100.19689138934397,-0.2459919898200158,D_atr
2022-01-27,-0.011780926351633109,100.18511046299234,-0.25772084293465003,D_atr
2022-01-28,0.0,100.18511046299234,-0.25772084293465003,D_atr
2022-01-29,0.0,100.18511046299234,-0.25772084293465003,D_atr
2022-01-30,0.0,100.18511046299234,-0.25772084293465003,D_atr
2022-01-31,0.0,100.18511046299234,-0.25772084293465003,D_atr
2022-02-01,0.0,100.18511046299234,-0.25772084293465003,D_atr
2022-02-02,0.0,100.18511046299234,-0.25772084293465003,D_atr
2022-02-03,0.0,100.18511046299234,-0.25772084293465003,D_atr
2022-02-04,0.0,100.18511046299234,-0.25772084293465003,D_atr
2022-02-05,0.0,100.18511046299234,-0.25772084293465003,D_atr
2022-02-06,0.0,100.18511046299234,-0.25772084293465003,D_atr
2022-02-07,0.0,100.18511046299234,-0.25772084293465003,D_atr
2022-02-08,0.0,100.18511046299234,-0.25772084293465003,D_atr
2022-02-09,0.0,100.18511046299234,-0.25772084293465003,D_atr
2022-02-10,0.0,100.18511046299234,-0.25772084293465003,D_atr
2022-02-11,0.0,100.18511046299234,-0.25772084293465003,D_atr
2022-02-12,0.0,100.18511046299234,-0.25772084293465003,D_atr
2022-02-13,0.0,100.18511046299234,-0.25772084293465003,D_atr
2022-02-14,-0.028206629615476805,100.15690383337686,-0.2858027955540132,D_atr
2022-02-15,-0.016205525264056005,100.1406983081128,-0.3019366902745402,D_atr
2022-02-16,0.0,100.1406983081128,-0.3019366902745402,D_atr
2022-02-17,0.0,100.1406983081128,-0.3019366902745402,D_atr
2022-02-18,0.0,100.1406983081128,-0.3019366902745402,D_atr
2022-02-19,0.0,100.1406983081128,-0.3019366902745402,D_atr
2022-02-20,0.0,100.1406983081128,-0.3019366902745402,D_atr
2022-02-21,0.0,100.1406983081128,-0.3019366902745402,D_atr
2022-02-22,0.0,100.1406983081128,-0.3019366902745402,D_atr
2022-02-23,0.0,100.1406983081128,-0.3019366902745402,D_atr
2022-02-24,0.0,100.1406983081128,-0.3019366902745402,D_atr
2022-02-25,0.0,100.1406983081128,-0.3019366902745402,D_atr
2022-02-26,0.0,100.1406983081128,-0.3019366902745402,D_atr
2022-02-27,0.0,100.1406983081128,-0.3019366902745402,D_atr
2022-02-28,0.0,100.1406983081128,-0.3019366902745402,D_atr
2022-03-01,0.0,100.1406983081128,-0.3019366902745402,D_atr
2022-03-02,0.0,100.1406983081128,-0.3019366902745402,D_atr
2022-03-03,0.0,100.1406983081128,-0.3019366902745402,D_atr
2022-03-04,-0.0145569633524172,100.12614134476038,-0.31642930994293383,D_atr
2022-03-05,0.0,100.12614134476038,-0.31642930994293383,D_atr
2022-03-06,0.0,100.12614134476038,-0.31642930994293383,D_atr
2022-03-07,-0.015471890797758158,100.11066945396263,-0.3318328129575554,D_atr
2022-03-08,0.0,100.11066945396263,-0.3318328129575554,D_atr
2022-03-09,0.0,100.11066945396263,-0.3318328129575554,D_atr
2022-03-10,0.0,100.11066945396263,-0.3318328129575554,D_atr
2022-03-11,0.0,100.11066945396263,-0.3318328129575554,D_atr
2022-03-12,0.0,100.11066945396263,-0.3318328129575554,D_atr
2022-03-13,0.0,100.11066945396263,-0.3318328129575554,D_atr
2022-03-14,0.0,100.11066945396263,-0.3318328129575554,D_atr
2022-03-15,0.0,100.11066945396263,-0.3318328129575554,D_atr
2022-03-16,0.0,100.11066945396263,-0.3318328129575554,D_atr
2022-03-17,0.0,100.11066945396263,-0.3318328129575554,D_atr
2022-03-18,0.0,100.11066945396263,-0.3318328129575554,D_atr
2022-03-19,0.0,100.11066945396263,-0.3318328129575554,D_atr
2022-03-20,0.0,100.11066945396263,-0.3318328129575554,D_atr
2022-03-21,0.0,100.11066945396263,-0.3318328129575554,D_atr
2022-03-22,0.0,100.11066945396263,-0.3318328129575554,D_atr
2022-03-23,0.0,100.11066945396263,-0.3318328129575554,D_atr
2022-03-24,0.0,100.11066945396263,-0.3318328129575554,D_atr
2022-03-25,0.0,100.11066945396263,-0.3318328129575554,D_atr
2022-03-26,0.0,100.11066945396263,-0.3318328129575554,D_atr
2022-03-27,0.0,100.11066945396263,-0.3318328129575554,D_atr
2022-03-28,0.0,100.11066945396263,-0.3318328129575554,D_atr
2022-03-29,0.0,100.11066945396263,-0.3318328129575554,D_atr
2022-03-30,0.0,100.11066945396263,-0.3318328129575554,D_atr
2022-03-31,0.0,100.11066945396263,-0.3318328129575554,D_atr
2022-04-01,0.0,100.11066945396263,-0.3318328129575554,D_atr
2022-04-02,0.0,100.11066945396263,-0.3318328129575554,D_atr
2022-04-03,0.0,100.11066945396263,-0.3318328129575554,D_atr
2022-04-04,0.0,100.11066945396263,-0.3318328129575554,D_atr
2022-04-05,0.0,100.11066945396263,-0.3318328129575554,D_atr
2022-04-06,0.0,100.11066945396263,-0.3318328129575554,D_atr
2022-04-07,-0.012810556852443592,100.09785889711019,-0.3445867454713758,D_atr
2022-04-08,0.0,100.09785889711019,-0.3445867454713758,D_atr
2022-04-09,0.0,100.09785889711019,-0.3445867454713758,D_atr
2022-04-10,0.0,100.09785889711019,-0.3445867454713758,D_atr
2022-04-11,-0.01770274700775906,100.08015615010243,-0.36221124401946136,D_atr
2022-04-12,-0.01747414094998942,100.06268200915244,-0.3796081469784829,D_atr
2022-04-13,0.0,100.06268200915244,-0.3796081469784829,D_atr
2022-04-14,0.0,100.06268200915244,-0.3796081469784829,D_atr
2022-04-15,0.0,100.06268200915244,-0.3796081469784829,D_atr
2022-04-16,0.0,100.06268200915244,-0.3796081469784829,D_atr
2022-04-17,0.0,100.06268200915244,-0.3796081469784829,D_atr
2022-04-18,-0.03540468706224115,100.0272773220902,-0.41485634068820776,D_atr
2022-04-19,-0.018104802652877307,100.00917251943731,-0.4328811177428227,D_atr
2022-04-20,0.0,100.00917251943731,-0.4328811177428227,D_atr
2022-04-21,0.0,100.00917251943731,-0.4328811177428227,D_atr
2022-04-22,0.0,100.00917251943731,-0.4328811177428227,D_atr
2022-04-23,0.0,100.00917251943731,-0.4328811177428227,D_atr
2022-04-24,0.0,100.00917251943731,-0.4328811177428227,D_atr
2022-04-25,-0.018899009458100986,99.99027350997922,-0.45169659110458893,D_atr
2022-04-26,0.0,99.99027350997922,-0.45169659110458893,D_atr
2022-04-27,0.0,99.99027350997922,-0.45169659110458893,D_atr
2022-04-28,0.0,99.99027350997922,-0.45169659110458893,D_atr
2022-04-29,-0.01951009565189746,99.97076341432732,-0.47112044957915433,D_atr
2022-04-30,0.0,99.97076341432732,-0.47112044957915433,D_atr
2022-05-01,0.0,99.97076341432732,-0.47112044957915433,D_atr
2022-05-02,0.0,99.97076341432732,-0.47112044957915433,D_atr
2022-05-03,0.0,99.97076341432732,-0.47112044957915433,D_atr
2022-05-04,0.0,99.97076341432732,-0.47112044957915433,D_atr
2022-05-05,-0.01786356538208073,99.95289984894524,-0.48890505566330233,D_atr
2022-05-06,-0.016373771661164983,99.93652607728407,-0.5052064531098299,D_atr
2022-05-07,0.0,99.93652607728407,-0.5052064531098299,D_atr
2022-05-08,0.0,99.93652607728407,-0.5052064531098299,D_atr
2022-05-09,0.0,99.93652607728407,-0.5052064531098299,D_atr
2022-05-10,0.0,99.93652607728407,-0.5052064531098299,D_atr
2022-05-11,-0.013788602431586883,99.92273747485248,-0.518934108113267,D_atr
2022-05-12,0.0,99.92273747485248,-0.518934108113267,D_atr
2022-05-13,0.0,99.92273747485248,-0.518934108113267,D_atr
2022-05-14,0.0,99.92273747485248,-0.518934108113267,D_atr
2022-05-15,0.0,99.92273747485248,-0.518934108113267,D_atr
2022-05-16,0.0,99.92273747485248,-0.518934108113267,D_atr
2022-05-17,0.0,99.92273747485248,-0.518934108113267,D_atr
2022-05-18,0.0,99.92273747485248,-0.518934108113267,D_atr
2022-05-19,0.0,99.92273747485248,-0.518934108113267,D_atr
2022-05-20,0.0,99.92273747485248,-0.518934108113267,D_atr
2022-05-21,0.0,99.92273747485248,-0.518934108113267,D_atr
2022-05-22,0.0,99.92273747485248,-0.518934108113267,D_atr
2022-05-23,0.0,99.92273747485248,-0.518934108113267,D_atr
2022-05-24,0.0,99.92273747485248,-0.518934108113267,D_atr
2022-05-25,0.0,99.92273747485248,-0.518934108113267,D_atr
2022-05-26,0.0,99.92273747485248,-0.518934108113267,D_atr
2022-05-27,0.0,99.92273747485248,-0.518934108113267,D_atr
2022-05-28,0.0,99.92273747485248,-0.518934108113267,D_atr
2022-05-29,0.0,99.92273747485248,-0.518934108113267,D_atr
2022-05-30,0.0,99.92273747485248,-0.518934108113267,D_atr
2022-05-31,0.0,99.92273747485248,-0.518934108113267,D_atr
2022-06-01,0.0,99.92273747485248,-0.518934108113267,D_atr
2022-06-02,0.0,99.92273747485248,-0.518934108113267,D_atr
2022-06-03,0.0,99.92273747485248,-0.518934108113267,D_atr
2022-06-04,0.0,99.92273747485248,-0.518934108113267,D_atr
2022-06-05,0.0,99.92273747485248,-0.518934108113267,D_atr
2022-06-06,0.0,99.92273747485248,-0.518934108113267,D_atr
2022-06-07,0.0,99.92273747485248,-0.518934108113267,D_atr
2022-06-08,0.0,99.92273747485248,-0.518934108113267,D_atr
2022-06-09,0.0,99.92273747485248,-0.518934108113267,D_atr
2022-06-10,0.0,99.92273747485248,-0.518934108113267,D_atr
2022-06-11,0.0,99.92273747485248,-0.518934108113267,D_atr
2022-06-12,0.0,99.92273747485248,-0.518934108113267,D_atr
2022-06-13,0.0,99.92273747485248,-0.518934108113267,D_atr
2022-06-14,0.0,99.92273747485248,-0.518934108113267,D_atr
2022-06-15,0.0,99.92273747485248,-0.518934108113267,D_atr
2022-06-16,0.0,99.92273747485248,-0.518934108113267,D_atr
2022-06-17,0.0,99.92273747485248,-0.518934108113267,D_atr
2022-06-18,0.0,99.92273747485248,-0.518934108113267,D_atr
2022-06-19,0.0,99.92273747485248,-0.518934108113267,D_atr
2022-06-20,0.0,99.92273747485248,-0.518934108113267,D_atr
2022-06-21,0.0,99.92273747485248,-0.518934108113267,D_atr
2022-06-22,0.0,99.92273747485248,-0.518934108113267,D_atr
2022-06-23,0.0,99.92273747485248,-0.518934108113267,D_atr
2022-06-24,0.0,99.92273747485248,-0.518934108113267,D_atr
2022-06-25,0.0,99.92273747485248,-0.518934108113267,D_atr
2022-06-26,0.0,99.92273747485248,-0.518934108113267,D_atr
2022-06-27,0.0,99.92273747485248,-0.518934108113267,D_atr
2022-06-28,0.0,99.92273747485248,-0.518934108113267,D_atr
2022-06-29,0.0,99.92273747485248,-0.518934108113267,D_atr
2022-06-30,0.0,99.92273747485248,-0.518934108113267,D_atr
2022-07-01,0.0,99.92273747485248,-0.518934108113267,D_atr
2022-07-02,0.0,99.92273747485248,-0.518934108113267,D_atr
2022-07-03,0.0,99.92273747485248,-0.518934108113267,D_atr
2022-07-04,0.0,99.92273747485248,-0.518934108113267,D_atr
2022-07-05,0.0,99.92273747485248,-0.518934108113267,D_atr
2022-07-06,0.2634156134846702,100.18615308833715,-0.2566828261303833,D_atr
2022-07-07,0.0,100.18615308833715,-0.2566828261303833,D_atr
2022-07-08,0.0,100.18615308833715,-0.2566828261303833,D_atr
2022-07-09,0.0,100.18615308833715,-0.2566828261303833,D_atr
2022-07-10,0.0,100.18615308833715,-0.2566828261303833,D_atr
2022-07-11,-0.01803068374156081,100.1681224045956,-0.27463381188895797,D_atr
2022-07-12,-0.018103918079335434,100.15001848651626,-0.2926577082799531,D_atr
2022-07-13,0.0,100.15001848651626,-0.2926577082799531,D_atr
2022-07-14,0.0,100.15001848651626,-0.2926577082799531,D_atr
2022-07-15,0.0,100.15001848651626,-0.2926577082799531,D_atr
2022-07-16,0.0,100.15001848651626,-0.2926577082799531,D_atr
2022-07-17,0.0,100.15001848651626,-0.2926577082799531,D_atr
2022-07-18,0.0,100.15001848651626,-0.2926577082799531,D_atr
2022-07-19,0.0,100.15001848651626,-0.2926577082799531,D_atr
2022-07-20,0.0,100.15001848651626,-0.2926577082799531,D_atr
2022-07-21,0.0,100.15001848651626,-0.2926577082799531,D_atr
2022-07-22,0.0,100.15001848651626,-0.2926577082799531,D_atr
2022-07-23,0.0,100.15001848651626,-0.2926577082799531,D_atr
2022-07-24,0.0,100.15001848651626,-0.2926577082799531,D_atr
2022-07-25,0.0,100.15001848651626,-0.2926577082799531,D_atr
2022-07-26,0.0,100.15001848651626,-0.2926577082799531,D_atr
2022-07-27,-0.01234787187833843,100.13767061463793,-0.30495100094782845,D_atr
2022-07-28,0.0,100.13767061463793,-0.30495100094782845,D_atr
2022-07-29,0.0,100.13767061463793,-0.30495100094782845,D_atr
2022-07-30,0.0,100.13767061463793,-0.30495100094782845,D_atr
2022-07-31,0.0,100.13767061463793,-0.30495100094782845,D_atr
2022-08-01,0.0,100.13767061463793,-0.30495100094782845,D_atr
2022-08-02,0.0,100.13767061463793,-0.30495100094782845,D_atr
2022-08-03,0.0,100.13767061463793,-0.30495100094782845,D_atr
2022-08-04,0.0,100.13767061463793,-0.30495100094782845,D_atr
2022-08-05,0.0,100.13767061463793,-0.30495100094782845,D_atr
2022-08-06,0.0,100.13767061463793,-0.30495100094782845,D_atr
2022-08-07,0.0,100.13767061463793,-0.30495100094782845,D_atr
2022-08-08,0.0,100.13767061463793,-0.30495100094782845,D_atr
2022-08-09,0.0,100.13767061463793,-0.30495100094782845,D_atr
2022-08-10,0.0,100.13767061463793,-0.30495100094782845,D_atr
2022-08-11,0.0,100.13767061463793,-0.30495100094782845,D_atr
2022-08-12,0.0,100.13767061463793,-0.30495100094782845,D_atr
2022-08-13,0.0,100.13767061463793,-0.30495100094782845,D_atr
2022-08-14,0.0,100.13767061463793,-0.30495100094782845,D_atr
2022-08-15,0.0,100.13767061463793,-0.30495100094782845,D_atr
2022-08-16,0.0,100.13767061463793,-0.30495100094782845,D_atr
2022-08-17,0.0,100.13767061463793,-0.30495100094782845,D_atr
2022-08-18,-0.01998814811268356,100.11768246652524,-0.32485079882872414,D_atr
2022-08-19,0.0,100.11768246652524,-0.32485079882872414,D_atr
2022-08-20,0.0,100.11768246652524,-0.32485079882872414,D_atr
2022-08-21,0.0,100.11768246652524,-0.32485079882872414,D_atr
2022-08-22,0.0,100.11768246652524,-0.32485079882872414,D_atr
2022-08-23,0.0,100.11768246652524,-0.32485079882872414,D_atr
2022-08-24,0.0,100.11768246652524,-0.32485079882872414,D_atr
2022-08-25,0.0,100.11768246652524,-0.32485079882872414,D_atr
2022-08-26,0.0,100.11768246652524,-0.32485079882872414,D_atr
2022-08-27,0.0,100.11768246652524,-0.32485079882872414,D_atr
2022-08-28,0.0,100.11768246652524,-0.32485079882872414,D_atr
2022-08-29,0.0,100.11768246652524,-0.32485079882872414,D_atr
2022-08-30,0.0,100.11768246652524,-0.32485079882872414,D_atr
2022-08-31,0.0,100.11768246652524,-0.32485079882872414,D_atr
2022-09-01,0.0,100.11768246652524,-0.32485079882872414,D_atr
2022-09-02,0.0,100.11768246652524,-0.32485079882872414,D_atr
2022-09-03,0.0,100.11768246652524,-0.32485079882872414,D_atr
2022-09-04,0.0,100.11768246652524,-0.32485079882872414,D_atr
2022-09-05,0.0,100.11768246652524,-0.32485079882872414,D_atr
2022-09-06,0.0,100.11768246652524,-0.32485079882872414,D_atr
2022-09-07,0.0,100.11768246652524,-0.32485079882872414,D_atr
2022-09-08,0.0,100.11768246652524,-0.32485079882872414,D_atr
2022-09-09,0.0,100.11768246652524,-0.32485079882872414,D_atr
2022-09-10,0.0,100.11768246652524,-0.32485079882872414,D_atr
2022-09-11,0.0,100.11768246652524,-0.32485079882872414,D_atr
2022-09-12,0.0,100.11768246652524,-0.32485079882872414,D_atr
2022-09-13,0.0,100.11768246652524,-0.32485079882872414,D_atr
2022-09-14,0.0,100.11768246652524,-0.32485079882872414,D_atr
2022-09-15,0.0,100.11768246652524,-0.32485079882872414,D_atr
2022-09-16,0.0,100.11768246652524,-0.32485079882872414,D_atr
2022-09-17,0.0,100.11768246652524,-0.32485079882872414,D_atr
2022-09-18,0.0,100.11768246652524,-0.32485079882872414,D_atr
2022-09-19,0.0,100.11768246652524,-0.32485079882872414,D_atr
2022-09-20,0.0,100.11768246652524,-0.32485079882872414,D_atr
2022-09-21,0.0,100.11768246652524,-0.32485079882872414,D_atr
2022-09-22,0.0,100.11768246652524,-0.32485079882872414,D_atr
2022-09-23,-0.01803635037924256,100.09964611614599,-0.34280742617771587,D_atr
2022-09-24,0.0,100.09964611614599,-0.34280742617771587,D_atr
2022-09-25,0.0,100.09964611614599,-0.34280742617771587,D_atr
2022-09-26,0.0,100.09964611614599,-0.34280742617771587,D_atr
2022-09-27,0.0,100.09964611614599,-0.34280742617771587,D_atr
2022-09-28,0.0,100.09964611614599,-0.34280742617771587,D_atr
2022-09-29,0.0,100.09964611614599,-0.34280742617771587,D_atr
2022-09-30,0.0,100.09964611614599,-0.34280742617771587,D_atr
2022-10-01,0.0,100.09964611614599,-0.34280742617771587,D_atr
2022-10-02,0.0,100.09964611614599,-0.34280742617771587,D_atr
2022-10-03,0.0,100.09964611614599,-0.34280742617771587,D_atr
2022-10-04,0.0,100.09964611614599,-0.34280742617771587,D_atr
2022-10-05,0.0,100.09964611614599,-0.34280742617771587,D_atr
2022-10-06,0.0,100.09964611614599,-0.34280742617771587,D_atr
2022-10-07,0.33894275209810115,100.4385888682441,-0.005362845423151352,D_atr
2022-10-08,0.0,100.4385888682441,-0.005362845423151352,D_atr
2022-10-09,0.0,100.4385888682441,-0.005362845423151352,D_atr
2022-10-10,0.0,100.4385888682441,-0.005362845423151352,D_atr
2022-10-11,-0.013552267916828994,100.42503660032726,-0.018855210541346423,D_atr
2022-10-12,0.0,100.42503660032726,-0.018855210541346423,D_atr
2022-10-13,0.0,100.42503660032726,-0.018855210541346423,D_atr
2022-10-14,0.0,100.42503660032726,-0.018855210541346423,D_atr
2022-10-15,0.0,100.42503660032726,-0.018855210541346423,D_atr
2022-10-16,0.0,100.42503660032726,-0.018855210541346423,D_atr
2022-10-17,0.0,100.42503660032726,-0.018855210541346423,D_atr
2022-10-18,0.0,100.42503660032726,-0.018855210541346423,D_atr
2022-10-19,0.0,100.42503660032726,-0.018855210541346423,D_atr
2022-10-20,0.0,100.42503660032726,-0.018855210541346423,D_atr
2022-10-21,-0.020348805139449692,100.40468779518781,-0.03911407129771893,D_atr
2022-10-22,0.0,100.40468779518781,-0.03911407129771893,D_atr
2022-10-23,0.0,100.40468779518781,-0.03911407129771893,D_atr
2022-10-24,0.0,100.40468779518781,-0.03911407129771893,D_atr
2022-10-25,0.0,100.40468779518781,-0.03911407129771893,D_atr
2022-10-26,0.0,100.40468779518781,-0.03911407129771893,D_atr
2022-10-27,0.0,100.40468779518781,-0.03911407129771893,D_atr
2022-10-28,0.0,100.40468779518781,-0.03911407129771893,D_atr
2022-10-29,0.0,100.40468779518781,-0.03911407129771893,D_atr
2022-10-30,0.0,100.40468779518781,-0.03911407129771893,D_atr
2022-10-31,0.0,100.40468779518781,-0.03911407129771893,D_atr
2022-11-01,0.0,100.40468779518781,-0.03911407129771893,D_atr
2022-11-02,0.0,100.40468779518781,-0.03911407129771893,D_atr
2022-11-03,-0.03515615198082277,100.369531643207,-0.07411482848361794,D_atr
2022-11-04,0.0,100.369531643207,-0.07411482848361794,D_atr
2022-11-05,0.0,100.369531643207,-0.07411482848361794,D_atr
2022-11-06,0.0,100.369531643207,-0.07411482848361794,D_atr
2022-11-07,0.0,100.369531643207,-0.07411482848361794,D_atr
2022-11-08,0.0,100.369531643207,-0.07411482848361794,D_atr
2022-11-09,0.0,100.369531643207,-0.07411482848361794,D_atr
2022-11-10,0.0,100.369531643207,-0.07411482848361794,D_atr
2022-11-11,0.0,100.369531643207,-0.07411482848361794,D_atr
2022-11-12,0.0,100.369531643207,-0.07411482848361794,D_atr
2022-11-13,0.0,100.369531643207,-0.07411482848361794,D_atr
2022-11-14,0.0,100.369531643207,-0.07411482848361794,D_atr
2022-11-15,0.0,100.369531643207,-0.07411482848361794,D_atr
2022-11-16,0.0,100.369531643207,-0.07411482848361794,D_atr
2022-11-17,0.0,100.369531643207,-0.07411482848361794,D_atr
2022-11-18,0.0,100.369531643207,-0.07411482848361794,D_atr
2022-11-19,0.0,100.369531643207,-0.07411482848361794,D_atr
2022-11-20,0.0,100.369531643207,-0.07411482848361794,D_atr
2022-11-21,0.0,100.369531643207,-0.07411482848361794,D_atr
2022-11-22,0.0,100.369531643207,-0.07411482848361794,D_atr
2022-11-23,0.0,100.369531643207,-0.07411482848361794,D_atr
2022-11-24,0.0,100.369531643207,-0.07411482848361794,D_atr
2022-11-25,0.0,100.369531643207,-0.07411482848361794,D_atr
2022-11-26,0.0,100.369531643207,-0.07411482848361794,D_atr
2022-11-27,0.0,100.369531643207,-0.07411482848361794,D_atr
2022-11-28,0.0,100.369531643207,-0.07411482848361794,D_atr
2022-11-29,0.0,100.369531643207,-0.07411482848361794,D_atr
2022-11-30,0.0,100.369531643207,-0.07411482848361794,D_atr
2022-12-01,0.0,100.369531643207,-0.07411482848361794,D_atr
2022-12-02,0.0,100.369531643207,-0.07411482848361794,D_atr
2022-12-03,0.0,100.369531643207,-0.07411482848361794,D_atr
2022-12-04,0.0,100.369531643207,-0.07411482848361794,D_atr
2022-12-05,0.0,100.369531643207,-0.07411482848361794,D_atr
2022-12-06,0.0,100.369531643207,-0.07411482848361794,D_atr
2022-12-07,0.0,100.369531643207,-0.07411482848361794,D_atr
2022-12-08,0.0,100.369531643207,-0.07411482848361794,D_atr
2022-12-09,0.0,100.369531643207,-0.07411482848361794,D_atr
2022-12-10,0.0,100.369531643207,-0.07411482848361794,D_atr
2022-12-11,0.0,100.369531643207,-0.07411482848361794,D_atr
2022-12-12,0.0,100.369531643207,-0.07411482848361794,D_atr
2022-12-13,0.0,100.369531643207,-0.07411482848361794,D_atr
2022-12-14,0.0,100.369531643207,-0.07411482848361794,D_atr
2022-12-15,0.0,100.369531643207,-0.07411482848361794,D_atr
2022-12-16,0.0,100.369531643207,-0.07411482848361794,D_atr
2022-12-17,0.0,100.369531643207,-0.07411482848361794,D_atr
2022-12-18,0.0,100.369531643207,-0.07411482848361794,D_atr
2022-12-19,-0.01989292451201118,100.34963871869498,-0.09391982366463436,D_atr
2022-12-20,0.0,100.34963871869498,-0.09391982366463436,D_atr
2022-12-21,0.0,100.34963871869498,-0.09391982366463436,D_atr
2022-12-22,-0.017143533362061338,100.33249518533292,-0.11098758036455214,D_atr
2022-12-23,0.0,100.33249518533292,-0.11098758036455214,D_atr
2022-12-24,0.0,100.33249518533292,-0.11098758036455214,D_atr
2022-12-25,0.0,100.33249518533292,-0.11098758036455214,D_atr
2022-12-26,0.0,100.33249518533292,-0.11098758036455214,D_atr
2022-12-27,0.0,100.33249518533292,-0.11098758036455214,D_atr
2022-12-28,0.0,100.33249518533292,-0.11098758036455214,D_atr
2022-12-29,0.0,100.33249518533292,-0.11098758036455214,D_atr
2022-12-30,0.0,100.33249518533292,-0.11098758036455214,D_atr
2022-12-31,0.0,100.33249518533292,-0.11098758036455214,D_atr
2023-01-01,0.0,100.33249518533292,-0.11098758036455214,D_atr
2023-01-02,0.0,100.33249518533292,-0.11098758036455214,D_atr
2023-01-03,0.0,100.33249518533292,-0.11098758036455214,D_atr
2023-01-04,0.0,100.33249518533292,-0.11098758036455214,D_atr
2023-01-05,0.0,100.33249518533292,-0.11098758036455214,D_atr
2023-01-06,0.8201746498552454,101.15266983518816,0.0,D_atr
2023-01-07,0.0,101.15266983518816,0.0,D_atr
2023-01-08,0.0,101.15266983518816,0.0,D_atr
2023-01-09,0.0,101.15266983518816,0.0,D_atr
2023-01-10,0.0,101.15266983518816,0.0,D_atr
2023-01-11,-0.015925504716565293,101.1367443304716,-0.01574402805433195,D_atr
2023-01-12,0.0,101.1367443304716,-0.01574402805433195,D_atr
2023-01-13,0.0,101.1367443304716,-0.01574402805433195,D_atr
2023-01-14,0.0,101.1367443304716,-0.01574402805433195,D_atr
2023-01-15,0.0,101.1367443304716,-0.01574402805433195,D_atr
2023-01-16,0.0,101.1367443304716,-0.01574402805433195,D_atr
2023-01-17,0.0,101.1367443304716,-0.01574402805433195,D_atr
2023-01-18,0.0,101.1367443304716,-0.01574402805433195,D_atr
2023-01-19,0.0,101.1367443304716,-0.01574402805433195,D_atr
2023-01-20,-0.04734911480898404,101.08939521566262,-0.0625535832406987,D_atr
2023-01-21,0.0,101.08939521566262,-0.0625535832406987,D_atr
2023-01-22,0.0,101.08939521566262,-0.0625535832406987,D_atr
2023-01-23,0.0,101.08939521566262,-0.0625535832406987,D_atr
2023-01-24,0.0,101.08939521566262,-0.0625535832406987,D_atr
2023-01-25,0.0,101.08939521566262,-0.0625535832406987,D_atr
2023-01-26,0.0,101.08939521566262,-0.0625535832406987,D_atr
2023-01-27,-0.013840780551539776,101.07555443511107,-0.07623664328656465,D_atr
2023-01-28,0.0,101.07555443511107,-0.07623664328656465,D_atr
2023-01-29,0.0,101.07555443511107,-0.07623664328656465,D_atr
2023-01-30,0.0,101.07555443511107,-0.07623664328656465,D_atr
2023-01-31,0.0,101.07555443511107,-0.07623664328656465,D_atr
2023-02-01,0.0,101.07555443511107,-0.07623664328656465,D_atr
2023-02-02,0.0,101.07555443511107,-0.07623664328656465,D_atr
2023-02-03,-0.013153691939808206,101.06240074317127,-0.08924044433427092,D_atr
2023-02-04,0.0,101.06240074317127,-0.08924044433427092,D_atr
2023-02-05,0.0,101.06240074317127,-0.08924044433427092,D_atr
2023-02-06,0.0,101.06240074317127,-0.08924044433427092,D_atr
2023-02-07,0.0,101.06240074317127,-0.08924044433427092,D_atr
2023-02-08,0.0,101.06240074317127,-0.08924044433427092,D_atr
2023-02-09,0.0,101.06240074317127,-0.08924044433427092,D_atr
2023-02-10,0.0,101.06240074317127,-0.08924044433427092,D_atr
2023-02-11,0.0,101.06240074317127,-0.08924044433427092,D_atr
2023-02-12,0.0,101.06240074317127,-0.08924044433427092,D_atr
2023-02-13,0.0,101.06240074317127,-0.08924044433427092,D_atr
2023-02-14,0.0,101.06240074317127,-0.08924044433427092,D_atr
2023-02-15,-0.012451296362470995,101.0499494468088,-0.10154985384640547,D_atr
2023-02-16,0.0,101.0499494468088,-0.10154985384640547,D_atr
2023-02-17,0.0,101.0499494468088,-0.10154985384640547,D_atr
2023-02-18,0.0,101.0499494468088,-0.10154985384640547,D_atr
2023-02-19,0.0,101.0499494468088,-0.10154985384640547,D_atr
2023-02-20,0.0,101.0499494468088,-0.10154985384640547,D_atr
2023-02-21,0.0,101.0499494468088,-0.10154985384640547,D_atr
2023-02-22,0.0,101.0499494468088,-0.10154985384640547,D_atr
2023-02-23,0.0,101.0499494468088,-0.10154985384640547,D_atr
2023-02-24,0.0,101.0499494468088,-0.10154985384640547,D_atr
2023-02-25,0.0,101.0499494468088,-0.10154985384640547,D_atr
2023-02-26,0.0,101.0499494468088,-0.10154985384640547,D_atr
2023-02-27,-0.015047963443900225,101.0349014833649,-0.11642634051591827,D_atr
2023-02-28,0.0,101.0349014833649,-0.11642634051591827,D_atr
2023-03-01,0.0,101.0349014833649,-0.11642634051591827,D_atr
2023-03-02,0.0,101.0349014833649,-0.11642634051591827,D_atr
2023-03-03,0.0,101.0349014833649,-0.11642634051591827,D_atr
2023-03-04,0.0,101.0349014833649,-0.11642634051591827,D_atr
2023-03-05,0.0,101.0349014833649,-0.11642634051591827,D_atr
2023-03-06,0.0,101.0349014833649,-0.11642634051591827,D_atr
2023-03-07,0.0,101.0349014833649,-0.11642634051591827,D_atr
2023-03-08,0.0,101.0349014833649,-0.11642634051591827,D_atr
2023-03-09,0.0,101.0349014833649,-0.11642634051591827,D_atr
2023-03-10,0.0,101.0349014833649,-0.11642634051591827,D_atr
2023-03-11,0.0,101.0349014833649,-0.11642634051591827,D_atr
2023-03-12,0.0,101.0349014833649,-0.11642634051591827,D_atr
2023-03-13,0.0,101.0349014833649,-0.11642634051591827,D_atr
2023-03-14,0.0,101.0349014833649,-0.11642634051591827,D_atr
2023-03-15,-0.012292814323817569,101.02260866904108,-0.12857907394733248,D_atr
2023-03-16,0.0,101.02260866904108,-0.12857907394733248,D_atr
2023-03-17,0.0,101.02260866904108,-0.12857907394733248,D_atr
2023-03-18,0.0,101.02260866904108,-0.12857907394733248,D_atr
2023-03-19,0.0,101.02260866904108,-0.12857907394733248,D_atr
2023-03-20,-0.012843279752057195,101.00976538928903,-0.14127600006206276,D_atr
2023-03-21,0.0,101.00976538928903,-0.14127600006206276,D_atr
2023-03-22,0.0,101.00976538928903,-0.14127600006206276,D_atr
2023-03-23,0.0,101.00976538928903,-0.14127600006206276,D_atr
2023-03-24,0.0,101.00976538928903,-0.14127600006206276,D_atr
2023-03-25,0.0,101.00976538928903,-0.14127600006206276,D_atr
2023-03-26,0.0,101.00976538928903,-0.14127600006206276,D_atr
2023-03-27,0.0,101.00976538928903,-0.14127600006206276,D_atr
2023-03-28,0.0,101.00976538928903,-0.14127600006206276,D_atr
2023-03-29,0.0,101.00976538928903,-0.14127600006206276,D_atr
2023-03-30,0.0,101.00976538928903,-0.14127600006206276,D_atr
2023-03-31,0.0,101.00976538928903,-0.14127600006206276,D_atr
2023-04-01,0.0,101.00976538928903,-0.14127600006206276,D_atr
2023-04-02,0.0,101.00976538928903,-0.14127600006206276,D_atr
2023-04-03,0.0,101.00976538928903,-0.14127600006206276,D_atr
2023-04-04,0.0,101.00976538928903,-0.14127600006206276,D_atr
2023-04-05,0.0,101.00976538928903,-0.14127600006206276,D_atr
2023-04-06,0.0,101.00976538928903,-0.14127600006206276,D_atr
2023-04-07,0.0,101.00976538928903,-0.14127600006206276,D_atr
2023-04-08,0.0,101.00976538928903,-0.14127600006206276,D_atr
2023-04-09,0.0,101.00976538928903,-0.14127600006206276,D_atr
2023-04-10,0.0,101.00976538928903,-0.14127600006206276,D_atr
2023-04-11,0.0,101.00976538928903,-0.14127600006206276,D_atr
2023-04-12,0.23400231900951912,101.24376770829855,0.0,D_atr
2023-04-13,0.0,101.24376770829855,0.0,D_atr
2023-04-14,0.0,101.24376770829855,0.0,D_atr
2023-04-15,0.0,101.24376770829855,0.0,D_atr
2023-04-16,0.0,101.24376770829855,0.0,D_atr
2023-04-17,-0.025149402085530112,101.21861830621302,-0.024840444656304417,D_atr
2023-04-18,0.0,101.21861830621302,-0.024840444656304417,D_atr
2023-04-19,0.0,101.21861830621302,-0.024840444656304417,D_atr
2023-04-20,-0.011133964546460078,101.20748434166656,-0.03583762976554494,D_atr
2023-04-21,0.0,101.20748434166656,-0.03583762976554494,D_atr
2023-04-22,0.0,101.20748434166656,-0.03583762976554494,D_atr
2023-04-23,0.0,101.20748434166656,-0.03583762976554494,D_atr
2023-04-24,0.0,101.20748434166656,-0.03583762976554494,D_atr
2023-04-25,0.0,101.20748434166656,-0.03583762976554494,D_atr
2023-04-26,0.0,101.20748434166656,-0.03583762976554494,D_atr
2023-04-27,0.0,101.20748434166656,-0.03583762976554494,D_atr
2023-04-28,0.0,101.20748434166656,-0.03583762976554494,D_atr
2023-04-29,0.0,101.20748434166656,-0.03583762976554494,D_atr
2023-04-30,0.0,101.20748434166656,-0.03583762976554494,D_atr
2023-05-01,0.0,101.20748434166656,-0.03583762976554494,D_atr
2023-05-02,0.0,101.20748434166656,-0.03583762976554494,D_atr
2023-05-03,0.0,101.20748434166656,-0.03583762976554494,D_atr
2023-05-04,0.0,101.20748434166656,-0.03583762976554494,D_atr
2023-05-05,0.0,101.20748434166656,-0.03583762976554494,D_atr
2023-05-06,0.0,101.20748434166656,-0.03583762976554494,D_atr
2023-05-07,0.0,101.20748434166656,-0.03583762976554494,D_atr
2023-05-08,0.0,101.20748434166656,-0.03583762976554494,D_atr
2023-05-09,0.0,101.20748434166656,-0.03583762976554494,D_atr
2023-05-10,0.0,101.20748434166656,-0.03583762976554494,D_atr
2023-05-11,0.0,101.20748434166656,-0.03583762976554494,D_atr
2023-05-12,0.0,101.20748434166656,-0.03583762976554494,D_atr
2023-05-13,0.0,101.20748434166656,-0.03583762976554494,D_atr
2023-05-14,0.0,101.20748434166656,-0.03583762976554494,D_atr
2023-05-15,0.0,101.20748434166656,-0.03583762976554494,D_atr
2023-05-16,0.0,101.20748434166656,-0.03583762976554494,D_atr
2023-05-17,0.0,101.20748434166656,-0.03583762976554494,D_atr
2023-05-18,0.0,101.20748434166656,-0.03583762976554494,D_atr
2023-05-19,0.0,101.20748434166656,-0.03583762976554494,D_atr
2023-05-20,0.0,101.20748434166656,-0.03583762976554494,D_atr
2023-05-21,0.0,101.20748434166656,-0.03583762976554494,D_atr
2023-05-22,0.0,101.20748434166656,-0.03583762976554494,D_atr
2023-05-23,0.0,101.20748434166656,-0.03583762976554494,D_atr
2023-05-24,0.0,101.20748434166656,-0.03583762976554494,D_atr
2023-05-25,0.0,101.20748434166656,-0.03583762976554494,D_atr
2023-05-26,0.0,101.20748434166656,-0.03583762976554494,D_atr
2023-05-27,0.0,101.20748434166656,-0.03583762976554494,D_atr
2023-05-28,0.0,101.20748434166656,-0.03583762976554494,D_atr
2023-05-29,0.0,101.20748434166656,-0.03583762976554494,D_atr
2023-05-30,0.0,101.20748434166656,-0.03583762976554494,D_atr
2023-05-31,0.0,101.20748434166656,-0.03583762976554494,D_atr
2023-06-01,0.0,101.20748434166656,-0.03583762976554494,D_atr
2023-06-02,0.0,101.20748434166656,-0.03583762976554494,D_atr
2023-06-03,0.0,101.20748434166656,-0.03583762976554494,D_atr
2023-06-04,0.0,101.20748434166656,-0.03583762976554494,D_atr
2023-06-05,0.0,101.20748434166656,-0.03583762976554494,D_atr
2023-06-06,0.0,101.20748434166656,-0.03583762976554494,D_atr
2023-06-07,0.0,101.20748434166656,-0.03583762976554494,D_atr
2023-06-08,0.0,101.20748434166656,-0.03583762976554494,D_atr
2023-06-09,0.0,101.20748434166656,-0.03583762976554494,D_atr
2023-06-10,0.0,101.20748434166656,-0.03583762976554494,D_atr
2023-06-11,0.0,101.20748434166656,-0.03583762976554494,D_atr
2023-06-12,0.0,101.20748434166656,-0.03583762976554494,D_atr
2023-06-13,0.0,101.20748434166656,-0.03583762976554494,D_atr
2023-06-14,0.0,101.20748434166656,-0.03583762976554494,D_atr
2023-06-15,0.0,101.20748434166656,-0.03583762976554494,D_atr
2023-06-16,0.0,101.20748434166656,-0.03583762976554494,D_atr
2023-06-17,0.0,101.20748434166656,-0.03583762976554494,D_atr
2023-06-18,0.0,101.20748434166656,-0.03583762976554494,D_atr
2023-06-19,0.0,101.20748434166656,-0.03583762976554494,D_atr
2023-06-20,0.0,101.20748434166656,-0.03583762976554494,D_atr
2023-06-21,0.0,101.20748434166656,-0.03583762976554494,D_atr
2023-06-22,0.0,101.20748434166656,-0.03583762976554494,D_atr
2023-06-23,0.0,101.20748434166656,-0.03583762976554494,D_atr
2023-06-24,0.0,101.20748434166656,-0.03583762976554494,D_atr
2023-06-25,0.0,101.20748434166656,-0.03583762976554494,D_atr
2023-06-26,0.0,101.20748434166656,-0.03583762976554494,D_atr
2023-06-27,0.0,101.20748434166656,-0.03583762976554494,D_atr
2023-06-28,0.0,101.20748434166656,-0.03583762976554494,D_atr
2023-06-29,0.0,101.20748434166656,-0.03583762976554494,D_atr
2023-06-30,0.0,101.20748434166656,-0.03583762976554494,D_atr
2023-07-01,0.0,101.20748434166656,-0.03583762976554494,D_atr
2023-07-02,0.0,101.20748434166656,-0.03583762976554494,D_atr
2023-07-03,0.0,101.20748434166656,-0.03583762976554494,D_atr
2023-07-04,0.0,101.20748434166656,-0.03583762976554494,D_atr
2023-07-05,0.0,101.20748434166656,-0.03583762976554494,D_atr
2023-07-06,0.0,101.20748434166656,-0.03583762976554494,D_atr
2023-07-07,0.0,101.20748434166656,-0.03583762976554494,D_atr
2023-07-08,0.0,101.20748434166656,-0.03583762976554494,D_atr
2023-07-09,0.0,101.20748434166656,-0.03583762976554494,D_atr
2023-07-10,0.0,101.20748434166656,-0.03583762976554494,D_atr
2023-07-11,0.0,101.20748434166656,-0.03583762976554494,D_atr
2023-07-12,0.0,101.20748434166656,-0.03583762976554494,D_atr
2023-07-13,0.6193587796017547,101.82684312126831,0.0,D_atr
2023-07-14,0.0,101.82684312126831,0.0,D_atr
2023-07-15,0.0,101.82684312126831,0.0,D_atr
2023-07-16,0.0,101.82684312126831,0.0,D_atr
2023-07-17,0.0,101.82684312126831,0.0,D_atr
2023-07-18,0.0,101.82684312126831,0.0,D_atr
2023-07-19,0.0,101.82684312126831,0.0,D_atr
2023-07-20,0.0,101.82684312126831,0.0,D_atr
2023-07-21,0.0,101.82684312126831,0.0,D_atr
2023-07-22,0.0,101.82684312126831,0.0,D_atr
2023-07-23,0.0,101.82684312126831,0.0,D_atr
2023-07-24,0.0,101.82684312126831,0.0,D_atr
2023-07-25,0.0,101.82684312126831,0.0,D_atr
2023-07-26,0.0,101.82684312126831,0.0,D_atr
2023-07-27,-0.010845035184891348,101.81599808608341,-0.01065046784567425,D_atr
2023-07-28,0.0,101.81599808608341,-0.01065046784567425,D_atr
2023-07-29,0.0,101.81599808608341,-0.01065046784567425,D_atr
2023-07-30,0.0,101.81599808608341,-0.01065046784567425,D_atr
2023-07-31,0.0,101.81599808608341,-0.01065046784567425,D_atr
2023-08-01,0.0,101.81599808608341,-0.01065046784567425,D_atr
2023-08-02,0.0,101.81599808608341,-0.01065046784567425,D_atr
2023-08-03,0.0,101.81599808608341,-0.01065046784567425,D_atr
2023-08-04,0.0,101.81599808608341,-0.01065046784567425,D_atr
2023-08-05,0.0,101.81599808608341,-0.01065046784567425,D_atr
2023-08-06,0.0,101.81599808608341,-0.01065046784567425,D_atr
2023-08-07,0.0,101.81599808608341,-0.01065046784567425,D_atr
2023-08-08,0.0,101.81599808608341,-0.01065046784567425,D_atr
2023-08-09,0.0,101.81599808608341,-0.01065046784567425,D_atr
2023-08-10,-0.025890163018443824,101.79010792306497,-0.03607614365457312,D_atr
2023-08-11,-0.012422873956683676,101.77768504910829,-0.04827614276667891,D_atr
2023-08-12,0.0,101.77768504910829,-0.04827614276667891,D_atr
2023-08-13,0.0,101.77768504910829,-0.04827614276667891,D_atr
2023-08-14,-0.011353964888491084,101.7663310842198,-0.05942640976942526,D_atr
2023-08-15,0.0,101.7663310842198,-0.05942640976942526,D_atr
2023-08-16,0.0,101.7663310842198,-0.05942640976942526,D_atr
2023-08-17,0.0,101.7663310842198,-0.05942640976942526,D_atr
2023-08-18,0.0,101.7663310842198,-0.05942640976942526,D_atr
2023-08-19,0.0,101.7663310842198,-0.05942640976942526,D_atr
2023-08-20,0.0,101.7663310842198,-0.05942640976942526,D_atr
2023-08-21,0.0,101.7663310842198,-0.05942640976942526,D_atr
2023-08-22,0.0,101.7663310842198,-0.05942640976942526,D_atr
2023-08-23,0.0,101.7663310842198,-0.05942640976942526,D_atr
2023-08-24,0.0,101.7663310842198,-0.05942640976942526,D_atr
2023-08-25,0.0,101.7663310842198,-0.05942640976942526,D_atr
2023-08-26,0.0,101.7663310842198,-0.05942640976942526,D_atr
2023-08-27,0.0,101.7663310842198,-0.05942640976942526,D_atr
2023-08-28,0.0,101.7663310842198,-0.05942640976942526,D_atr
2023-08-29,0.0,101.7663310842198,-0.05942640976942526,D_atr
2023-08-30,0.0,101.7663310842198,-0.05942640976942526,D_atr
2023-08-31,0.0,101.7663310842198,-0.05942640976942526,D_atr
2023-09-01,0.0,101.7663310842198,-0.05942640976942526,D_atr
2023-09-02,0.0,101.7663310842198,-0.05942640976942526,D_atr
2023-09-03,0.0,101.7663310842198,-0.05942640976942526,D_atr
2023-09-04,0.0,101.7663310842198,-0.05942640976942526,D_atr
2023-09-05,0.0,101.7663310842198,-0.05942640976942526,D_atr
2023-09-06,0.0,101.7663310842198,-0.05942640976942526,D_atr
2023-09-07,0.0,101.7663310842198,-0.05942640976942526,D_atr
2023-09-08,0.0,101.7663310842198,-0.05942640976942526,D_atr
2023-09-09,0.0,101.7663310842198,-0.05942640976942526,D_atr
2023-09-10,0.0,101.7663310842198,-0.05942640976942526,D_atr
2023-09-11,0.0,101.7663310842198,-0.05942640976942526,D_atr
2023-09-12,0.0,101.7663310842198,-0.05942640976942526,D_atr
2023-09-13,0.0,101.7663310842198,-0.05942640976942526,D_atr
2023-09-14,0.0,101.7663310842198,-0.05942640976942526,D_atr
2023-09-15,0.0,101.7663310842198,-0.05942640976942526,D_atr
2023-09-16,0.0,101.7663310842198,-0.05942640976942526,D_atr
2023-09-17,0.0,101.7663310842198,-0.05942640976942526,D_atr
2023-09-18,0.0,101.7663310842198,-0.05942640976942526,D_atr
2023-09-19,0.0,101.7663310842198,-0.05942640976942526,D_atr
2023-09-20,0.0,101.7663310842198,-0.05942640976942526,D_atr
2023-09-21,0.0,101.7663310842198,-0.05942640976942526,D_atr
2023-09-22,0.0,101.7663310842198,-0.05942640976942526,D_atr
2023-09-23,0.0,101.7663310842198,-0.05942640976942526,D_atr
2023-09-24,0.0,101.7663310842198,-0.05942640976942526,D_atr
2023-09-25,0.0,101.7663310842198,-0.05942640976942526,D_atr
2023-09-26,0.0,101.7663310842198,-0.05942640976942526,D_atr
2023-09-27,0.0,101.7663310842198,-0.05942640976942526,D_atr
2023-09-28,-0.014538328944724689,101.75179275527508,-0.07370391116205965,D_atr
2023-09-29,0.0,101.75179275527508,-0.07370391116205965,D_atr
2023-09-30,0.0,101.75179275527508,-0.07370391116205965,D_atr
2023-10-01,0.0,101.75179275527508,-0.07370391116205965,D_atr
2023-10-02,0.0,101.75179275527508,-0.07370391116205965,D_atr
2023-10-03,0.0,101.75179275527508,-0.07370391116205965,D_atr
2023-10-04,-0.009649728083931724,101.74214302719115,-0.0831805165326549,D_atr
2023-10-05,0.0,101.74214302719115,-0.0831805165326549,D_atr
2023-10-06,0.0,101.74214302719115,-0.0831805165326549,D_atr
2023-10-07,0.0,101.74214302719115,-0.0831805165326549,D_atr
2023-10-08,0.0,101.74214302719115,-0.0831805165326549,D_atr
2023-10-09,0.0,101.74214302719115,-0.0831805165326549,D_atr
2023-10-10,0.0,101.74214302719115,-0.0831805165326549,D_atr
2023-10-11,0.0,101.74214302719115,-0.0831805165326549,D_atr
2023-10-12,0.0,101.74214302719115,-0.0831805165326549,D_atr
2023-10-13,0.3609799075629393,102.10312293475408,0.0,D_atr
2023-10-14,0.0,102.10312293475408,0.0,D_atr
2023-10-15,0.0,102.10312293475408,0.0,D_atr
2023-10-16,0.0,102.10312293475408,0.0,D_atr
2023-10-17,0.0,102.10312293475408,0.0,D_atr
2023-10-18,0.0,102.10312293475408,0.0,D_atr
2023-10-19,-0.023224492268201433,102.07989844248588,-0.02274611353761946,D_atr
2023-10-20,-0.00958989038885723,102.07030855209702,-0.03213847110047352,D_atr
2023-10-21,0.0,102.07030855209702,-0.03213847110047352,D_atr
2023-10-22,0.0,102.07030855209702,-0.03213847110047352,D_atr
2023-10-23,-0.019558074101223857,102.05075047799579,-0.05129368745337981,D_atr
2023-10-24,0.0,102.05075047799579,-0.05129368745337981,D_atr
2023-10-25,-0.02284541099212642,102.02790506700367,-0.07366852804147062,D_atr
2023-10-26,-0.03819602725030097,101.98970903975336,-0.11107779247182537,D_atr
2023-10-27,0.0,101.98970903975336,-0.11107779247182537,D_atr
2023-10-28,0.0,101.98970903975336,-0.11107779247182537,D_atr
2023-10-29,0.0,101.98970903975336,-0.11107779247182537,D_atr
2023-10-30,-0.011957867785412662,101.97775117196795,-0.12278935176767147,D_atr
2023-10-31,0.0,101.97775117196795,-0.12278935176767147,D_atr
2023-11-01,0.0,101.97775117196795,-0.12278935176767147,D_atr
2023-11-02,0.0,101.97775117196795,-0.12278935176767147,D_atr
2023-11-03,0.0,101.97775117196795,-0.12278935176767147,D_atr
2023-11-04,0.0,101.97775117196795,-0.12278935176767147,D_atr
2023-11-05,0.0,101.97775117196795,-0.12278935176767147,D_atr
2023-11-06,0.0,101.97775117196795,-0.12278935176767147,D_atr
2023-11-07,0.0,101.97775117196795,-0.12278935176767147,D_atr
2023-11-08,0.0,101.97775117196795,-0.12278935176767147,D_atr
2023-11-09,0.0,101.97775117196795,-0.12278935176767147,D_atr
2023-11-10,0.0,101.97775117196795,-0.12278935176767147,D_atr
2023-11-11,0.0,101.97775117196795,-0.12278935176767147,D_atr
2023-11-12,0.0,101.97775117196795,-0.12278935176767147,D_atr
2023-11-13,0.0,101.97775117196795,-0.12278935176767147,D_atr
2023-11-14,0.0,101.97775117196795,-0.12278935176767147,D_atr
2023-11-15,0.0,101.97775117196795,-0.12278935176767147,D_atr
2023-11-16,0.0,101.97775117196795,-0.12278935176767147,D_atr
2023-11-17,0.0,101.97775117196795,-0.12278935176767147,D_atr
2023-11-18,0.0,101.97775117196795,-0.12278935176767147,D_atr
2023-11-19,0.0,101.97775117196795,-0.12278935176767147,D_atr
2023-11-20,0.0,101.97775117196795,-0.12278935176767147,D_atr
2023-11-21,0.0,101.97775117196795,-0.12278935176767147,D_atr
2023-11-22,0.0,101.97775117196795,-0.12278935176767147,D_atr
2023-11-23,0.0,101.97775117196795,-0.12278935176767147,D_atr
2023-11-24,0.0,101.97775117196795,-0.12278935176767147,D_atr
2023-11-25,0.0,101.97775117196795,-0.12278935176767147,D_atr
2023-11-26,0.0,101.97775117196795,-0.12278935176767147,D_atr
2023-11-27,0.0,101.97775117196795,-0.12278935176767147,D_atr
2023-11-28,0.0,101.97775117196795,-0.12278935176767147,D_atr
2023-11-29,0.0,101.97775117196795,-0.12278935176767147,D_atr
2023-11-30,0.0,101.97775117196795,-0.12278935176767147,D_atr
2023-12-01,0.0,101.97775117196795,-0.12278935176767147,D_atr
2023-12-02,0.0,101.97775117196795,-0.12278935176767147,D_atr
2023-12-03,0.0,101.97775117196795,-0.12278935176767147,D_atr
2023-12-04,0.0,101.97775117196795,-0.12278935176767147,D_atr
2023-12-05,0.0,101.97775117196795,-0.12278935176767147,D_atr
2023-12-06,0.0,101.97775117196795,-0.12278935176767147,D_atr
2023-12-07,0.0,101.97775117196795,-0.12278935176767147,D_atr
2023-12-08,0.0,101.97775117196795,-0.12278935176767147,D_atr
2023-12-09,0.0,101.97775117196795,-0.12278935176767147,D_atr
2023-12-10,0.0,101.97775117196795,-0.12278935176767147,D_atr
2023-12-11,0.0,101.97775117196795,-0.12278935176767147,D_atr
2023-12-12,0.0,101.97775117196795,-0.12278935176767147,D_atr
2023-12-13,0.0,101.97775117196795,-0.12278935176767147,D_atr
2023-12-14,0.0,101.97775117196795,-0.12278935176767147,D_atr
2023-12-15,0.0,101.97775117196795,-0.12278935176767147,D_atr
2023-12-16,0.0,101.97775117196795,-0.12278935176767147,D_atr
2023-12-17,0.0,101.97775117196795,-0.12278935176767147,D_atr
2023-12-18,0.0,101.97775117196795,-0.12278935176767147,D_atr
2023-12-19,0.0,101.97775117196795,-0.12278935176767147,D_atr
2023-12-20,0.0,101.97775117196795,-0.12278935176767147,D_atr
2023-12-21,0.0,101.97775117196795,-0.12278935176767147,D_atr
2023-12-22,0.0,101.97775117196795,-0.12278935176767147,D_atr
2023-12-23,0.0,101.97775117196795,-0.12278935176767147,D_atr
2023-12-24,0.0,101.97775117196795,-0.12278935176767147,D_atr
2023-12-25,0.0,101.97775117196795,-0.12278935176767147,D_atr
2023-12-26,0.0,101.97775117196795,-0.12278935176767147,D_atr
2023-12-27,0.0,101.97775117196795,-0.12278935176767147,D_atr
2023-12-28,0.0,101.97775117196795,-0.12278935176767147,D_atr
2023-12-29,0.0,101.97775117196795,-0.12278935176767147,D_atr
2023-12-30,0.0,101.97775117196795,-0.12278935176767147,D_atr
2023-12-31,0.0,101.97775117196795,-0.12278935176767147,D_atr
2024-01-01,0.0,101.97775117196795,-0.12278935176767147,D_atr
2024-01-02,0.0,101.97775117196795,-0.12278935176767147,D_atr
2024-01-03,0.0,101.97775117196795,-0.12278935176767147,D_atr
2024-01-04,0.0,101.97775117196795,-0.12278935176767147,D_atr
2024-01-05,0.0,101.97775117196795,-0.12278935176767147,D_atr
2024-01-06,0.0,101.97775117196795,-0.12278935176767147,D_atr
2024-01-07,0.0,101.97775117196795,-0.12278935176767147,D_atr
2024-01-08,0.0,101.97775117196795,-0.12278935176767147,D_atr
2024-01-09,0.0,101.97775117196795,-0.12278935176767147,D_atr
2024-01-10,0.0,101.97775117196795,-0.12278935176767147,D_atr
2024-01-11,0.0,101.97775117196795,-0.12278935176767147,D_atr
2024-01-12,0.0,101.97775117196795,-0.12278935176767147,D_atr
2024-01-13,0.0,101.97775117196795,-0.12278935176767147,D_atr
2024-01-14,0.0,101.97775117196795,-0.12278935176767147,D_atr
2024-01-15,0.24035438339752194,102.21810555536548,0.0,D_atr
2024-01-16,0.0,102.21810555536548,0.0,D_atr
2024-01-17,-0.03355742089661299,102.18454813446887,-0.032829233837083915,D_atr
2024-01-18,-0.02291845894722234,102.16162967552164,-0.05525036835402064,D_atr
2024-01-19,0.0,102.16162967552164,-0.05525036835402064,D_atr
2024-01-20,-0.010312385970366583,102.15131728955127,-0.06533897830657276,D_atr
2024-01-21,0.0,102.15131728955127,-0.06533897830657276,D_atr
2024-01-22,0.0,102.15131728955127,-0.06533897830657276,D_atr
2024-01-23,-0.028494254366155884,102.12282303518512,-0.09321491497291667,D_atr
2024-01-24,0.0,102.12282303518512,-0.09321491497291667,D_atr
2024-01-25,0.0,102.12282303518512,-0.09321491497291667,D_atr
2024-01-26,0.0,102.12282303518512,-0.09321491497291667,D_atr
2024-01-27,0.0,102.12282303518512,-0.09321491497291667,D_atr
2024-01-28,0.0,102.12282303518512,-0.09321491497291667,D_atr
2024-01-29,0.0,102.12282303518512,-0.09321491497291667,D_atr
2024-01-30,0.0,102.12282303518512,-0.09321491497291667,D_atr
2024-01-31,0.0,102.12282303518512,-0.09321491497291667,D_atr
2024-02-01,-0.011509134116000835,102.11131390106912,-0.10447430395637003,D_atr
2024-02-02,0.0,102.11131390106912,-0.10447430395637003,D_atr
2024-02-03,0.0,102.11131390106912,-0.10447430395637003,D_atr
2024-02-04,0.0,102.11131390106912,-0.10447430395637003,D_atr
2024-02-05,0.0,102.11131390106912,-0.10447430395637003,D_atr
2024-02-06,0.0,102.11131390106912,-0.10447430395637003,D_atr
2024-02-07,0.0,102.11131390106912,-0.10447430395637003,D_atr
2024-02-08,0.0,102.11131390106912,-0.10447430395637003,D_atr
2024-02-09,-0.011752350506368695,102.09956155056275,-0.11597163159957624,D_atr
2024-02-10,0.0,102.09956155056275,-0.11597163159957624,D_atr
2024-02-11,0.0,102.09956155056275,-0.11597163159957624,D_atr
2024-02-12,0.0,102.09956155056275,-0.11597163159957624,D_atr
2024-02-13,0.0,102.09956155056275,-0.11597163159957624,D_atr
2024-02-14,0.0,102.09956155056275,-0.11597163159957624,D_atr
2024-02-15,0.0,102.09956155056275,-0.11597163159957624,D_atr
2024-02-16,0.0,102.09956155056275,-0.11597163159957624,D_atr
2024-02-17,0.0,102.09956155056275,-0.11597163159957624,D_atr
2024-02-18,0.0,102.09956155056275,-0.11597163159957624,D_atr
2024-02-19,0.0,102.09956155056275,-0.11597163159957624,D_atr
2024-02-20,0.0,102.09956155056275,-0.11597163159957624,D_atr
2024-02-21,0.0,102.09956155056275,-0.11597163159957624,D_atr
2024-02-22,0.0,102.09956155056275,-0.11597163159957624,D_atr
2024-02-23,0.0,102.09956155056275,-0.11597163159957624,D_atr
2024-02-24,0.0,102.09956155056275,-0.11597163159957624,D_atr
2024-02-25,0.0,102.09956155056275,-0.11597163159957624,D_atr
2024-02-26,0.0,102.09956155056275,-0.11597163159957624,D_atr
2024-02-27,0.0,102.09956155056275,-0.11597163159957624,D_atr
2024-02-28,0.0,102.09956155056275,-0.11597163159957624,D_atr
2024-02-29,0.0,102.09956155056275,-0.11597163159957624,D_atr
2024-03-01,0.0,102.09956155056275,-0.11597163159957624,D_atr
2024-03-02,0.0,102.09956155056275,-0.11597163159957624,D_atr
2024-03-03,0.0,102.09956155056275,-0.11597163159957624,D_atr
2024-03-04,0.0,102.09956155056275,-0.11597163159957624,D_atr
2024-03-05,0.0,102.09956155056275,-0.11597163159957624,D_atr
2024-03-06,0.0,102.09956155056275,-0.11597163159957624,D_atr
2024-03-07,0.0,102.09956155056275,-0.11597163159957624,D_atr
2024-03-08,0.0,102.09956155056275,-0.11597163159957624,D_atr
2024-03-09,0.0,102.09956155056275,-0.11597163159957624,D_atr
2024-03-10,0.0,102.09956155056275,-0.11597163159957624,D_atr
2024-03-11,0.0,102.09956155056275,-0.11597163159957624,D_atr
2024-03-12,0.0,102.09956155056275,-0.11597163159957624,D_atr
2024-03-13,0.0,102.09956155056275,-0.11597163159957624,D_atr
2024-03-14,0.0,102.09956155056275,-0.11597163159957624,D_atr
2024-03-15,0.0,102.09956155056275,-0.11597163159957624,D_atr
2024-03-16,0.0,102.09956155056275,-0.11597163159957624,D_atr
2024-03-17,0.0,102.09956155056275,-0.11597163159957624,D_atr
2024-03-18,0.0,102.09956155056275,-0.11597163159957624,D_atr
2024-03-19,0.0,102.09956155056275,-0.11597163159957624,D_atr
2024-03-20,-0.01229757481940145,102.08726397574335,-0.12800235233401125,D_atr
2024-03-21,0.0,102.08726397574335,-0.12800235233401125,D_atr
2024-03-22,0.0,102.08726397574335,-0.12800235233401125,D_atr
2024-03-23,0.0,102.08726397574335,-0.12800235233401125,D_atr
2024-03-24,0.0,102.08726397574335,-0.12800235233401125,D_atr
2024-03-25,0.0,102.08726397574335,-0.12800235233401125,D_atr
2024-03-26,0.0,102.08726397574335,-0.12800235233401125,D_atr
2024-03-27,0.0,102.08726397574335,-0.12800235233401125,D_atr
2024-03-28,0.0,102.08726397574335,-0.12800235233401125,D_atr
2024-03-29,0.0,102.08726397574335,-0.12800235233401125,D_atr
2024-03-30,0.0,102.08726397574335,-0.12800235233401125,D_atr
2024-03-31,0.0,102.08726397574335,-0.12800235233401125,D_atr
2024-04-01,0.0,102.08726397574335,-0.12800235233401125,D_atr
2024-04-02,0.0,102.08726397574335,-0.12800235233401125,D_atr
2024-04-03,0.0,102.08726397574335,-0.12800235233401125,D_atr
2024-04-04,0.0,102.08726397574335,-0.12800235233401125,D_atr
2024-04-05,0.0,102.08726397574335,-0.12800235233401125,D_atr
2024-04-06,0.0,102.08726397574335,-0.12800235233401125,D_atr
2024-04-07,0.0,102.08726397574335,-0.12800235233401125,D_atr
2024-04-08,0.0,102.08726397574335,-0.12800235233401125,D_atr
2024-04-09,0.0,102.08726397574335,-0.12800235233401125,D_atr
2024-04-10,0.0,102.08726397574335,-0.12800235233401125,D_atr
2024-04-11,0.0,102.08726397574335,-0.12800235233401125,D_atr
2024-04-12,0.0,102.08726397574335,-0.12800235233401125,D_atr
2024-04-13,0.0,102.08726397574335,-0.12800235233401125,D_atr
2024-04-14,0.0,102.08726397574335,-0.12800235233401125,D_atr
2024-04-15,0.0,102.08726397574335,-0.12800235233401125,D_atr
2024-04-16,0.0,102.08726397574335,-0.12800235233401125,D_atr
2024-04-17,0.0,102.08726397574335,-0.12800235233401125,D_atr
2024-04-18,0.18219241528870594,102.26945639103205,0.0,D_atr
2024-04-19,0.0,102.26945639103205,0.0,D_atr
2024-04-20,0.0,102.26945639103205,0.0,D_atr
2024-04-21,0.0,102.26945639103205,0.0,D_atr
2024-04-22,0.0,102.26945639103205,0.0,D_atr
2024-04-23,0.0,102.26945639103205,0.0,D_atr
2024-04-24,0.0,102.26945639103205,0.0,D_atr
2024-04-25,-0.024470343341212997,102.24498604769084,-0.023927323176187176,D_atr
2024-04-26,0.0,102.24498604769084,-0.023927323176187176,D_atr
2024-04-27,0.0,102.24498604769084,-0.023927323176187176,D_atr
2024-04-28,0.0,102.24498604769084,-0.023927323176187176,D_atr
2024-04-29,0.0,102.24498604769084,-0.023927323176187176,D_atr
2024-04-30,0.0,102.24498604769084,-0.023927323176187176,D_atr
2024-05-01,0.0,102.24498604769084,-0.023927323176187176,D_atr
2024-05-02,0.0,102.24498604769084,-0.023927323176187176,D_atr
2024-05-03,-0.011855473570872067,102.23313057411997,-0.035519712526088654,D_atr
2024-05-04,0.0,102.23313057411997,-0.035519712526088654,D_atr
2024-05-05,0.0,102.23313057411997,-0.035519712526088654,D_atr
2024-05-06,0.0,102.23313057411997,-0.035519712526088654,D_atr
2024-05-07,0.0,102.23313057411997,-0.035519712526088654,D_atr
2024-05-08,0.0,102.23313057411997,-0.035519712526088654,D_atr
2024-05-09,-0.011838661725367993,102.2212919123946,-0.047095663101293095,D_atr
2024-05-10,0.0,102.2212919123946,-0.047095663101293095,D_atr
2024-05-11,0.0,102.2212919123946,-0.047095663101293095,D_atr
2024-05-12,0.0,102.2212919123946,-0.047095663101293095,D_atr
2024-05-13,0.0,102.2212919123946,-0.047095663101293095,D_atr
2024-05-14,0.0,102.2212919123946,-0.047095663101293095,D_atr
2024-05-15,0.0,102.2212919123946,-0.047095663101293095,D_atr
2024-05-16,-0.014077816264135479,102.20721409613047,-0.06086107924891948,D_atr
2024-05-17,0.0,102.20721409613047,-0.06086107924891948,D_atr
2024-05-18,0.0,102.20721409613047,-0.06086107924891948,D_atr
2024-05-19,0.0,102.20721409613047,-0.06086107924891948,D_atr
2024-05-20,0.0,102.20721409613047,-0.06086107924891948,D_atr
2024-05-21,0.0,102.20721409613047,-0.06086107924891948,D_atr
2024-05-22,0.0,102.20721409613047,-0.06086107924891948,D_atr
2024-05-23,0.0,102.20721409613047,-0.06086107924891948,D_atr
2024-05-24,0.0,102.20721409613047,-0.06086107924891948,D_atr
2024-05-25,0.0,102.20721409613047,-0.06086107924891948,D_atr
2024-05-26,0.0,102.20721409613047,-0.06086107924891948,D_atr
2024-05-27,0.0,102.20721409613047,-0.06086107924891948,D_atr
2024-05-28,0.0,102.20721409613047,-0.06086107924891948,D_atr
2024-05-29,0.0,102.20721409613047,-0.06086107924891948,D_atr
2024-05-30,-0.015653704295029294,102.19156039183544,-0.0761674129749701,D_atr
2024-05-31,-0.01628137407215606,102.17527901776329,-0.09208748788951393,D_atr
2024-06-01,0.0,102.17527901776329,-0.09208748788951393,D_atr
2024-06-02,0.0,102.17527901776329,-0.09208748788951393,D_atr
2024-06-03,0.0,102.17527901776329,-0.09208748788951393,D_atr
2024-06-04,-0.0518639671149581,102.12341505064832,-0.14280054430458877,D_atr
2024-06-05,0.0,102.12341505064832,-0.14280054430458877,D_atr
2024-06-06,0.0,102.12341505064832,-0.14280054430458877,D_atr
2024-06-07,0.0,102.12341505064832,-0.14280054430458877,D_atr
2024-06-08,0.0,102.12341505064832,-0.14280054430458877,D_atr
2024-06-09,0.0,102.12341505064832,-0.14280054430458877,D_atr
2024-06-10,0.0,102.12341505064832,-0.14280054430458877,D_atr
2024-06-11,0.0,102.12341505064832,-0.14280054430458877,D_atr
2024-06-12,0.0,102.12341505064832,-0.14280054430458877,D_atr
2024-06-13,0.0,102.12341505064832,-0.14280054430458877,D_atr
2024-06-14,0.0,102.12341505064832,-0.14280054430458877,D_atr
2024-06-15,0.0,102.12341505064832,-0.14280054430458877,D_atr
2024-06-16,0.0,102.12341505064832,-0.14280054430458877,D_atr
2024-06-17,0.0,102.12341505064832,-0.14280054430458877,D_atr
2024-06-18,0.0,102.12341505064832,-0.14280054430458877,D_atr
2024-06-19,0.0,102.12341505064832,-0.14280054430458877,D_atr
2024-06-20,0.0,102.12341505064832,-0.14280054430458877,D_atr
2024-06-21,0.0,102.12341505064832,-0.14280054430458877,D_atr
2024-06-22,0.0,102.12341505064832,-0.14280054430458877,D_atr
2024-06-23,0.0,102.12341505064832,-0.14280054430458877,D_atr
2024-06-24,0.0,102.12341505064832,-0.14280054430458877,D_atr
2024-06-25,0.0,102.12341505064832,-0.14280054430458877,D_atr
2024-06-26,0.0,102.12341505064832,-0.14280054430458877,D_atr
2024-06-27,0.0,102.12341505064832,-0.14280054430458877,D_atr
2024-06-28,0.0,102.12341505064832,-0.14280054430458877,D_atr
2024-06-29,0.0,102.12341505064832,-0.14280054430458877,D_atr
2024-06-30,0.0,102.12341505064832,-0.14280054430458877,D_atr
2024-07-01,0.0,102.12341505064832,-0.14280054430458877,D_atr
2024-07-02,0.0,102.12341505064832,-0.14280054430458877,D_atr
2024-07-03,0.0,102.12341505064832,-0.14280054430458877,D_atr
2024-07-04,0.0,102.12341505064832,-0.14280054430458877,D_atr
2024-07-05,0.0,102.12341505064832,-0.14280054430458877,D_atr
2024-07-06,0.0,102.12341505064832,-0.14280054430458877,D_atr
2024-07-07,0.0,102.12341505064832,-0.14280054430458877,D_atr
2024-07-08,0.0,102.12341505064832,-0.14280054430458877,D_atr
2024-07-09,0.0,102.12341505064832,-0.14280054430458877,D_atr
2024-07-10,0.0,102.12341505064832,-0.14280054430458877,D_atr
2024-07-11,0.0,102.12341505064832,-0.14280054430458877,D_atr
2024-07-12,0.0,102.12341505064832,-0.14280054430458877,D_atr
2024-07-13,0.0,102.12341505064832,-0.14280054430458877,D_atr
2024-07-14,0.0,102.12341505064832,-0.14280054430458877,D_atr
2024-07-15,0.0,102.12341505064832,-0.14280054430458877,D_atr
2024-07-16,0.0,102.12341505064832,-0.14280054430458877,D_atr
2024-07-17,0.0,102.12341505064832,-0.14280054430458877,D_atr
2024-07-18,0.0,102.12341505064832,-0.14280054430458877,D_atr
2024-07-19,0.3479721135179006,102.47138716416623,0.0,D_atr
2024-07-20,0.0,102.47138716416623,0.0,D_atr
2024-07-21,0.0,102.47138716416623,0.0,D_atr
2024-07-22,0.0,102.47138716416623,0.0,D_atr
2024-07-23,0.0,102.47138716416623,0.0,D_atr
2024-07-24,0.0,102.47138716416623,0.0,D_atr
2024-07-25,0.0,102.47138716416623,0.0,D_atr
2024-07-26,0.0,102.47138716416623,0.0,D_atr
2024-07-27,0.0,102.47138716416623,0.0,D_atr
2024-07-28,0.0,102.47138716416623,0.0,D_atr
2024-07-29,0.0,102.47138716416623,0.0,D_atr
2024-07-30,0.0,102.47138716416623,0.0,D_atr
2024-07-31,0.0,102.47138716416623,0.0,D_atr
2024-08-01,0.0,102.47138716416623,0.0,D_atr
2024-08-02,0.0,102.47138716416623,0.0,D_atr
2024-08-03,0.0,102.47138716416623,0.0,D_atr
2024-08-04,0.0,102.47138716416623,0.0,D_atr
2024-08-05,-0.045091963232830136,102.4262952009334,-0.04400444307501861,D_atr
2024-08-06,0.0,102.4262952009334,-0.04400444307501861,D_atr
2024-08-07,-0.015252284800464205,102.41104291613293,-0.058888875912865846,D_atr
2024-08-08,0.0,102.41104291613293,-0.058888875912865846,D_atr
2024-08-09,0.0,102.41104291613293,-0.058888875912865846,D_atr
2024-08-10,0.0,102.41104291613293,-0.058888875912865846,D_atr
2024-08-11,0.0,102.41104291613293,-0.058888875912865846,D_atr
2024-08-12,0.0,102.41104291613293,-0.058888875912865846,D_atr
2024-08-13,-0.025103910337212973,102.38593900579572,-0.08338733448940427,D_atr
2024-08-14,0.0,102.38593900579572,-0.08338733448940427,D_atr
2024-08-15,0.0,102.38593900579572,-0.08338733448940427,D_atr
2024-08-16,0.0,102.38593900579572,-0.08338733448940427,D_atr
2024-08-17,0.0,102.38593900579572,-0.08338733448940427,D_atr
2024-08-18,0.0,102.38593900579572,-0.08338733448940427,D_atr
2024-08-19,0.0,102.38593900579572,-0.08338733448940427,D_atr
2024-08-20,0.0,102.38593900579572,-0.08338733448940427,D_atr
2024-08-21,0.0,102.38593900579572,-0.08338733448940427,D_atr
2024-08-22,0.0,102.38593900579572,-0.08338733448940427,D_atr
2024-08-23,0.0,102.38593900579572,-0.08338733448940427,D_atr
2024-08-24,0.0,102.38593900579572,-0.08338733448940427,D_atr
2024-08-25,0.0,102.38593900579572,-0.08338733448940427,D_atr
2024-08-26,0.0,102.38593900579572,-0.08338733448940427,D_atr
2024-08-27,0.0,102.38593900579572,-0.08338733448940427,D_atr
2024-08-28,0.0,102.38593900579572,-0.08338733448940427,D_atr
2024-08-29,0.0,102.38593900579572,-0.08338733448940427,D_atr
2024-08-30,0.0,102.38593900579572,-0.08338733448940427,D_atr
2024-08-31,0.0,102.38593900579572,-0.08338733448940427,D_atr
2024-09-01,0.0,102.38593900579572,-0.08338733448940427,D_atr
2024-09-02,0.0,102.38593900579572,-0.08338733448940427,D_atr
2024-09-03,0.0,102.38593900579572,-0.08338733448940427,D_atr
2024-09-04,0.0,102.38593900579572,-0.08338733448940427,D_atr
2024-09-05,0.0,102.38593900579572,-0.08338733448940427,D_atr
2024-09-06,0.0,102.38593900579572,-0.08338733448940427,D_atr
2024-09-07,0.0,102.38593900579572,-0.08338733448940427,D_atr
2024-09-08,0.0,102.38593900579572,-0.08338733448940427,D_atr
2024-09-09,0.0,102.38593900579572,-0.08338733448940427,D_atr
2024-09-10,0.0,102.38593900579572,-0.08338733448940427,D_atr
2024-09-11,0.0,102.38593900579572,-0.08338733448940427,D_atr
2024-09-12,0.0,102.38593900579572,-0.08338733448940427,D_atr
2024-09-13,0.0,102.38593900579572,-0.08338733448940427,D_atr
2024-09-14,0.0,102.38593900579572,-0.08338733448940427,D_atr
2024-09-15,0.0,102.38593900579572,-0.08338733448940427,D_atr
2024-09-16,0.0,102.38593900579572,-0.08338733448940427,D_atr
2024-09-17,0.0,102.38593900579572,-0.08338733448940427,D_atr
2024-09-18,0.0,102.38593900579572,-0.08338733448940427,D_atr
2024-09-19,0.0,102.38593900579572,-0.08338733448940427,D_atr
2024-09-20,0.0,102.38593900579572,-0.08338733448940427,D_atr
2024-09-21,0.0,102.38593900579572,-0.08338733448940427,D_atr
2024-09-22,0.0,102.38593900579572,-0.08338733448940427,D_atr
2024-09-23,0.0,102.38593900579572,-0.08338733448940427,D_atr
2024-09-24,0.0,102.38593900579572,-0.08338733448940427,D_atr
2024-09-25,0.0,102.38593900579572,-0.08338733448940427,D_atr
2024-09-26,0.0,102.38593900579572,-0.08338733448940427,D_atr
2024-09-27,0.0,102.38593900579572,-0.08338733448940427,D_atr
2024-09-28,0.0,102.38593900579572,-0.08338733448940427,D_atr
2024-09-29,0.0,102.38593900579572,-0.08338733448940427,D_atr
2024-09-30,0.0,102.38593900579572,-0.08338733448940427,D_atr
2024-10-01,0.0,102.38593900579572,-0.08338733448940427,D_atr
2024-10-02,0.0,102.38593900579572,-0.08338733448940427,D_atr
2024-10-03,0.0,102.38593900579572,-0.08338733448940427,D_atr
2024-10-04,0.0,102.38593900579572,-0.08338733448940427,D_atr
2024-10-05,0.0,102.38593900579572,-0.08338733448940427,D_atr
2024-10-06,0.0,102.38593900579572,-0.08338733448940427,D_atr
2024-10-07,0.0,102.38593900579572,-0.08338733448940427,D_atr
2024-10-08,0.0,102.38593900579572,-0.08338733448940427,D_atr
2024-10-09,0.0,102.38593900579572,-0.08338733448940427,D_atr
2024-10-10,0.0,102.38593900579572,-0.08338733448940427,D_atr
2024-10-11,0.0,102.38593900579572,-0.08338733448940427,D_atr
2024-10-12,0.0,102.38593900579572,-0.08338733448940427,D_atr
2024-10-13,0.0,102.38593900579572,-0.08338733448940427,D_atr
2024-10-14,0.0,102.38593900579572,-0.08338733448940427,D_atr
2024-10-15,0.0,102.38593900579572,-0.08338733448940427,D_atr
2024-10-16,0.0,102.38593900579572,-0.08338733448940427,D_atr
2024-10-17,0.0,102.38593900579572,-0.08338733448940427,D_atr
2024-10-18,0.20943446329644563,102.59537346909217,0.0,D_atr
2024-10-19,0.0,102.59537346909217,0.0,D_atr
2024-10-20,0.0,102.59537346909217,0.0,D_atr
2024-10-21,-0.015826310116704313,102.57954715897546,-0.015425949125746907,D_atr
2024-10-22,-0.01644723035041498,102.56309992862505,-0.03145711095524639,D_atr
2024-10-23,-0.012778325272442518,102.5503216033526,-0.04391218065319391,D_atr
2024-10-24,-0.031488625404493834,102.51883297794811,-0.07460423268220717,D_atr
2024-10-25,-0.04486937704620842,102.4739636009019,-0.11833854109107866,D_atr
2024-10-26,0.0,102.4739636009019,-0.11833854109107866,D_atr
2024-10-27,0.0,102.4739636009019,-0.11833854109107866,D_atr
2024-10-28,0.0,102.4739636009019,-0.11833854109107866,D_atr
2024-10-29,0.0,102.4739636009019,-0.11833854109107866,D_atr
2024-10-30,0.0,102.4739636009019,-0.11833854109107866,D_atr
2024-10-31,-0.030302460999660663,102.44366113990223,-0.14787443532786604,D_atr
2024-11-01,0.0,102.44366113990223,-0.14787443532786604,D_atr
2024-11-02,0.0,102.44366113990223,-0.14787443532786604,D_atr
2024-11-03,0.0,102.44366113990223,-0.14787443532786604,D_atr
2024-11-04,0.0,102.44366113990223,-0.14787443532786604,D_atr
2024-11-05,0.0,102.44366113990223,-0.14787443532786604,D_atr
2024-11-06,-0.014960484613100181,102.42870065528913,-0.1624564618922575,D_atr
2024-11-07,0.0,102.42870065528913,-0.1624564618922575,D_atr
2024-11-08,0.0,102.42870065528913,-0.1624564618922575,D_atr
2024-11-09,0.0,102.42870065528913,-0.1624564618922575,D_atr
2024-11-10,0.0,102.42870065528913,-0.1624564618922575,D_atr
2024-11-11,0.0,102.42870065528913,-0.1624564618922575,D_atr
2024-11-12,-0.015942916336066294,102.41275773895308,-0.1779960674290093,D_atr
2024-11-13,-0.01262851116863199,102.40012922778445,-0.19030511289725993,D_atr
2024-11-14,0.0,102.40012922778445,-0.19030511289725993,D_atr
2024-11-15,0.0,102.40012922778445,-0.19030511289725993,D_atr
2024-11-16,0.0,102.40012922778445,-0.19030511289725993,D_atr
2024-11-17,0.0,102.40012922778445,-0.19030511289725993,D_atr
2024-11-18,-0.014639403073121237,102.38548982471131,-0.20457418037869157,D_atr
2024-11-19,0.0,102.38548982471131,-0.20457418037869157,D_atr
2024-11-20,0.0,102.38548982471131,-0.20457418037869157,D_atr
2024-11-21,0.0,102.38548982471131,-0.20457418037869157,D_atr
2024-11-22,0.0,102.38548982471131,-0.20457418037869157,D_atr
2024-11-23,0.0,102.38548982471131,-0.20457418037869157,D_atr
2024-11-24,0.0,102.38548982471131,-0.20457418037869157,D_atr
2024-11-25,0.0,102.38548982471131,-0.20457418037869157,D_atr
2024-11-26,0.0,102.38548982471131,-0.20457418037869157,D_atr
2024-11-27,0.0,102.38548982471131,-0.20457418037869157,D_atr
2024-11-28,0.0,102.38548982471131,-0.20457418037869157,D_atr
2024-11-29,0.0,102.38548982471131,-0.20457418037869157,D_atr
2024-11-30,0.0,102.38548982471131,-0.20457418037869157,D_atr
2024-12-01,0.0,102.38548982471131,-0.20457418037869157,D_atr
2024-12-02,0.0,102.38548982471131,-0.20457418037869157,D_atr
2024-12-03,0.0,102.38548982471131,-0.20457418037869157,D_atr
2024-12-04,0.0,102.38548982471131,-0.20457418037869157,D_atr
2024-12-05,0.0,102.38548982471131,-0.20457418037869157,D_atr
2024-12-06,0.0,102.38548982471131,-0.20457418037869157,D_atr
2024-12-07,0.0,102.38548982471131,-0.20457418037869157,D_atr
2024-12-08,0.0,102.38548982471131,-0.20457418037869157,D_atr
2024-12-09,0.0,102.38548982471131,-0.20457418037869157,D_atr
2024-12-10,0.0,102.38548982471131,-0.20457418037869157,D_atr
2024-12-11,0.0,102.38548982471131,-0.20457418037869157,D_atr
2024-12-12,0.0,102.38548982471131,-0.20457418037869157,D_atr
2024-12-13,0.0,102.38548982471131,-0.20457418037869157,D_atr
2024-12-14,0.0,102.38548982471131,-0.20457418037869157,D_atr
2024-12-15,0.0,102.38548982471131,-0.20457418037869157,D_atr
2024-12-16,0.0,102.38548982471131,-0.20457418037869157,D_atr
2024-12-17,0.0,102.38548982471131,-0.20457418037869157,D_atr
2024-12-18,0.0,102.38548982471131,-0.20457418037869157,D_atr
2024-12-19,0.0,102.38548982471131,-0.20457418037869157,D_atr
2024-12-20,0.0,102.38548982471131,-0.20457418037869157,D_atr
2024-12-21,0.0,102.38548982471131,-0.20457418037869157,D_atr
2024-12-22,0.0,102.38548982471131,-0.20457418037869157,D_atr
2024-12-23,0.0,102.38548982471131,-0.20457418037869157,D_atr
2024-12-24,0.0,102.38548982471131,-0.20457418037869157,D_atr
2024-12-25,0.0,102.38548982471131,-0.20457418037869157,D_atr
2024-12-26,0.0,102.38548982471131,-0.20457418037869157,D_atr
2024-12-27,0.0,102.38548982471131,-0.20457418037869157,D_atr
2024-12-28,0.0,102.38548982471131,-0.20457418037869157,D_atr
2024-12-29,0.0,102.38548982471131,-0.20457418037869157,D_atr
2024-12-30,0.0,102.38548982471131,-0.20457418037869157,D_atr
2024-12-31,0.0,102.38548982471131,-0.20457418037869157,D_atr
2025-01-01,0.0,102.38548982471131,-0.20457418037869157,D_atr
2025-01-02,0.0,102.38548982471131,-0.20457418037869157,D_atr
2025-01-03,0.0,102.38548982471131,-0.20457418037869157,D_atr
2025-01-04,0.0,102.38548982471131,-0.20457418037869157,D_atr
2025-01-05,0.0,102.38548982471131,-0.20457418037869157,D_atr
2025-01-06,0.0,102.38548982471131,-0.20457418037869157,D_atr
2025-01-07,0.0,102.38548982471131,-0.20457418037869157,D_atr
2025-01-08,0.0,102.38548982471131,-0.20457418037869157,D_atr
2025-01-09,0.0,102.38548982471131,-0.20457418037869157,D_atr
2025-01-10,0.0,102.38548982471131,-0.20457418037869157,D_atr
2025-01-11,0.0,102.38548982471131,-0.20457418037869157,D_atr
2025-01-12,0.0,102.38548982471131,-0.20457418037869157,D_atr
2025-01-13,0.0,102.38548982471131,-0.20457418037869157,D_atr
2025-01-14,0.0,102.38548982471131,-0.20457418037869157,D_atr
2025-01-15,0.0,102.38548982471131,-0.20457418037869157,D_atr
2025-01-16,0.0,102.38548982471131,-0.20457418037869157,D_atr
2025-01-17,0.0,102.38548982471131,-0.20457418037869157,D_atr
2025-01-18,0.0,102.38548982471131,-0.20457418037869157,D_atr
2025-01-19,0.0,102.38548982471131,-0.20457418037869157,D_atr
2025-01-20,0.011277424710479707,102.3967672494218,-0.1935820426933743,D_atr
2025-01-21,0.0,102.3967672494218,-0.1935820426933743,D_atr
2025-01-22,0.0,102.3967672494218,-0.1935820426933743,D_atr
2025-01-23,-0.013208293046985458,102.38355895637481,-0.20645620319434954,D_atr
2025-01-24,-0.03362684632532262,102.3499321100495,-0.23923238518802625,D_atr
2025-01-25,0.0,102.3499321100495,-0.23923238518802625,D_atr
2025-01-26,0.0,102.3499321100495,-0.23923238518802625,D_atr
2025-01-27,-0.02174161399048792,102.32819049605901,-0.2604239976899625,D_atr
2025-01-28,-0.013924630217466889,102.31426586584153,-0.27399637405221,D_atr
2025-01-29,-0.013321669123123991,102.3009441967184,-0.2869810425344954,D_atr
2025-01-30,0.0,102.3009441967184,-0.2869810425344954,D_atr
2025-01-31,-0.01393349870731426,102.2870106980111,-0.3005620630388006,D_atr
2025-02-01,0.0,102.2870106980111,-0.3005620630388006,D_atr
2025-02-02,0.0,102.2870106980111,-0.3005620630388006,D_atr
2025-02-03,0.0,102.2870106980111,-0.3005620630388006,D_atr
2025-02-04,0.0,102.2870106980111,-0.3005620630388006,D_atr
2025-02-05,0.0,102.2870106980111,-0.3005620630388006,D_atr
2025-02-06,0.0,102.2870106980111,-0.3005620630388006,D_atr
2025-02-07,0.0,102.2870106980111,-0.3005620630388006,D_atr
2025-02-08,0.0,102.2870106980111,-0.3005620630388006,D_atr
2025-02-09,0.0,102.2870106980111,-0.3005620630388006,D_atr
2025-02-10,0.0,102.2870106980111,-0.3005620630388006,D_atr
2025-02-11,-0.047462105912164,102.23954859209893,-0.3468235115888896,D_atr
2025-02-12,-0.0170178006180356,102.22253079148089,-0.36341080986814767,D_atr
2025-02-13,0.0,102.22253079148089,-0.36341080986814767,D_atr
2025-02-14,0.0,102.22253079148089,-0.36341080986814767,D_atr
2025-02-15,0.0,102.22253079148089,-0.36341080986814767,D_atr
2025-02-16,0.0,102.22253079148089,-0.36341080986814767,D_atr
2025-02-17,-0.01960331895509534,102.2029274725258,-0.38251822016573955,D_atr
2025-02-18,0.0,102.2029274725258,-0.38251822016573955,D_atr
2025-02-19,0.0,102.2029274725258,-0.38251822016573955,D_atr
2025-02-20,0.0,102.2029274725258,-0.38251822016573955,D_atr
2025-02-21,0.0,102.2029274725258,-0.38251822016573955,D_atr
2025-02-22,0.0,102.2029274725258,-0.38251822016573955,D_atr
2025-02-23,0.0,102.2029274725258,-0.38251822016573955,D_atr
2025-02-24,0.0,102.2029274725258,-0.38251822016573955,D_atr
2025-02-25,0.0,102.2029274725258,-0.38251822016573955,D_atr
2025-02-26,0.0,102.2029274725258,-0.38251822016573955,D_atr
2025-02-27,0.0,102.2029274725258,-0.38251822016573955,D_atr
2025-02-28,-0.03524347660386227,102.16768399592195,-0.41687013625333336,D_atr
2025-03-01,0.0,102.16768399592195,-0.41687013625333336,D_atr
2025-03-02,0.0,102.16768399592195,-0.41687013625333336,D_atr
2025-03-03,0.0,102.16768399592195,-0.41687013625333336,D_atr
2025-03-04,0.0,102.16768399592195,-0.41687013625333336,D_atr
2025-03-05,0.0,102.16768399592195,-0.41687013625333336,D_atr
2025-03-06,0.0,102.16768399592195,-0.41687013625333336,D_atr
2025-03-07,0.0,102.16768399592195,-0.41687013625333336,D_atr
2025-03-08,0.0,102.16768399592195,-0.41687013625333336,D_atr
2025-03-09,0.0,102.16768399592195,-0.41687013625333336,D_atr
2025-03-10,0.0,102.16768399592195,-0.41687013625333336,D_atr
2025-03-11,0.0,102.16768399592195,-0.41687013625333336,D_atr
2025-03-12,0.0,102.16768399592195,-0.41687013625333336,D_atr
2025-03-13,0.0,102.16768399592195,-0.41687013625333336,D_atr
2025-03-14,0.0,102.16768399592195,-0.41687013625333336,D_atr
2025-03-15,0.0,102.16768399592195,-0.41687013625333336,D_atr
2025-03-16,0.0,102.16768399592195,-0.41687013625333336,D_atr
2025-03-17,0.0,102.16768399592195,-0.41687013625333336,D_atr
2025-03-18,0.0,102.16768399592195,-0.41687013625333336,D_atr
2025-03-19,0.0,102.16768399592195,-0.41687013625333336,D_atr
2025-03-20,0.0,102.16768399592195,-0.41687013625333336,D_atr
2025-03-21,0.0,102.16768399592195,-0.41687013625333336,D_atr
2025-03-22,0.0,102.16768399592195,-0.41687013625333336,D_atr
2025-03-23,0.0,102.16768399592195,-0.41687013625333336,D_atr
2025-03-24,0.0,102.16768399592195,-0.41687013625333336,D_atr
2025-03-25,0.0,102.16768399592195,-0.41687013625333336,D_atr
2025-03-26,0.0,102.16768399592195,-0.41687013625333336,D_atr
2025-03-27,0.0,102.16768399592195,-0.41687013625333336,D_atr
2025-03-28,0.0,102.16768399592195,-0.41687013625333336,D_atr
2025-03-29,0.0,102.16768399592195,-0.41687013625333336,D_atr
2025-03-30,0.0,102.16768399592195,-0.41687013625333336,D_atr
2025-03-31,0.0,102.16768399592195,-0.41687013625333336,D_atr
2025-04-01,0.0,102.16768399592195,-0.41687013625333336,D_atr
2025-04-02,0.0,102.16768399592195,-0.41687013625333336,D_atr
2025-04-03,0.0,102.16768399592195,-0.41687013625333336,D_atr
2025-04-04,0.0,102.16768399592195,-0.41687013625333336,D_atr
2025-04-05,0.0,102.16768399592195,-0.41687013625333336,D_atr
2025-04-06,0.0,102.16768399592195,-0.41687013625333336,D_atr
2025-04-07,0.0,102.16768399592195,-0.41687013625333336,D_atr
2025-04-08,0.0,102.16768399592195,-0.41687013625333336,D_atr
2025-04-09,0.0,102.16768399592195,-0.41687013625333336,D_atr
2025-04-10,0.0,102.16768399592195,-0.41687013625333336,D_atr
2025-04-11,0.0,102.16768399592195,-0.41687013625333336,D_atr
2025-04-12,0.0,102.16768399592195,-0.41687013625333336,D_atr
2025-04-13,0.0,102.16768399592195,-0.41687013625333336,D_atr
2025-04-14,0.0,102.16768399592195,-0.41687013625333336,D_atr
2025-04-15,0.0,102.16768399592195,-0.41687013625333336,D_atr
2025-04-16,0.0,102.16768399592195,-0.41687013625333336,D_atr
2025-04-17,0.0,102.16768399592195,-0.41687013625333336,D_atr
2025-04-18,0.0,102.16768399592195,-0.41687013625333336,D_atr
2025-04-19,0.0,102.16768399592195,-0.41687013625333336,D_atr
2025-04-20,0.0,102.16768399592195,-0.41687013625333336,D_atr
2025-04-21,0.0,102.16768399592195,-0.41687013625333336,D_atr
2025-04-22,0.0,102.16768399592195,-0.41687013625333336,D_atr
2025-04-23,0.0,102.16768399592195,-0.41687013625333336,D_atr
2025-04-24,0.05586334475895174,102.2235473406809,-0.3624199764946434,D_atr
2025-04-25,0.0,102.2235473406809,-0.3624199764946434,D_atr
2025-04-26,0.0,102.2235473406809,-0.3624199764946434,D_atr
2025-04-27,0.0,102.2235473406809,-0.3624199764946434,D_atr
2025-04-28,-0.015425746137666367,102.20812159454323,-0.3774554947797881,D_atr
2025-04-29,0.0,102.20812159454323,-0.3774554947797881,D_atr
2025-04-30,0.0,102.20812159454323,-0.3774554947797881,D_atr
2025-05-01,0.0,102.20812159454323,-0.3774554947797881,D_atr
2025-05-02,-0.01823616360556172,102.18988543093766,-0.39523033490068693,D_atr
2025-05-03,0.0,102.18988543093766,-0.39523033490068693,D_atr
2025-05-04,0.0,102.18988543093766,-0.39523033490068693,D_atr
2025-05-05,-0.01592835944867922,102.17395707148899,-0.41075575179824186,D_atr
2025-05-06,-0.019787911694955803,102.15416915979402,-0.4300430851602255,D_atr
2025-05-07,-0.015590861588315855,102.13857829820572,-0.44523954194101156,D_atr
2025-05-08,-0.015014614940680291,102.12356368326503,-0.45987432948843,D_atr
2025-05-09,-0.02009385920064664,102.10346982406439,-0.4794598707474562,D_atr
2025-05-10,0.0,102.10346982406439,-0.4794598707474562,D_atr
2025-05-11,0.0,102.10346982406439,-0.4794598707474562,D_atr
2025-05-12,-0.021607421736335414,102.08186240232806,-0.5005206856806388,D_atr
2025-05-13,0.0,102.08186240232806,-0.5005206856806388,D_atr
2025-05-14,0.0,102.08186240232806,-0.5005206856806388,D_atr
2025-05-15,0.0,102.08186240232806,-0.5005206856806388,D_atr
2025-05-16,0.0,102.08186240232806,-0.5005206856806388,D_atr
2025-05-17,0.0,102.08186240232806,-0.5005206856806388,D_atr
2025-05-18,0.0,102.08186240232806,-0.5005206856806388,D_atr
2025-05-19,0.0,102.08186240232806,-0.5005206856806388,D_atr
2025-05-20,0.0,102.08186240232806,-0.5005206856806388,D_atr
2025-05-21,0.0,102.08186240232806,-0.5005206856806388,D_atr
2025-05-22,0.0,102.08186240232806,-0.5005206856806388,D_atr
2025-05-23,0.0,102.08186240232806,-0.5005206856806388,D_atr
2025-05-24,0.0,102.08186240232806,-0.5005206856806388,D_atr
2025-05-25,0.0,102.08186240232806,-0.5005206856806388,D_atr
2025-05-26,0.0,102.08186240232806,-0.5005206856806388,D_atr
2025-05-27,0.0,102.08186240232806,-0.5005206856806388,D_atr
2025-05-28,-0.013419965446694276,102.06844243688136,-0.5136011638668614,D_atr
2025-05-29,0.0,102.06844243688136,-0.5136011638668614,D_atr
2025-05-30,0.0,102.06844243688136,-0.5136011638668614,D_atr
2025-05-31,0.0,102.06844243688136,-0.5136011638668614,D_atr
2025-06-01,0.0,102.06844243688136,-0.5136011638668614,D_atr
2025-06-02,0.0,102.06844243688136,-0.5136011638668614,D_atr
2025-06-03,0.0,102.06844243688136,-0.5136011638668614,D_atr
2025-06-04,0.0,102.06844243688136,-0.5136011638668614,D_atr
2025-06-05,0.0,102.06844243688136,-0.5136011638668614,D_atr
2025-06-06,0.0,102.06844243688136,-0.5136011638668614,D_atr
2025-06-07,0.0,102.06844243688136,-0.5136011638668614,D_atr
2025-06-08,0.0,102.06844243688136,-0.5136011638668614,D_atr
2025-06-09,0.0,102.06844243688136,-0.5136011638668614,D_atr
2025-06-10,0.0,102.06844243688136,-0.5136011638668614,D_atr
2025-06-11,0.0,102.06844243688136,-0.5136011638668614,D_atr
2025-06-12,0.0,102.06844243688136,-0.5136011638668614,D_atr
2025-06-13,0.0,102.06844243688136,-0.5136011638668614,D_atr
2025-06-14,0.0,102.06844243688136,-0.5136011638668614,D_atr
2025-06-15,0.0,102.06844243688136,-0.5136011638668614,D_atr
2025-06-16,0.0,102.06844243688136,-0.5136011638668614,D_atr
2025-06-17,0.0,102.06844243688136,-0.5136011638668614,D_atr
2025-06-18,0.0,102.06844243688136,-0.5136011638668614,D_atr
2025-06-19,0.0,102.06844243688136,-0.5136011638668614,D_atr
2025-06-20,0.0,102.06844243688136,-0.5136011638668614,D_atr
2025-06-21,0.0,102.06844243688136,-0.5136011638668614,D_atr
2025-06-22,0.0,102.06844243688136,-0.5136011638668614,D_atr
2025-06-23,0.0,102.06844243688136,-0.5136011638668614,D_atr
2025-06-24,0.0,102.06844243688136,-0.5136011638668614,D_atr
2025-06-25,0.0,102.06844243688136,-0.5136011638668614,D_atr
2025-06-26,0.0,102.06844243688136,-0.5136011638668614,D_atr
2025-06-27,0.0,102.06844243688136,-0.5136011638668614,D_atr
2025-06-28,0.0,102.06844243688136,-0.5136011638668614,D_atr
2025-06-29,0.0,102.06844243688136,-0.5136011638668614,D_atr
2025-06-30,0.0,102.06844243688136,-0.5136011638668614,D_atr
2025-07-01,0.0,102.06844243688136,-0.5136011638668614,D_atr
2025-07-02,0.0,102.06844243688136,-0.5136011638668614,D_atr
2025-07-03,0.0,102.06844243688136,-0.5136011638668614,D_atr
2025-07-04,0.0,102.06844243688136,-0.5136011638668614,D_atr
2025-07-05,0.0,102.06844243688136,-0.5136011638668614,D_atr
2025-07-06,0.0,102.06844243688136,-0.5136011638668614,D_atr
2025-07-07,0.0,102.06844243688136,-0.5136011638668614,D_atr
2025-07-08,0.0,102.06844243688136,-0.5136011638668614,D_atr
2025-07-09,0.0,102.06844243688136,-0.5136011638668614,D_atr
2025-07-10,0.0,102.06844243688136,-0.5136011638668614,D_atr
2025-07-11,0.0,102.06844243688136,-0.5136011638668614,D_atr
2025-07-12,0.0,102.06844243688136,-0.5136011638668614,D_atr
2025-07-13,0.0,102.06844243688136,-0.5136011638668614,D_atr
2025-07-14,-0.0191914393226717,102.04925099755869,-0.5323071139245905,D_atr
2025-07-15,0.0,102.04925099755869,-0.5323071139245905,D_atr
2025-07-16,0.0,102.04925099755869,-0.5323071139245905,D_atr
2025-07-17,0.0,102.04925099755869,-0.5323071139245905,D_atr
2025-07-18,0.0,102.04925099755869,-0.5323071139245905,D_atr
2025-07-19,0.0,102.04925099755869,-0.5323071139245905,D_atr
2025-07-20,0.0,102.04925099755869,-0.5323071139245905,D_atr
2025-07-21,0.0,102.04925099755869,-0.5323071139245905,D_atr
2025-07-22,0.0,102.04925099755869,-0.5323071139245905,D_atr
2025-07-23,0.14578655485604466,102.19503755241473,-0.3902085475599337,D_atr
2025-07-24,-0.023506488325416398,102.17153106408931,-0.41312038805584317,D_atr
2025-07-25,-0.022978226289268558,102.14855283780004,-0.43551733005459115,D_atr
2025-07-26,0.0,102.14855283780004,-0.43551733005459115,D_atr
2025-07-27,0.0,102.14855283780004,-0.43551733005459115,D_atr
2025-07-28,-0.011047654996697204,102.13750518280335,-0.4462855105515584,D_atr
2025-07-29,0.0,102.13750518280335,-0.4462855105515584,D_atr
2025-07-30,-0.0076812636483364225,102.12982391915502,-0.45377245990279036,D_atr
2025-07-31,0.0,102.12982391915502,-0.45377245990279036,D_atr
2025-08-01,0.0,102.12982391915502,-0.45377245990279036,D_atr
2025-08-02,0.0,102.12982391915502,-0.45377245990279036,D_atr
2025-08-03,0.0,102.12982391915502,-0.45377245990279036,D_atr
2025-08-04,-0.010923493099581922,102.11890042605543,-0.46441961944830856,D_atr
2025-08-05,-0.01933745185599703,102.09956297419943,-0.48326788833427115,D_atr
2025-08-06,-0.012991468570415953,102.08657150562901,-0.4959307094061449,D_atr
2025-08-07,-0.012660206833623016,102.0739112987954,-0.5082706487284927,D_atr
2025-08-08,-0.016545899986600596,102.0573653988088,-0.5243979841307866,D_atr
2025-08-09,0.0,102.0573653988088,-0.5243979841307866,D_atr
2025-08-10,0.0,102.0573653988088,-0.5243979841307866,D_atr
2025-08-11,0.0,102.0573653988088,-0.5243979841307866,D_atr
2025-08-12,0.0,102.0573653988088,-0.5243979841307866,D_atr
2025-08-13,0.0,102.0573653988088,-0.5243979841307866,D_atr
2025-08-14,0.0,102.0573653988088,-0.5243979841307866,D_atr
2025-08-15,0.0,102.0573653988088,-0.5243979841307866,D_atr
2025-08-16,0.0,102.0573653988088,-0.5243979841307866,D_atr
2025-08-17,0.0,102.0573653988088,-0.5243979841307866,D_atr
2025-08-18,0.0,102.0573653988088,-0.5243979841307866,D_atr
2025-08-19,0.0,102.0573653988088,-0.5243979841307866,D_atr
2025-08-20,0.0,102.0573653988088,-0.5243979841307866,D_atr
2025-08-21,0.0,102.0573653988088,-0.5243979841307866,D_atr
2025-08-22,0.0,102.0573653988088,-0.5243979841307866,D_atr
2025-08-23,0.0,102.0573653988088,-0.5243979841307866,D_atr
2025-08-24,0.0,102.0573653988088,-0.5243979841307866,D_atr
2025-08-25,0.0,102.0573653988088,-0.5243979841307866,D_atr
2025-08-26,0.0,102.0573653988088,-0.5243979841307866,D_atr
2025-08-27,0.0,102.0573653988088,-0.5243979841307866,D_atr
2025-08-28,0.0,102.0573653988088,-0.5243979841307866,D_atr
2025-08-29,0.0,102.0573653988088,-0.5243979841307866,D_atr
2025-08-30,0.0,102.0573653988088,-0.5243979841307866,D_atr
2025-08-31,0.0,102.0573653988088,-0.5243979841307866,D_atr
2025-09-01,0.0,102.0573653988088,-0.5243979841307866,D_atr
2025-09-02,0.0,102.0573653988088,-0.5243979841307866,D_atr
2025-09-03,0.0,102.0573653988088,-0.5243979841307866,D_atr
2025-09-04,0.0,102.0573653988088,-0.5243979841307866,D_atr
2025-09-05,0.0,102.0573653988088,-0.5243979841307866,D_atr
2025-09-06,0.0,102.0573653988088,-0.5243979841307866,D_atr
2025-09-07,0.0,102.0573653988088,-0.5243979841307866,D_atr
2025-09-08,0.0,102.0573653988088,-0.5243979841307866,D_atr
2025-09-09,0.0,102.0573653988088,-0.5243979841307866,D_atr
2025-09-10,0.0,102.0573653988088,-0.5243979841307866,D_atr
2025-09-11,0.0,102.0573653988088,-0.5243979841307866,D_atr
2025-09-12,0.0,102.0573653988088,-0.5243979841307866,D_atr
2025-09-13,0.0,102.0573653988088,-0.5243979841307866,D_atr
2025-09-14,0.0,102.0573653988088,-0.5243979841307866,D_atr
2025-09-15,0.0,102.0573653988088,-0.5243979841307866,D_atr
2025-09-16,0.0,102.0573653988088,-0.5243979841307866,D_atr
2025-09-17,0.0,102.0573653988088,-0.5243979841307866,D_atr
2025-09-18,0.0,102.0573653988088,-0.5243979841307866,D_atr
2025-09-19,0.0,102.0573653988088,-0.5243979841307866,D_atr
2025-09-20,0.0,102.0573653988088,-0.5243979841307866,D_atr
2025-09-21,0.0,102.0573653988088,-0.5243979841307866,D_atr
2025-09-22,0.0,102.0573653988088,-0.5243979841307866,D_atr
2025-09-23,0.0,102.0573653988088,-0.5243979841307866,D_atr
2025-09-24,0.0,102.0573653988088,-0.5243979841307866,D_atr
2025-09-25,0.0,102.0573653988088,-0.5243979841307866,D_atr
2025-09-26,0.0,102.0573653988088,-0.5243979841307866,D_atr
2025-09-27,0.0,102.0573653988088,-0.5243979841307866,D_atr
2025-09-28,0.0,102.0573653988088,-0.5243979841307866,D_atr
2025-09-29,0.0,102.0573653988088,-0.5243979841307866,D_atr
2025-09-30,0.0,102.0573653988088,-0.5243979841307866,D_atr
2025-10-01,0.0,102.0573653988088,-0.5243979841307866,D_atr
2025-10-02,0.0,102.0573653988088,-0.5243979841307866,D_atr
2025-10-03,0.0,102.0573653988088,-0.5243979841307866,D_atr
2025-10-04,0.0,102.0573653988088,-0.5243979841307866,D_atr
2025-10-05,0.0,102.0573653988088,-0.5243979841307866,D_atr
2025-10-06,0.0,102.0573653988088,-0.5243979841307866,D_atr
2025-10-07,0.0,102.0573653988088,-0.5243979841307866,D_atr
2025-10-08,0.0,102.0573653988088,-0.5243979841307866,D_atr
2025-10-09,0.0,102.0573653988088,-0.5243979841307866,D_atr
2025-10-10,0.0,102.0573653988088,-0.5243979841307866,D_atr
2025-10-11,0.0,102.0573653988088,-0.5243979841307866,D_atr
2025-10-12,0.0,102.0573653988088,-0.5243979841307866,D_atr
2025-10-13,0.0,102.0573653988088,-0.5243979841307866,D_atr
2025-10-14,0.0,102.0573653988088,-0.5243979841307866,D_atr
2025-10-15,0.0,102.0573653988088,-0.5243979841307866,D_atr
2025-10-16,0.0,102.0573653988088,-0.5243979841307866,D_atr
2025-10-17,0.0,102.0573653988088,-0.5243979841307866,D_atr
2025-10-18,0.0,102.0573653988088,-0.5243979841307866,D_atr
2025-10-19,0.0,102.0573653988088,-0.5243979841307866,D_atr
2025-10-20,0.0,102.0573653988088,-0.5243979841307866,D_atr
2025-10-21,0.0,102.0573653988088,-0.5243979841307866,D_atr
2025-10-22,0.0,102.0573653988088,-0.5243979841307866,D_atr
2025-10-23,0.0,102.0573653988088,-0.5243979841307866,D_atr
2025-10-24,0.054821108505329175,102.11218650731412,-0.47096369498923485,D_atr
2025-10-25,0.0,102.11218650731412,-0.47096369498923485,D_atr
2025-10-26,0.0,102.11218650731412,-0.47096369498923485,D_atr
2025-10-27,0.0,102.11218650731412,-0.47096369498923485,D_atr
2025-10-28,0.0,102.11218650731412,-0.47096369498923485,D_atr
2025-10-29,-0.008980497176197682,102.10320601013792,-0.47971701092595076,D_atr
2025-10-30,0.0,102.10320601013792,-0.47971701092595076,D_atr
2025-10-31,-0.012472276837006609,102.09073373330092,-0.49187377435033763,D_atr
2025-11-01,0.0,102.09073373330092,-0.49187377435033763,D_atr
2025-11-02,0.0,102.09073373330092,-0.49187377435033763,D_atr
2025-11-03,0.0,102.09073373330092,-0.49187377435033763,D_atr
2025-11-04,0.0,102.09073373330092,-0.49187377435033763,D_atr
2025-11-05,0.0,102.09073373330092,-0.49187377435033763,D_atr
2025-11-06,-0.020387754998432758,102.07034597830248,-0.5117457766727229,D_atr
2025-11-07,0.0,102.07034597830248,-0.5117457766727229,D_atr
2025-11-08,0.0,102.07034597830248,-0.5117457766727229,D_atr
2025-11-09,0.0,102.07034597830248,-0.5117457766727229,D_atr
2025-11-10,0.0,102.07034597830248,-0.5117457766727229,D_atr
2025-11-11,-0.011994913546810222,102.05835106475567,-0.5234372527512465,D_atr
2025-11-12,0.0,102.05835106475567,-0.5234372527512465,D_atr
2025-11-13,0.0,102.05835106475567,-0.5234372527512465,D_atr
2025-11-14,0.0,102.05835106475567,-0.5234372527512465,D_atr
2025-11-15,0.0,102.05835106475567,-0.5234372527512465,D_atr
2025-11-16,0.0,102.05835106475567,-0.5234372527512465,D_atr
2025-11-17,0.0,102.05835106475567,-0.5234372527512465,D_atr
2025-11-18,0.0,102.05835106475567,-0.5234372527512465,D_atr
2025-11-19,0.0,102.05835106475567,-0.5234372527512465,D_atr
2025-11-20,0.0,102.05835106475567,-0.5234372527512465,D_atr
2025-11-21,0.0,102.05835106475567,-0.5234372527512465,D_atr
2025-11-22,0.0,102.05835106475567,-0.5234372527512465,D_atr
2025-11-23,0.0,102.05835106475567,-0.5234372527512465,D_atr
2025-11-24,0.0,102.05835106475567,-0.5234372527512465,D_atr
2025-11-25,0.0,102.05835106475567,-0.5234372527512465,D_atr
2025-11-26,0.0,102.05835106475567,-0.5234372527512465,D_atr
2025-11-27,0.0,102.05835106475567,-0.5234372527512465,D_atr
2025-11-28,0.0,102.05835106475567,-0.5234372527512465,D_atr
2025-11-29,0.0,102.05835106475567,-0.5234372527512465,D_atr
2025-11-30,0.0,102.05835106475567,-0.5234372527512465,D_atr
2025-12-01,0.0,102.05835106475567,-0.5234372527512465,D_atr
2025-12-02,0.0,102.05835106475567,-0.5234372527512465,D_atr
2025-12-03,-0.012237682644268005,102.0461133821114,-0.5353653565540517,D_atr
2025-12-04,0.0,102.0461133821114,-0.5353653565540517,D_atr
2025-12-05,0.0,102.0461133821114,-0.5353653565540517,D_atr
2025-12-06,0.0,102.0461133821114,-0.5353653565540517,D_atr
2025-12-07,0.0,102.0461133821114,-0.5353653565540517,D_atr
2025-12-08,-0.01128059649691766,102.03483278561448,-0.5463605857885523,D_atr
2025-12-09,0.0,102.03483278561448,-0.5463605857885523,D_atr
2025-12-10,0.0,102.03483278561448,-0.5463605857885523,D_atr
2025-12-11,0.0,102.03483278561448,-0.5463605857885523,D_atr
2025-12-12,0.0,102.03483278561448,-0.5463605857885523,D_atr
2025-12-13,0.0,102.03483278561448,-0.5463605857885523,D_atr
2025-12-14,0.0,102.03483278561448,-0.5463605857885523,D_atr
2025-12-15,0.0,102.03483278561448,-0.5463605857885523,D_atr
2025-12-16,0.0,102.03483278561448,-0.5463605857885523,D_atr
2025-12-17,0.0,102.03483278561448,-0.5463605857885523,D_atr
2025-12-18,0.0,102.03483278561448,-0.5463605857885523,D_atr
2025-12-19,0.0,102.03483278561448,-0.5463605857885523,D_atr
2025-12-20,0.0,102.03483278561448,-0.5463605857885523,D_atr
2025-12-21,0.0,102.03483278561448,-0.5463605857885523,D_atr
2025-12-22,0.0,102.03483278561448,-0.5463605857885523,D_atr
2025-12-23,0.0,102.03483278561448,-0.5463605857885523,D_atr
2025-12-24,0.0,102.03483278561448,-0.5463605857885523,D_atr
2025-12-25,0.0,102.03483278561448,-0.5463605857885523,D_atr
2025-12-26,0.0,102.03483278561448,-0.5463605857885523,D_atr
2025-12-27,0.0,102.03483278561448,-0.5463605857885523,D_atr
2025-12-28,0.0,102.03483278561448,-0.5463605857885523,D_atr
2025-12-29,0.0,102.03483278561448,-0.5463605857885523,D_atr
2025-12-30,0.0,102.03483278561448,-0.5463605857885523,D_atr
2025-12-31,0.0,102.03483278561448,-0.5463605857885523,D_atr
2026-01-01,0.0,102.03483278561448,-0.5463605857885523,D_atr
2026-01-02,0.0,102.03483278561448,-0.5463605857885523,D_atr
2026-01-03,0.0,102.03483278561448,-0.5463605857885523,D_atr
2026-01-04,0.0,102.03483278561448,-0.5463605857885523,D_atr
2026-01-05,0.0,102.03483278561448,-0.5463605857885523,D_atr
2026-01-06,-0.011866368610644464,102.02296641700384,-0.5579267687550904,D_atr
2026-01-07,0.0,102.02296641700384,-0.5579267687550904,D_atr
2026-01-08,0.0,102.02296641700384,-0.5579267687550904,D_atr
2026-01-09,0.0,102.02296641700384,-0.5579267687550904,D_atr
2026-01-10,0.0,102.02296641700384,-0.5579267687550904,D_atr
2026-01-11,0.0,102.02296641700384,-0.5579267687550904,D_atr
2026-01-12,0.0,102.02296641700384,-0.5579267687550904,D_atr
2026-01-13,0.0,102.02296641700384,-0.5579267687550904,D_atr
2026-01-14,0.0,102.02296641700384,-0.5579267687550904,D_atr
2026-01-15,0.0,102.02296641700384,-0.5579267687550904,D_atr
2026-01-16,0.0,102.02296641700384,-0.5579267687550904,D_atr
2026-01-17,0.0,102.02296641700384,-0.5579267687550904,D_atr
2026-01-18,0.0,102.02296641700384,-0.5579267687550904,D_atr
2026-01-19,-0.023061365421541347,101.9999050515823,-0.5804047467006468,D_atr
2026-01-20,0.0,101.9999050515823,-0.5804047467006468,D_atr
2026-01-21,-0.011779877104474666,101.98812517447783,-0.5918866261520828,D_atr
2026-01-22,0.0,101.98812517447783,-0.5918866261520828,D_atr
2026-01-23,0.0,101.98812517447783,-0.5918866261520828,D_atr
2026-01-24,0.0,101.98812517447783,-0.5918866261520828,D_atr
2026-01-25,0.0,101.98812517447783,-0.5918866261520828,D_atr
2026-01-26,0.0,101.98812517447783,-0.5918866261520828,D_atr
2026-01-27,0.07053959395632567,102.05866476843416,-0.5231314848906932,D_atr
2026-01-28,0.0,102.05866476843416,-0.5231314848906932,D_atr
2026-01-29,0.0,102.05866476843416,-0.5231314848906932,D_atr
2026-01-30,0.0,102.05866476843416,-0.5231314848906932,D_atr
2026-01-31,0.0,102.05866476843416,-0.5231314848906932,D_atr
2026-02-01,-0.050424363396755684,102.0082404050374,-0.5722802541692107,D_atr
2026-02-02,0.0,102.0082404050374,-0.5722802541692107,D_atr
2026-02-03,0.0,102.0082404050374,-0.5722802541692107,D_atr
2026-02-04,0.0,102.0082404050374,-0.5722802541692107,D_atr
2026-02-05,0.0,102.0082404050374,-0.5722802541692107,D_atr
2026-02-06,0.0,102.0082404050374,-0.5722802541692107,D_atr
2026-02-07,0.0,102.0082404050374,-0.5722802541692107,D_atr
2026-02-08,0.0,102.0082404050374,-0.5722802541692107,D_atr
2026-02-09,0.0,102.0082404050374,-0.5722802541692107,D_atr
2026-02-10,0.0,102.0082404050374,-0.5722802541692107,D_atr
2026-02-11,0.0,102.0082404050374,-0.5722802541692107,D_atr
2026-02-12,0.0,102.0082404050374,-0.5722802541692107,D_atr
2026-02-13,0.0,102.0082404050374,-0.5722802541692107,D_atr
2026-02-14,0.0,102.0082404050374,-0.5722802541692107,D_atr
2026-02-15,0.0,102.0082404050374,-0.5722802541692107,D_atr
2026-02-16,0.0,102.0082404050374,-0.5722802541692107,D_atr
2026-02-17,0.0,102.0082404050374,-0.5722802541692107,D_atr
2026-02-18,0.0,102.0082404050374,-0.5722802541692107,D_atr
2026-02-19,0.0,102.0082404050374,-0.5722802541692107,D_atr
2026-02-20,0.0,102.0082404050374,-0.5722802541692107,D_atr
2026-02-21,0.0,102.0082404050374,-0.5722802541692107,D_atr
2026-02-22,0.0,102.0082404050374,-0.5722802541692107,D_atr
2026-02-23,0.0,102.0082404050374,-0.5722802541692107,D_atr
2026-02-24,0.0,102.0082404050374,-0.5722802541692107,D_atr
2026-02-25,0.0,102.0082404050374,-0.5722802541692107,D_atr
2026-02-26,-0.012147471441990135,101.9960929335954,-0.5841204288586144,D_atr
2026-02-27,-0.018867662984622013,101.97722527061079,-0.6025107932060902,D_atr
2026-02-28,0.0,101.97722527061079,-0.6025107932060902,D_atr
2026-03-01,0.0,101.97722527061079,-0.6025107932060902,D_atr
2026-03-02,0.0,101.97722527061079,-0.6025107932060902,D_atr
2026-03-03,0.0,101.97722527061079,-0.6025107932060902,D_atr
2026-03-04,-0.029496236757622196,101.94772903385316,-0.6312608583993407,D_atr
2026-03-05,0.0,101.94772903385316,-0.6312608583993407,D_atr
2026-03-06,0.0,101.94772903385316,-0.6312608583993407,D_atr
2026-03-07,0.0,101.94772903385316,-0.6312608583993407,D_atr
2026-03-08,0.0,101.94772903385316,-0.6312608583993407,D_atr
2026-03-09,-0.013236817860017644,101.93449221599315,-0.6441628221160678,D_atr
2026-03-10,0.0,101.93449221599315,-0.6441628221160678,D_atr
2026-03-11,0.0,101.93449221599315,-0.6441628221160678,D_atr
2026-03-12,0.0,101.93449221599315,-0.6441628221160678,D_atr
2026-03-13,-0.01451849381625033,101.91997372217689,-0.6583140390036601,D_atr
2026-03-14,0.0,101.91997372217689,-0.6583140390036601,D_atr
2026-03-15,0.0,101.91997372217689,-0.6583140390036601,D_atr
2026-03-16,0.0,101.91997372217689,-0.6583140390036601,D_atr
2026-03-17,0.0,101.91997372217689,-0.6583140390036601,D_atr
2026-03-18,0.0,101.91997372217689,-0.6583140390036601,D_atr
2026-03-19,0.0,101.91997372217689,-0.6583140390036601,D_atr
2026-03-20,0.0,101.91997372217689,-0.6583140390036601,D_atr
2026-03-21,0.0,101.91997372217689,-0.6583140390036601,D_atr
2026-03-22,0.0,101.91997372217689,-0.6583140390036601,D_atr
2026-03-23,-0.014537675186214224,101.90543604699069,-0.6724839520266812,D_atr
2026-03-24,0.0,101.90543604699069,-0.6724839520266812,D_atr
2026-03-25,0.0,101.90543604699069,-0.6724839520266812,D_atr
2026-03-26,0.0,101.90543604699069,-0.6724839520266812,D_atr
2026-03-27,0.0,101.90543604699069,-0.6724839520266812,D_atr
2026-03-28,0.0,101.90543604699069,-0.6724839520266812,D_atr
2026-03-29,0.0,101.90543604699069,-0.6724839520266812,D_atr
2026-03-30,0.0,101.90543604699069,-0.6724839520266812,D_atr
2026-03-31,0.0,101.90543604699069,-0.6724839520266812,D_atr
2026-04-01,0.0,101.90543604699069,-0.6724839520266812,D_atr
2026-04-02,0.0,101.90543604699069,-0.6724839520266812,D_atr
2026-04-03,0.0,101.90543604699069,-0.6724839520266812,D_atr
2026-04-04,0.0,101.90543604699069,-0.6724839520266812,D_atr
2026-04-05,0.0,101.90543604699069,-0.6724839520266812,D_atr
2026-04-06,0.0,101.90543604699069,-0.6724839520266812,D_atr
2026-04-07,0.0,101.90543604699069,-0.6724839520266812,D_atr
2026-04-08,0.0,101.90543604699069,-0.6724839520266812,D_atr
2026-04-09,0.0,101.90543604699069,-0.6724839520266812,D_atr
2026-04-10,0.0,101.90543604699069,-0.6724839520266812,D_atr
2026-04-11,0.0,101.90543604699069,-0.6724839520266812,D_atr
2026-04-12,0.0,101.90543604699069,-0.6724839520266812,D_atr
2026-04-13,0.0,101.90543604699069,-0.6724839520266812,D_atr
2026-04-14,0.0,101.90543604699069,-0.6724839520266812,D_atr
2026-04-15,0.0,101.90543604699069,-0.6724839520266812,D_atr
2026-04-16,0.0,101.90543604699069,-0.6724839520266812,D_atr
2026-04-17,0.0,101.90543604699069,-0.6724839520266812,D_atr
2026-04-18,0.0,101.90543604699069,-0.6724839520266812,D_atr
2026-04-19,0.0,101.90543604699069,-0.6724839520266812,D_atr
2026-04-20,0.0,101.90543604699069,-0.6724839520266812,D_atr
2026-04-21,0.0,101.90543604699069,-0.6724839520266812,D_atr
2026-04-22,0.0,101.90543604699069,-0.6724839520266812,D_atr
2026-04-23,0.0,101.90543604699069,-0.6724839520266812,D_atr
2026-04-24,0.0,101.90543604699069,-0.6724839520266812,D_atr
2026-04-25,0.0,101.90543604699069,-0.6724839520266812,D_atr
2026-04-26,0.0,101.90543604699069,-0.6724839520266812,D_atr
2026-04-27,0.0,101.90543604699069,-0.6724839520266812,D_atr
2026-04-28,0.0,101.90543604699069,-0.6724839520266812,D_atr
2026-04-29,0.0,101.90543604699069,-0.6724839520266812,D_atr
2026-04-30,0.22311482747572037,102.1285508744664,-0.4550133001527623,D_atr
2021-07-01,-0.0005423160550382941,99.99945768394497,0.0,E_trailing
2021-07-02,-1.4681534303891608e-05,99.99944300241066,-1.4681613935696447e-05,E_trailing
2021-07-03,0.0,99.99944300241066,-1.4681613935696447e-05,E_trailing
2021-07-04,0.0,99.99944300241066,-1.4681613935696447e-05,E_trailing
2021-07-05,0.003126660073444257,100.0025696624841,0.0,E_trailing
2021-07-06,0.0,100.0025696624841,0.0,E_trailing
2021-07-07,0.0,100.0025696624841,0.0,E_trailing
2021-07-08,0.0,100.0025696624841,0.0,E_trailing
2021-07-09,0.0022218689212200296,100.00479153140532,0.0,E_trailing
2021-07-10,0.0,100.00479153140532,0.0,E_trailing
2021-07-11,0.0,100.00479153140532,0.0,E_trailing
2021-07-12,0.0,100.00479153140532,0.0,E_trailing
2021-07-13,0.0,100.00479153140532,0.0,E_trailing
2021-07-14,0.0,100.00479153140532,0.0,E_trailing
2021-07-15,0.0,100.00479153140532,0.0,E_trailing
2021-07-16,0.014058345144444087,100.01884987654977,0.0,E_trailing
2021-07-17,0.0,100.01884987654977,0.0,E_trailing
2021-07-18,0.0,100.01884987654977,0.0,E_trailing
2021-07-19,0.0,100.01884987654977,0.0,E_trailing
2021-07-20,0.007473028633736661,100.0263229051835,0.0,E_trailing
2021-07-21,0.0,100.0263229051835,0.0,E_trailing
2021-07-22,0.0,100.0263229051835,0.0,E_trailing
2021-07-23,0.0,100.0263229051835,0.0,E_trailing
2021-07-24,0.0,100.0263229051835,0.0,E_trailing
2021-07-25,0.0,100.0263229051835,0.0,E_trailing
2021-07-26,0.0,100.0263229051835,0.0,E_trailing
2021-07-27,0.0,100.0263229051835,0.0,E_trailing
2021-07-28,-0.021614035087719325,100.00470887009578,-0.021608347142987316,E_trailing
2021-07-29,0.0,100.00470887009578,-0.021608347142987316,E_trailing
2021-07-30,-0.0216140350877193,99.98309483500806,-0.043216694285985735,E_trailing
2021-07-31,0.0,99.98309483500806,-0.043216694285985735,E_trailing
2021-08-01,0.0,99.98309483500806,-0.043216694285985735,E_trailing
2021-08-02,0.006678727692513067,99.98977356270058,-0.03653972416598483,E_trailing
2021-08-03,0.0,99.98977356270058,-0.03653972416598483,E_trailing
2021-08-04,0.0,99.98977356270058,-0.03653972416598483,E_trailing
2021-08-05,-0.02161403508771933,99.96815952761285,-0.05814807130897215,E_trailing
2021-08-06,0.0,99.96815952761285,-0.05814807130897215,E_trailing
2021-08-07,0.0,99.96815952761285,-0.05814807130897215,E_trailing
2021-08-08,0.0,99.96815952761285,-0.05814807130897215,E_trailing
2021-08-09,0.0,99.96815952761285,-0.05814807130897215,E_trailing
2021-08-10,0.0,99.96815952761285,-0.05814807130897215,E_trailing
2021-08-11,-0.021614035087719304,99.94654549252513,-0.07975641845197057,E_trailing
2021-08-12,0.0,99.94654549252513,-0.07975641845197057,E_trailing
2021-08-13,0.0,99.94654549252513,-0.07975641845197057,E_trailing
2021-08-14,0.0,99.94654549252513,-0.07975641845197057,E_trailing
2021-08-15,0.0,99.94654549252513,-0.07975641845197057,E_trailing
2021-08-16,0.0,99.94654549252513,-0.07975641845197057,E_trailing
2021-08-17,0.03002746933984536,99.97657296186499,-0.04973685113435211,E_trailing
2021-08-18,0.0,99.97657296186499,-0.04973685113435211,E_trailing
2021-08-19,0.0,99.97657296186499,-0.04973685113435211,E_trailing
2021-08-20,0.0,99.97657296186499,-0.04973685113435211,E_trailing
2021-08-21,0.0,99.97657296186499,-0.04973685113435211,E_trailing
2021-08-22,0.0,99.97657296186499,-0.04973685113435211,E_trailing
2021-08-23,0.0,99.97657296186499,-0.04973685113435211,E_trailing
2021-08-24,0.0,99.97657296186499,-0.04973685113435211,E_trailing
2021-08-25,0.0,99.97657296186499,-0.04973685113435211,E_trailing
2021-08-26,0.0,99.97657296186499,-0.04973685113435211,E_trailing
2021-08-27,0.0,99.97657296186499,-0.04973685113435211,E_trailing
2021-08-28,0.0,99.97657296186499,-0.04973685113435211,E_trailing
2021-08-29,0.0,99.97657296186499,-0.04973685113435211,E_trailing
2021-08-30,0.0,99.97657296186499,-0.04973685113435211,E_trailing
2021-08-31,0.0,99.97657296186499,-0.04973685113435211,E_trailing
2021-09-01,0.0,99.97657296186499,-0.04973685113435211,E_trailing
2021-09-02,0.018216858222844776,99.99478982008783,-0.03152478685591875,E_trailing
2021-09-03,0.0,99.99478982008783,-0.03152478685591875,E_trailing
2021-09-04,0.0,99.99478982008783,-0.03152478685591875,E_trailing
2021-09-05,0.0,99.99478982008783,-0.03152478685591875,E_trailing
2021-09-06,0.0,99.99478982008783,-0.03152478685591875,E_trailing
2021-09-07,0.0,99.99478982008783,-0.03152478685591875,E_trailing
2021-09-08,0.0,99.99478982008783,-0.03152478685591875,E_trailing
2021-09-09,0.0,99.99478982008783,-0.03152478685591875,E_trailing
2021-09-10,0.0,99.99478982008783,-0.03152478685591875,E_trailing
2021-09-11,0.0,99.99478982008783,-0.03152478685591875,E_trailing
2021-09-12,0.0,99.99478982008783,-0.03152478685591875,E_trailing
2021-09-13,0.0,99.99478982008783,-0.03152478685591875,E_trailing
2021-09-14,0.0,99.99478982008783,-0.03152478685591875,E_trailing
2021-09-15,0.0,99.99478982008783,-0.03152478685591875,E_trailing
2021-09-16,0.0,99.99478982008783,-0.03152478685591875,E_trailing
2021-09-17,0.0,99.99478982008783,-0.03152478685591875,E_trailing
2021-09-18,0.0,99.99478982008783,-0.03152478685591875,E_trailing
2021-09-19,0.0,99.99478982008783,-0.03152478685591875,E_trailing
2021-09-20,0.0,99.99478982008783,-0.03152478685591875,E_trailing
2021-09-21,0.0,99.99478982008783,-0.03152478685591875,E_trailing
2021-09-22,0.0,99.99478982008783,-0.03152478685591875,E_trailing
2021-09-23,0.0,99.99478982008783,-0.03152478685591875,E_trailing
2021-09-24,0.0,99.99478982008783,-0.03152478685591875,E_trailing
2021-09-25,0.0,99.99478982008783,-0.03152478685591875,E_trailing
2021-09-26,0.0,99.99478982008783,-0.03152478685591875,E_trailing
2021-09-27,0.0,99.99478982008783,-0.03152478685591875,E_trailing
2021-09-28,0.0,99.99478982008783,-0.03152478685591875,E_trailing
2021-09-29,0.0,99.99478982008783,-0.03152478685591875,E_trailing
2021-09-30,0.0,99.99478982008783,-0.03152478685591875,E_trailing
2021-10-01,0.0,99.99478982008783,-0.03152478685591875,E_trailing
2021-10-02,0.0,99.99478982008783,-0.03152478685591875,E_trailing
2021-10-03,0.0,99.99478982008783,-0.03152478685591875,E_trailing
2021-10-04,0.003192025727920353,99.99798184581574,-0.028333601140795306,E_trailing
2021-10-05,0.005366115342116495,100.00334796115787,-0.022968897944408706,E_trailing
2021-10-06,0.0,100.00334796115787,-0.022968897944408706,E_trailing
2021-10-07,0.0,100.00334796115787,-0.022968897944408706,E_trailing
2021-10-08,0.015577594150091969,100.01892555530796,-0.007395403190579852,E_trailing
2021-10-09,0.0,100.01892555530796,-0.007395403190579852,E_trailing
2021-10-10,0.0,100.01892555530796,-0.007395403190579852,E_trailing
2021-10-11,0.0041896862324837985,100.02311524154044,-0.00320681951501145,E_trailing
2021-10-12,0.011247057580617684,100.03436229912106,0.0,E_trailing
2021-10-13,0.0,100.03436229912106,0.0,E_trailing
2021-10-14,0.0,100.03436229912106,0.0,E_trailing
2021-10-15,0.0,100.03436229912106,0.0,E_trailing
2021-10-16,0.0,100.03436229912106,0.0,E_trailing
2021-10-17,0.0,100.03436229912106,0.0,E_trailing
2021-10-18,0.0037627872498146955,100.03812508637087,0.0,E_trailing
2021-10-19,0.0,100.03812508637087,0.0,E_trailing
2021-10-20,0.006175707360363849,100.04430079373124,0.0,E_trailing
2021-10-21,-0.04322807017543861,100.0010727235558,-0.04320892827726075,E_trailing
2021-10-22,-0.021614035087719325,99.97945868846809,-0.06481339241587447,E_trailing
2021-10-23,0.0,99.97945868846809,-0.06481339241587447,E_trailing
2021-10-24,0.0,99.97945868846809,-0.06481339241587447,E_trailing
2021-10-25,0.0,99.97945868846809,-0.06481339241587447,E_trailing
2021-10-26,0.0,99.97945868846809,-0.06481339241587447,E_trailing
2021-10-27,0.0,99.97945868846809,-0.06481339241587447,E_trailing
2021-10-28,0.0,99.97945868846809,-0.06481339241587447,E_trailing
2021-10-29,0.0,99.97945868846809,-0.06481339241587447,E_trailing
2021-10-30,0.0,99.97945868846809,-0.06481339241587447,E_trailing
2021-10-31,0.0,99.97945868846809,-0.06481339241587447,E_trailing
2021-11-01,0.0,99.97945868846809,-0.06481339241587447,E_trailing
2021-11-02,0.0,99.97945868846809,-0.06481339241587447,E_trailing
2021-11-03,0.0,99.97945868846809,-0.06481339241587447,E_trailing
2021-11-04,0.0,99.97945868846809,-0.06481339241587447,E_trailing
2021-11-05,0.0,99.97945868846809,-0.06481339241587447,E_trailing
2021-11-06,0.0,99.97945868846809,-0.06481339241587447,E_trailing
2021-11-07,0.0,99.97945868846809,-0.06481339241587447,E_trailing
2021-11-08,0.0,99.97945868846809,-0.06481339241587447,E_trailing
2021-11-09,0.0,99.97945868846809,-0.06481339241587447,E_trailing
2021-11-10,0.0,99.97945868846809,-0.06481339241587447,E_trailing
2021-11-11,0.0,99.97945868846809,-0.06481339241587447,E_trailing
2021-11-12,0.0,99.97945868846809,-0.06481339241587447,E_trailing
2021-11-13,0.0,99.97945868846809,-0.06481339241587447,E_trailing
2021-11-14,0.0,99.97945868846809,-0.06481339241587447,E_trailing
2021-11-15,0.0,99.97945868846809,-0.06481339241587447,E_trailing
2021-11-16,0.0,99.97945868846809,-0.06481339241587447,E_trailing
2021-11-17,0.0,99.97945868846809,-0.06481339241587447,E_trailing
2021-11-18,0.0,99.97945868846809,-0.06481339241587447,E_trailing
2021-11-19,0.0,99.97945868846809,-0.06481339241587447,E_trailing
2021-11-20,0.0,99.97945868846809,-0.06481339241587447,E_trailing
2021-11-21,0.0,99.97945868846809,-0.06481339241587447,E_trailing
2021-11-22,0.0,99.97945868846809,-0.06481339241587447,E_trailing
2021-11-23,0.0,99.97945868846809,-0.06481339241587447,E_trailing
2021-11-24,0.0,99.97945868846809,-0.06481339241587447,E_trailing
2021-11-25,0.0,99.97945868846809,-0.06481339241587447,E_trailing
2021-11-26,0.0,99.97945868846809,-0.06481339241587447,E_trailing
2021-11-27,0.0,99.97945868846809,-0.06481339241587447,E_trailing
2021-11-28,0.0,99.97945868846809,-0.06481339241587447,E_trailing
2021-11-29,0.0,99.97945868846809,-0.06481339241587447,E_trailing
2021-11-30,0.0,99.97945868846809,-0.06481339241587447,E_trailing
2021-12-01,0.0,99.97945868846809,-0.06481339241587447,E_trailing
2021-12-02,0.0,99.97945868846809,-0.06481339241587447,E_trailing
2021-12-03,0.0,99.97945868846809,-0.06481339241587447,E_trailing
2021-12-04,0.0,99.97945868846809,-0.06481339241587447,E_trailing
2021-12-05,0.0,99.97945868846809,-0.06481339241587447,E_trailing
2021-12-06,0.0,99.97945868846809,-0.06481339241587447,E_trailing
2021-12-07,0.0,99.97945868846809,-0.06481339241587447,E_trailing
2021-12-08,0.0,99.97945868846809,-0.06481339241587447,E_trailing
2021-12-09,0.0,99.97945868846809,-0.06481339241587447,E_trailing
2021-12-10,0.0,99.97945868846809,-0.06481339241587447,E_trailing
2021-12-11,0.0,99.97945868846809,-0.06481339241587447,E_trailing
2021-12-12,0.0,99.97945868846809,-0.06481339241587447,E_trailing
2021-12-13,0.0,99.97945868846809,-0.06481339241587447,E_trailing
2021-12-14,0.0,99.97945868846809,-0.06481339241587447,E_trailing
2021-12-15,0.0,99.97945868846809,-0.06481339241587447,E_trailing
2021-12-16,0.0,99.97945868846809,-0.06481339241587447,E_trailing
2021-12-17,0.0,99.97945868846809,-0.06481339241587447,E_trailing
2021-12-18,0.0,99.97945868846809,-0.06481339241587447,E_trailing
2021-12-19,0.0,99.97945868846809,-0.06481339241587447,E_trailing
2021-12-20,0.0,99.97945868846809,-0.06481339241587447,E_trailing
2021-12-21,0.0,99.97945868846809,-0.06481339241587447,E_trailing
2021-12-22,0.0,99.97945868846809,-0.06481339241587447,E_trailing
2021-12-23,0.0,99.97945868846809,-0.06481339241587447,E_trailing
2021-12-24,0.0,99.97945868846809,-0.06481339241587447,E_trailing
2021-12-25,0.0,99.97945868846809,-0.06481339241587447,E_trailing
2021-12-26,0.0,99.97945868846809,-0.06481339241587447,E_trailing
2021-12-27,0.0,99.97945868846809,-0.06481339241587447,E_trailing
2021-12-28,0.0,99.97945868846809,-0.06481339241587447,E_trailing
2021-12-29,0.0,99.97945868846809,-0.06481339241587447,E_trailing
2021-12-30,0.0,99.97945868846809,-0.06481339241587447,E_trailing
2021-12-31,0.0,99.97945868846809,-0.06481339241587447,E_trailing
2022-01-01,0.0,99.97945868846809,-0.06481339241587447,E_trailing
2022-01-02,0.0,99.97945868846809,-0.06481339241587447,E_trailing
2022-01-03,0.0,99.97945868846809,-0.06481339241587447,E_trailing
2022-01-04,0.0005788948920021063,99.98003758336009,-0.06423475386533317,E_trailing
2022-01-05,0.0,99.98003758336009,-0.06423475386533317,E_trailing
2022-01-06,0.0,99.98003758336009,-0.06423475386533317,E_trailing
2022-01-07,0.0,99.98003758336009,-0.06423475386533317,E_trailing
2022-01-08,0.0,99.98003758336009,-0.06423475386533317,E_trailing
2022-01-09,0.0,99.98003758336009,-0.06423475386533317,E_trailing
2022-01-10,0.0012378940567926702,99.98127547741687,-0.06299740796260611,E_trailing
2022-01-11,0.0029540316641909273,99.98422950908106,-0.060044684378401936,E_trailing
2022-01-12,0.0,99.98422950908106,-0.060044684378401936,E_trailing
2022-01-13,0.0016782941521314425,99.9859078032332,-0.058367133394665593,E_trailing
2022-01-14,0.0,99.9859078032332,-0.058367133394665593,E_trailing
2022-01-15,0.0,99.9859078032332,-0.058367133394665593,E_trailing
2022-01-16,0.0,99.9859078032332,-0.058367133394665593,E_trailing
2022-01-17,0.0030783033293863785,99.98898610656258,-0.0552901931742289,E_trailing
2022-01-18,0.0344055718902706,100.02339167845285,-0.020899856476075396,E_trailing
2022-01-19,0.003719244305999392,100.02711092275885,-0.017182259095227526,E_trailing
2022-01-20,0.0,100.02711092275885,-0.017182259095227526,E_trailing
2022-01-21,-0.04322807017543864,99.98388285258342,-0.06039118737246607,E_trailing
2022-01-22,0.0,99.98388285258342,-0.06039118737246607,E_trailing
2022-01-23,0.0,99.98388285258342,-0.06039118737246607,E_trailing
2022-01-24,-0.04322807017543863,99.94065478240798,-0.10360011564972682,E_trailing
2022-01-25,-0.04322807017543863,99.89742671223254,-0.14680904392696537,E_trailing
2022-01-26,0.0,99.89742671223254,-0.14680904392696537,E_trailing
2022-01-27,0.0,99.89742671223254,-0.14680904392696537,E_trailing
2022-01-28,0.0,99.89742671223254,-0.14680904392696537,E_trailing
2022-01-29,0.0,99.89742671223254,-0.14680904392696537,E_trailing
2022-01-30,0.0,99.89742671223254,-0.14680904392696537,E_trailing
2022-01-31,0.0,99.89742671223254,-0.14680904392696537,E_trailing
2022-02-01,0.0,99.89742671223254,-0.14680904392696537,E_trailing
2022-02-02,0.0,99.89742671223254,-0.14680904392696537,E_trailing
2022-02-03,0.0,99.89742671223254,-0.14680904392696537,E_trailing
2022-02-04,0.0,99.89742671223254,-0.14680904392696537,E_trailing
2022-02-05,0.0,99.89742671223254,-0.14680904392696537,E_trailing
2022-02-06,0.0,99.89742671223254,-0.14680904392696537,E_trailing
2022-02-07,0.0,99.89742671223254,-0.14680904392696537,E_trailing
2022-02-08,0.0,99.89742671223254,-0.14680904392696537,E_trailing
2022-02-09,0.0,99.89742671223254,-0.14680904392696537,E_trailing
2022-02-10,0.0,99.89742671223254,-0.14680904392696537,E_trailing
2022-02-11,0.0,99.89742671223254,-0.14680904392696537,E_trailing
2022-02-12,0.0,99.89742671223254,-0.14680904392696537,E_trailing
2022-02-13,0.0,99.89742671223254,-0.14680904392696537,E_trailing
2022-02-14,0.0,99.89742671223254,-0.14680904392696537,E_trailing
2022-02-15,0.0,99.89742671223254,-0.14680904392696537,E_trailing
2022-02-16,0.0,99.89742671223254,-0.14680904392696537,E_trailing
2022-02-17,0.0,99.89742671223254,-0.14680904392696537,E_trailing
2022-02-18,0.0,99.89742671223254,-0.14680904392696537,E_trailing
2022-02-19,0.0,99.89742671223254,-0.14680904392696537,E_trailing
2022-02-20,0.0,99.89742671223254,-0.14680904392696537,E_trailing
2022-02-21,0.0,99.89742671223254,-0.14680904392696537,E_trailing
2022-02-22,0.0,99.89742671223254,-0.14680904392696537,E_trailing
2022-02-23,0.0,99.89742671223254,-0.14680904392696537,E_trailing
2022-02-24,0.0,99.89742671223254,-0.14680904392696537,E_trailing
2022-02-25,0.0,99.89742671223254,-0.14680904392696537,E_trailing
2022-02-26,0.0,99.89742671223254,-0.14680904392696537,E_trailing
2022-02-27,0.0,99.89742671223254,-0.14680904392696537,E_trailing
2022-02-28,0.0,99.89742671223254,-0.14680904392696537,E_trailing
2022-03-01,0.0,99.89742671223254,-0.14680904392696537,E_trailing
2022-03-02,0.0,99.89742671223254,-0.14680904392696537,E_trailing
2022-03-03,0.0,99.89742671223254,-0.14680904392696537,E_trailing
2022-03-04,0.0,99.89742671223254,-0.14680904392696537,E_trailing
2022-03-05,0.0,99.89742671223254,-0.14680904392696537,E_trailing
2022-03-06,0.0,99.89742671223254,-0.14680904392696537,E_trailing
2022-03-07,0.0,99.89742671223254,-0.14680904392696537,E_trailing
2022-03-08,0.0,99.89742671223254,-0.14680904392696537,E_trailing
2022-03-09,0.0,99.89742671223254,-0.14680904392696537,E_trailing
2022-03-10,0.0,99.89742671223254,-0.14680904392696537,E_trailing
2022-03-11,0.0,99.89742671223254,-0.14680904392696537,E_trailing
2022-03-12,0.0,99.89742671223254,-0.14680904392696537,E_trailing
2022-03-13,0.0,99.89742671223254,-0.14680904392696537,E_trailing
2022-03-14,0.0,99.89742671223254,-0.14680904392696537,E_trailing
2022-03-15,0.0,99.89742671223254,-0.14680904392696537,E_trailing
2022-03-16,0.0,99.89742671223254,-0.14680904392696537,E_trailing
2022-03-17,0.0,99.89742671223254,-0.14680904392696537,E_trailing
2022-03-18,0.0,99.89742671223254,-0.14680904392696537,E_trailing
2022-03-19,0.0,99.89742671223254,-0.14680904392696537,E_trailing
2022-03-20,0.0,99.89742671223254,-0.14680904392696537,E_trailing
2022-03-21,0.0,99.89742671223254,-0.14680904392696537,E_trailing
2022-03-22,0.0,99.89742671223254,-0.14680904392696537,E_trailing
2022-03-23,0.0,99.89742671223254,-0.14680904392696537,E_trailing
2022-03-24,0.0,99.89742671223254,-0.14680904392696537,E_trailing
2022-03-25,0.0,99.89742671223254,-0.14680904392696537,E_trailing
2022-03-26,0.0,99.89742671223254,-0.14680904392696537,E_trailing
2022-03-27,0.0,99.89742671223254,-0.14680904392696537,E_trailing
2022-03-28,0.0,99.89742671223254,-0.14680904392696537,E_trailing
2022-03-29,0.0,99.89742671223254,-0.14680904392696537,E_trailing
2022-03-30,0.0,99.89742671223254,-0.14680904392696537,E_trailing
2022-03-31,0.0,99.89742671223254,-0.14680904392696537,E_trailing
2022-04-01,0.0,99.89742671223254,-0.14680904392696537,E_trailing
2022-04-02,0.0,99.89742671223254,-0.14680904392696537,E_trailing
2022-04-03,0.0,99.89742671223254,-0.14680904392696537,E_trailing
2022-04-04,0.0,99.89742671223254,-0.14680904392696537,E_trailing
2022-04-05,0.0,99.89742671223254,-0.14680904392696537,E_trailing
2022-04-06,0.0,99.89742671223254,-0.14680904392696537,E_trailing
2022-04-07,0.0,99.89742671223254,-0.14680904392696537,E_trailing
2022-04-08,0.0005261383209287455,99.89795285055347,-0.1462831385862895,E_trailing
2022-04-09,0.0,99.89795285055347,-0.1462831385862895,E_trailing
2022-04-10,0.0,99.89795285055347,-0.1462831385862895,E_trailing
2022-04-11,0.0025708839525474835,99.90052373450601,-0.1437133930514145,E_trailing
2022-04-12,-0.020765415145776605,99.87975831936023,-0.16446961302698515,E_trailing
2022-04-13,0.0,99.87975831936023,-0.16446961302698515,E_trailing
2022-04-14,0.0,99.87975831936023,-0.16446961302698515,E_trailing
2022-04-15,0.0,99.87975831936023,-0.16446961302698515,E_trailing
2022-04-16,0.0,99.87975831936023,-0.16446961302698515,E_trailing
2022-04-17,0.0,99.87975831936023,-0.16446961302698515,E_trailing
2022-04-18,-0.04322807017543863,99.8365302491848,-0.2076785413042237,E_trailing
2022-04-19,-0.04106296835345946,99.79546728083133,-0.24872332649207296,E_trailing
2022-04-20,0.0,99.79546728083133,-0.24872332649207296,E_trailing
2022-04-21,0.0006866247619165985,99.79615390559326,-0.24803700577566978,E_trailing
2022-04-22,0.0,99.79615390559326,-0.24803700577566978,E_trailing
2022-04-23,0.0,99.79615390559326,-0.24803700577566978,E_trailing
2022-04-24,0.0,99.79615390559326,-0.24803700577566978,E_trailing
2022-04-25,0.008692191400344516,99.8048460969936,-0.23934866337997907,E_trailing
2022-04-26,0.0,99.8048460969936,-0.23934866337997907,E_trailing
2022-04-27,0.0,99.8048460969936,-0.23934866337997907,E_trailing
2022-04-28,0.005913297036327877,99.81075939402993,-0.23343798482116096,E_trailing
2022-04-29,-0.0024874326597896183,99.80827196137014,-0.23592431601650032,E_trailing
2022-04-30,0.0,99.80827196137014,-0.23592431601650032,E_trailing
2022-05-01,0.0,99.80827196137014,-0.23592431601650032,E_trailing
2022-05-02,0.0,99.80827196137014,-0.23592431601650032,E_trailing
2022-05-03,0.0,99.80827196137014,-0.23592431601650032,E_trailing
2022-05-04,0.0,99.80827196137014,-0.23592431601650032,E_trailing
2022-05-05,0.0,99.80827196137014,-0.23592431601650032,E_trailing
2022-05-06,0.0,99.80827196137014,-0.23592431601650032,E_trailing
2022-05-07,0.0,99.80827196137014,-0.23592431601650032,E_trailing
2022-05-08,0.0,99.80827196137014,-0.23592431601650032,E_trailing
2022-05-09,0.0,99.80827196137014,-0.23592431601650032,E_trailing
2022-05-10,0.0,99.80827196137014,-0.23592431601650032,E_trailing
2022-05-11,0.0,99.80827196137014,-0.23592431601650032,E_trailing
2022-05-12,0.0,99.80827196137014,-0.23592431601650032,E_trailing
2022-05-13,0.0,99.80827196137014,-0.23592431601650032,E_trailing
2022-05-14,0.0,99.80827196137014,-0.23592431601650032,E_trailing
2022-05-15,0.0,99.80827196137014,-0.23592431601650032,E_trailing
2022-05-16,0.0,99.80827196137014,-0.23592431601650032,E_trailing
2022-05-17,0.0,99.80827196137014,-0.23592431601650032,E_trailing
2022-05-18,0.0,99.80827196137014,-0.23592431601650032,E_trailing
2022-05-19,0.0,99.80827196137014,-0.23592431601650032,E_trailing
2022-05-20,0.0,99.80827196137014,-0.23592431601650032,E_trailing
2022-05-21,0.0,99.80827196137014,-0.23592431601650032,E_trailing
2022-05-22,0.0,99.80827196137014,-0.23592431601650032,E_trailing
2022-05-23,0.0,99.80827196137014,-0.23592431601650032,E_trailing
2022-05-24,0.0,99.80827196137014,-0.23592431601650032,E_trailing
2022-05-25,0.0,99.80827196137014,-0.23592431601650032,E_trailing
2022-05-26,0.0,99.80827196137014,-0.23592431601650032,E_trailing
2022-05-27,0.0,99.80827196137014,-0.23592431601650032,E_trailing
2022-05-28,0.0,99.80827196137014,-0.23592431601650032,E_trailing
2022-05-29,0.0,99.80827196137014,-0.23592431601650032,E_trailing
2022-05-30,0.0,99.80827196137014,-0.23592431601650032,E_trailing
2022-05-31,0.0,99.80827196137014,-0.23592431601650032,E_trailing
2022-06-01,0.0,99.80827196137014,-0.23592431601650032,E_trailing
2022-06-02,0.0,99.80827196137014,-0.23592431601650032,E_trailing
2022-06-03,0.0,99.80827196137014,-0.23592431601650032,E_trailing
2022-06-04,0.0,99.80827196137014,-0.23592431601650032,E_trailing
2022-06-05,0.0,99.80827196137014,-0.23592431601650032,E_trailing
2022-06-06,0.0,99.80827196137014,-0.23592431601650032,E_trailing
2022-06-07,0.0,99.80827196137014,-0.23592431601650032,E_trailing
2022-06-08,0.0,99.80827196137014,-0.23592431601650032,E_trailing
2022-06-09,0.0,99.80827196137014,-0.23592431601650032,E_trailing
2022-06-10,0.0,99.80827196137014,-0.23592431601650032,E_trailing
2022-06-11,0.0,99.80827196137014,-0.23592431601650032,E_trailing
2022-06-12,0.0,99.80827196137014,-0.23592431601650032,E_trailing
2022-06-13,-0.02161403508771931,99.78665792628242,-0.25752878015512515,E_trailing
2022-06-14,0.0,99.78665792628242,-0.25752878015512515,E_trailing
2022-06-15,0.0,99.78665792628242,-0.25752878015512515,E_trailing
2022-06-16,0.0,99.78665792628242,-0.25752878015512515,E_trailing
2022-06-17,0.0,99.78665792628242,-0.25752878015512515,E_trailing
2022-06-18,0.0,99.78665792628242,-0.25752878015512515,E_trailing
2022-06-19,0.0,99.78665792628242,-0.25752878015512515,E_trailing
2022-06-20,0.0,99.78665792628242,-0.25752878015512515,E_trailing
2022-06-21,0.0,99.78665792628242,-0.25752878015512515,E_trailing
2022-06-22,0.0,99.78665792628242,-0.25752878015512515,E_trailing
2022-06-23,0.0,99.78665792628242,-0.25752878015512515,E_trailing
2022-06-24,0.0,99.78665792628242,-0.25752878015512515,E_trailing
2022-06-25,0.0,99.78665792628242,-0.25752878015512515,E_trailing
2022-06-26,0.0,99.78665792628242,-0.25752878015512515,E_trailing
2022-06-27,0.0,99.78665792628242,-0.25752878015512515,E_trailing
2022-06-28,0.0,99.78665792628242,-0.25752878015512515,E_trailing
2022-06-29,0.0,99.78665792628242,-0.25752878015512515,E_trailing
2022-06-30,0.0,99.78665792628242,-0.25752878015512515,E_trailing
2022-07-01,0.0,99.78665792628242,-0.25752878015512515,E_trailing
2022-07-02,0.0,99.78665792628242,-0.25752878015512515,E_trailing
2022-07-03,0.0,99.78665792628242,-0.25752878015512515,E_trailing
2022-07-04,0.0,99.78665792628242,-0.25752878015512515,E_trailing
2022-07-05,0.0,99.78665792628242,-0.25752878015512515,E_trailing
2022-07-06,-0.0037589166301175733,99.7828990096523,-0.26128603229272906,E_trailing
2022-07-07,0.00029007194472537284,99.78318908159703,-0.26099608879526226,E_trailing
2022-07-08,0.006121988306099433,99.78931106990312,-0.2548768113776356,E_trailing
2022-07-09,0.0,99.78931106990312,-0.2548768113776356,E_trailing
2022-07-10,0.0,99.78931106990312,-0.2548768113776356,E_trailing
2022-07-11,0.0050061118946873534,99.79431718179781,-0.24987291624821717,E_trailing
2022-07-12,0.0,99.79431718179781,-0.24987291624821717,E_trailing
2022-07-13,-0.043807380149787634,99.75050980164802,-0.29366089797453476,E_trailing
2022-07-14,0.01038154284376846,99.7608913444918,-0.2832839522001085,E_trailing
2022-07-15,0.0,99.7608913444918,-0.2832839522001085,E_trailing
2022-07-16,0.0,99.7608913444918,-0.2832839522001085,E_trailing
2022-07-17,0.0,99.7608913444918,-0.2832839522001085,E_trailing
2022-07-18,0.0,99.7608913444918,-0.2832839522001085,E_trailing
2022-07-19,-0.0002935058868785126,99.76059783860491,-0.2835773281191334,E_trailing
2022-07-20,0.012436592256575512,99.77303443086149,-0.2711462429319633,E_trailing
2022-07-21,0.0,99.77303443086149,-0.2711462429319633,E_trailing
2022-07-22,0.0,99.77303443086149,-0.2711462429319633,E_trailing
2022-07-23,0.0,99.77303443086149,-0.2711462429319633,E_trailing
2022-07-24,0.0,99.77303443086149,-0.2711462429319633,E_trailing
2022-07-25,0.0005490423634205565,99.77358347322492,-0.2705974436909453,E_trailing
2022-07-26,0.0,99.77358347322492,-0.2705974436909453,E_trailing
2022-07-27,0.00597247504726731,99.77955594827218,-0.26462761332592954,E_trailing
2022-07-28,0.0,99.77955594827218,-0.26462761332592954,E_trailing
2022-07-29,0.0,99.77955594827218,-0.26462761332592954,E_trailing
2022-07-30,0.0,99.77955594827218,-0.26462761332592954,E_trailing
2022-07-31,0.0,99.77955594827218,-0.26462761332592954,E_trailing
2022-08-01,0.05104131221482922,99.83059726048701,-0.21360890280480715,E_trailing
2022-08-02,0.0,99.83059726048701,-0.21360890280480715,E_trailing
2022-08-03,0.0,99.83059726048701,-0.21360890280480715,E_trailing
2022-08-04,0.0,99.83059726048701,-0.21360890280480715,E_trailing
2022-08-05,0.0,99.83059726048701,-0.21360890280480715,E_trailing
2022-08-06,0.0,99.83059726048701,-0.21360890280480715,E_trailing
2022-08-07,0.0,99.83059726048701,-0.21360890280480715,E_trailing
2022-08-08,0.0,99.83059726048701,-0.21360890280480715,E_trailing
2022-08-09,0.0,99.83059726048701,-0.21360890280480715,E_trailing
2022-08-10,0.0,99.83059726048701,-0.21360890280480715,E_trailing
2022-08-11,0.0,99.83059726048701,-0.21360890280480715,E_trailing
2022-08-12,0.0,99.83059726048701,-0.21360890280480715,E_trailing
2022-08-13,0.0,99.83059726048701,-0.21360890280480715,E_trailing
2022-08-14,0.0,99.83059726048701,-0.21360890280480715,E_trailing
2022-08-15,0.0,99.83059726048701,-0.21360890280480715,E_trailing
2022-08-16,0.0,99.83059726048701,-0.21360890280480715,E_trailing
2022-08-17,0.0,99.83059726048701,-0.21360890280480715,E_trailing
2022-08-18,0.0,99.83059726048701,-0.21360890280480715,E_trailing
2022-08-19,0.0,99.83059726048701,-0.21360890280480715,E_trailing
2022-08-20,0.0,99.83059726048701,-0.21360890280480715,E_trailing
2022-08-21,0.0,99.83059726048701,-0.21360890280480715,E_trailing
2022-08-22,0.0,99.83059726048701,-0.21360890280480715,E_trailing
2022-08-23,0.0,99.83059726048701,-0.21360890280480715,E_trailing
2022-08-24,0.0,99.83059726048701,-0.21360890280480715,E_trailing
2022-08-25,0.0,99.83059726048701,-0.21360890280480715,E_trailing
2022-08-26,0.0,99.83059726048701,-0.21360890280480715,E_trailing
2022-08-27,0.0,99.83059726048701,-0.21360890280480715,E_trailing
2022-08-28,0.0,99.83059726048701,-0.21360890280480715,E_trailing
2022-08-29,0.0,99.83059726048701,-0.21360890280480715,E_trailing
2022-08-30,0.0,99.83059726048701,-0.21360890280480715,E_trailing
2022-08-31,0.0,99.83059726048701,-0.21360890280480715,E_trailing
2022-09-01,0.0,99.83059726048701,-0.21360890280480715,E_trailing
2022-09-02,0.0,99.83059726048701,-0.21360890280480715,E_trailing
2022-09-03,0.0,99.83059726048701,-0.21360890280480715,E_trailing
2022-09-04,0.0,99.83059726048701,-0.21360890280480715,E_trailing
2022-09-05,0.0,99.83059726048701,-0.21360890280480715,E_trailing
2022-09-06,0.0,99.83059726048701,-0.21360890280480715,E_trailing
2022-09-07,0.0,99.83059726048701,-0.21360890280480715,E_trailing
2022-09-08,0.0,99.83059726048701,-0.21360890280480715,E_trailing
2022-09-09,0.0,99.83059726048701,-0.21360890280480715,E_trailing
2022-09-10,0.0,99.83059726048701,-0.21360890280480715,E_trailing
2022-09-11,0.0,99.83059726048701,-0.21360890280480715,E_trailing
2022-09-12,0.0,99.83059726048701,-0.21360890280480715,E_trailing
2022-09-13,0.0,99.83059726048701,-0.21360890280480715,E_trailing
2022-09-14,0.0,99.83059726048701,-0.21360890280480715,E_trailing
2022-09-15,0.0,99.83059726048701,-0.21360890280480715,E_trailing
2022-09-16,0.0,99.83059726048701,-0.21360890280480715,E_trailing
2022-09-17,0.0,99.83059726048701,-0.21360890280480715,E_trailing
2022-09-18,0.0,99.83059726048701,-0.21360890280480715,E_trailing
2022-09-19,0.0,99.83059726048701,-0.21360890280480715,E_trailing
2022-09-20,0.0,99.83059726048701,-0.21360890280480715,E_trailing
2022-09-21,0.0,99.83059726048701,-0.21360890280480715,E_trailing
2022-09-22,0.0,99.83059726048701,-0.21360890280480715,E_trailing
2022-09-23,0.0,99.83059726048701,-0.21360890280480715,E_trailing
2022-09-24,0.0,99.83059726048701,-0.21360890280480715,E_trailing
2022-09-25,0.0,99.83059726048701,-0.21360890280480715,E_trailing
2022-09-26,0.0,99.83059726048701,-0.21360890280480715,E_trailing
2022-09-27,0.0,99.83059726048701,-0.21360890280480715,E_trailing
2022-09-28,0.0,99.83059726048701,-0.21360890280480715,E_trailing
2022-09-29,0.0,99.83059726048701,-0.21360890280480715,E_trailing
2022-09-30,0.0,99.83059726048701,-0.21360890280480715,E_trailing
2022-10-01,0.0,99.83059726048701,-0.21360890280480715,E_trailing
2022-10-02,0.0,99.83059726048701,-0.21360890280480715,E_trailing
2022-10-03,0.0,99.83059726048701,-0.21360890280480715,E_trailing
2022-10-04,0.0,99.83059726048701,-0.21360890280480715,E_trailing
2022-10-05,0.0,99.83059726048701,-0.21360890280480715,E_trailing
2022-10-06,0.0,99.83059726048701,-0.21360890280480715,E_trailing
2022-10-07,0.0,99.83059726048701,-0.21360890280480715,E_trailing
2022-10-08,0.0,99.83059726048701,-0.21360890280480715,E_trailing
2022-10-09,0.0,99.83059726048701,-0.21360890280480715,E_trailing
2022-10-10,-0.0010487329434697578,99.82954852754354,-0.21465717135699114,E_trailing
2022-10-11,0.0,99.82954852754354,-0.21465717135699114,E_trailing
2022-10-12,0.0,99.82954852754354,-0.21465717135699114,E_trailing
2022-10-13,0.0,99.82954852754354,-0.21465717135699114,E_trailing
2022-10-14,0.0,99.82954852754354,-0.21465717135699114,E_trailing
2022-10-15,0.0,99.82954852754354,-0.21465717135699114,E_trailing
2022-10-16,0.0,99.82954852754354,-0.21465717135699114,E_trailing
2022-10-17,0.012118830018556848,99.8416673575621,-0.20254370769897667,E_trailing
2022-10-18,0.0,99.8416673575621,-0.20254370769897667,E_trailing
2022-10-19,0.0,99.8416673575621,-0.20254370769897667,E_trailing
2022-10-20,-0.021991263488465505,99.81967609407363,-0.22452523319718143,E_trailing
2022-10-21,-0.02161403508771935,99.7980620589859,-0.24612969733580625,E_trailing
2022-10-22,0.0,99.7980620589859,-0.24612969733580625,E_trailing
2022-10-23,0.0,99.7980620589859,-0.24612969733580625,E_trailing
2022-10-24,0.018216455688156802,99.81627851467407,-0.2279213081085918,E_trailing
2022-10-25,0.0,99.81627851467407,-0.2279213081085918,E_trailing
2022-10-26,0.0,99.81627851467407,-0.2279213081085918,E_trailing
2022-10-27,0.004620679855904688,99.82089919452997,-0.22330267434410578,E_trailing
2022-10-28,0.0,99.82089919452997,-0.22330267434410578,E_trailing
2022-10-29,0.0,99.82089919452997,-0.22330267434410578,E_trailing
2022-10-30,0.0,99.82089919452997,-0.22330267434410578,E_trailing
2022-10-31,0.008225257602095314,99.82912445213206,-0.21508105898288,E_trailing
2022-11-01,0.0,99.82912445213206,-0.21508105898288,E_trailing
2022-11-02,0.009661196238610639,99.83878564837067,-0.20542414083566385,E_trailing
2022-11-03,-0.03515615198082277,99.80362949638986,-0.2405647252586518,E_trailing
2022-11-04,0.0257338428037306,99.82936333919359,-0.21484227770335318,E_trailing
2022-11-05,0.0,99.82936333919359,-0.21484227770335318,E_trailing
2022-11-06,0.0,99.82936333919359,-0.21484227770335318,E_trailing
2022-11-07,0.0021740856531542074,99.83153742484674,-0.21266915476091386,E_trailing
2022-11-08,0.0,99.83153742484674,-0.21266915476091386,E_trailing
2022-11-09,0.0,99.83153742484674,-0.21266915476091386,E_trailing
2022-11-10,0.0,99.83153742484674,-0.21266915476091386,E_trailing
2022-11-11,0.0,99.83153742484674,-0.21266915476091386,E_trailing
2022-11-12,0.0,99.83153742484674,-0.21266915476091386,E_trailing
2022-11-13,0.0,99.83153742484674,-0.21266915476091386,E_trailing
2022-11-14,0.01677005755258571,99.84830748239932,-0.1959065231871726,E_trailing
2022-11-15,0.0,99.84830748239932,-0.1959065231871726,E_trailing
2022-11-16,0.0,99.84830748239932,-0.1959065231871726,E_trailing
2022-11-17,0.0,99.84830748239932,-0.1959065231871726,E_trailing
2022-11-18,0.0,99.84830748239932,-0.1959065231871726,E_trailing
2022-11-19,0.0,99.84830748239932,-0.1959065231871726,E_trailing
2022-11-20,0.0,99.84830748239932,-0.1959065231871726,E_trailing
2022-11-21,0.0,99.84830748239932,-0.1959065231871726,E_trailing
2022-11-22,0.0,99.84830748239932,-0.1959065231871726,E_trailing
2022-11-23,0.0,99.84830748239932,-0.1959065231871726,E_trailing
2022-11-24,0.013484088278516914,99.86179157067784,-0.182428405821633,E_trailing
2022-11-25,0.0,99.86179157067784,-0.182428405821633,E_trailing
2022-11-26,0.0,99.86179157067784,-0.182428405821633,E_trailing
2022-11-27,0.0,99.86179157067784,-0.182428405821633,E_trailing
2022-11-28,0.0,99.86179157067784,-0.182428405821633,E_trailing
2022-11-29,0.0,99.86179157067784,-0.182428405821633,E_trailing
2022-11-30,0.0,99.86179157067784,-0.182428405821633,E_trailing
2022-12-01,0.0,99.86179157067784,-0.182428405821633,E_trailing
2022-12-02,0.0,99.86179157067784,-0.182428405821633,E_trailing
2022-12-03,0.0,99.86179157067784,-0.182428405821633,E_trailing
2022-12-04,0.0,99.86179157067784,-0.182428405821633,E_trailing
2022-12-05,0.004877812348041302,99.86666938302588,-0.17755275342630217,E_trailing
2022-12-06,0.0,99.86666938302588,-0.17755275342630217,E_trailing
2022-12-07,0.0,99.86666938302588,-0.17755275342630217,E_trailing
2022-12-08,0.0,99.86666938302588,-0.17755275342630217,E_trailing
2022-12-09,0.0,99.86666938302588,-0.17755275342630217,E_trailing
2022-12-10,0.0,99.86666938302588,-0.17755275342630217,E_trailing
2022-12-11,0.0,99.86666938302588,-0.17755275342630217,E_trailing
2022-12-12,0.0,99.86666938302588,-0.17755275342630217,E_trailing
2022-12-13,0.0,99.86666938302588,-0.17755275342630217,E_trailing
2022-12-14,0.0,99.86666938302588,-0.17755275342630217,E_trailing
2022-12-15,0.0,99.86666938302588,-0.17755275342630217,E_trailing
2022-12-16,0.0,99.86666938302588,-0.17755275342630217,E_trailing
2022-12-17,0.0,99.86666938302588,-0.17755275342630217,E_trailing
2022-12-18,0.0,99.86666938302588,-0.17755275342630217,E_trailing
2022-12-19,0.0,99.86666938302588,-0.17755275342630217,E_trailing
2022-12-20,0.0,99.86666938302588,-0.17755275342630217,E_trailing
2022-12-21,0.0,99.86666938302588,-0.17755275342630217,E_trailing
2022-12-22,0.0,99.86666938302588,-0.17755275342630217,E_trailing
2022-12-23,0.0,99.86666938302588,-0.17755275342630217,E_trailing
2022-12-24,0.0,99.86666938302588,-0.17755275342630217,E_trailing
2022-12-25,0.0,99.86666938302588,-0.17755275342630217,E_trailing
2022-12-26,0.0,99.86666938302588,-0.17755275342630217,E_trailing
2022-12-27,0.0,99.86666938302588,-0.17755275342630217,E_trailing
2022-12-28,0.0,99.86666938302588,-0.17755275342630217,E_trailing
2022-12-29,0.0,99.86666938302588,-0.17755275342630217,E_trailing
2022-12-30,0.0,99.86666938302588,-0.17755275342630217,E_trailing
2022-12-31,0.0,99.86666938302588,-0.17755275342630217,E_trailing
2023-01-01,0.0,99.86666938302588,-0.17755275342630217,E_trailing
2023-01-02,0.0,99.86666938302588,-0.17755275342630217,E_trailing
2023-01-03,0.0,99.86666938302588,-0.17755275342630217,E_trailing
2023-01-04,0.0,99.86666938302588,-0.17755275342630217,E_trailing
2023-01-05,0.0,99.86666938302588,-0.17755275342630217,E_trailing
2023-01-06,0.0,99.86666938302588,-0.17755275342630217,E_trailing
2023-01-07,0.0,99.86666938302588,-0.17755275342630217,E_trailing
2023-01-08,0.0,99.86666938302588,-0.17755275342630217,E_trailing
2023-01-09,0.0011473412712394572,99.86781672429713,-0.17640592021126444,E_trailing
2023-01-10,0.0017823327162126454,99.86959905701333,-0.17462437673296805,E_trailing
2023-01-11,0.002945176808354415,99.87254423382169,-0.17168050408356006,E_trailing
2023-01-12,0.0,99.87254423382169,-0.17168050408356006,E_trailing
2023-01-13,0.0,99.87254423382169,-0.17168050408356006,E_trailing
2023-01-14,0.0,99.87254423382169,-0.17168050408356006,E_trailing
2023-01-15,0.0,99.87254423382169,-0.17168050408356006,E_trailing
2023-01-16,0.0,99.87254423382169,-0.17168050408356006,E_trailing
2023-01-17,0.008410007790077367,99.88095424161176,-0.16327422034391192,E_trailing
2023-01-18,0.0,99.88095424161176,-0.16327422034391192,E_trailing
2023-01-19,0.0,99.88095424161176,-0.16327422034391192,E_trailing
2023-01-20,-0.007436920981431458,99.87351732063034,-0.1707078481691937,E_trailing
2023-01-21,0.0,99.87351732063034,-0.1707078481691937,E_trailing
2023-01-22,0.0,99.87351732063034,-0.1707078481691937,E_trailing
2023-01-23,-0.018175535212515023,99.85534178541782,-0.18887533504082787,E_trailing
2023-01-24,0.0,99.85534178541782,-0.18887533504082787,E_trailing
2023-01-25,-0.015206494318075005,99.84013529109974,-0.20407509574427163,E_trailing
2023-01-26,0.0,99.84013529109974,-0.20407509574427163,E_trailing
2023-01-27,-0.0021617830697961277,99.83797350802995,-0.20623592155109005,E_trailing
2023-01-28,0.0,99.83797350802995,-0.20623592155109005,E_trailing
2023-01-29,0.0,99.83797350802995,-0.20623592155109005,E_trailing
2023-01-30,0.0,99.83797350802995,-0.20623592155109005,E_trailing
2023-01-31,0.009178438670596638,99.84715194670055,-0.19706154720113833,E_trailing
2023-02-01,0.0,99.84715194670055,-0.19706154720113833,E_trailing
2023-02-02,0.0,99.84715194670055,-0.19706154720113833,E_trailing
2023-02-03,0.0,99.84715194670055,-0.19706154720113833,E_trailing
2023-02-04,0.0,99.84715194670055,-0.19706154720113833,E_trailing
2023-02-05,0.0,99.84715194670055,-0.19706154720113833,E_trailing
2023-02-06,0.0,99.84715194670055,-0.19706154720113833,E_trailing
2023-02-07,0.0,99.84715194670055,-0.19706154720113833,E_trailing
2023-02-08,0.0031541548710709824,99.85030610157162,-0.19390878902696418,E_trailing
2023-02-09,0.0,99.85030610157162,-0.19390878902696418,E_trailing
2023-02-10,0.0,99.85030610157162,-0.19390878902696418,E_trailing
2023-02-11,0.0,99.85030610157162,-0.19390878902696418,E_trailing
2023-02-12,0.0,99.85030610157162,-0.19390878902696418,E_trailing
2023-02-13,0.0,99.85030610157162,-0.19390878902696418,E_trailing
2023-02-14,0.0,99.85030610157162,-0.19390878902696418,E_trailing
2023-02-15,0.0,99.85030610157162,-0.19390878902696418,E_trailing
2023-02-16,0.0,99.85030610157162,-0.19390878902696418,E_trailing
2023-02-17,0.0,99.85030610157162,-0.19390878902696418,E_trailing
2023-02-18,0.0,99.85030610157162,-0.19390878902696418,E_trailing
2023-02-19,0.0,99.85030610157162,-0.19390878902696418,E_trailing
2023-02-20,0.0,99.85030610157162,-0.19390878902696418,E_trailing
2023-02-21,0.0,99.85030610157162,-0.19390878902696418,E_trailing
2023-02-22,0.0,99.85030610157162,-0.19390878902696418,E_trailing
2023-02-23,0.0,99.85030610157162,-0.19390878902696418,E_trailing
2023-02-24,0.0,99.85030610157162,-0.19390878902696418,E_trailing
2023-02-25,0.0,99.85030610157162,-0.19390878902696418,E_trailing
2023-02-26,0.0,99.85030610157162,-0.19390878902696418,E_trailing
2023-02-27,0.0,99.85030610157162,-0.19390878902696418,E_trailing
2023-02-28,0.0,99.85030610157162,-0.19390878902696418,E_trailing
2023-03-01,0.0,99.85030610157162,-0.19390878902696418,E_trailing
2023-03-02,0.0,99.85030610157162,-0.19390878902696418,E_trailing
2023-03-03,0.0,99.85030610157162,-0.19390878902696418,E_trailing
2023-03-04,0.0,99.85030610157162,-0.19390878902696418,E_trailing
2023-03-05,0.0,99.85030610157162,-0.19390878902696418,E_trailing
2023-03-06,0.0,99.85030610157162,-0.19390878902696418,E_trailing
2023-03-07,0.0,99.85030610157162,-0.19390878902696418,E_trailing
2023-03-08,0.0,99.85030610157162,-0.19390878902696418,E_trailing
2023-03-09,0.0,99.85030610157162,-0.19390878902696418,E_trailing
2023-03-10,0.0,99.85030610157162,-0.19390878902696418,E_trailing
2023-03-11,0.0,99.85030610157162,-0.19390878902696418,E_trailing
2023-03-12,0.0,99.85030610157162,-0.19390878902696418,E_trailing
2023-03-13,0.0,99.85030610157162,-0.19390878902696418,E_trailing
2023-03-14,0.0,99.85030610157162,-0.19390878902696418,E_trailing
2023-03-15,0.0,99.85030610157162,-0.19390878902696418,E_trailing
2023-03-16,0.0,99.85030610157162,-0.19390878902696418,E_trailing
2023-03-17,0.0,99.85030610157162,-0.19390878902696418,E_trailing
2023-03-18,0.0,99.85030610157162,-0.19390878902696418,E_trailing
2023-03-19,0.0,99.85030610157162,-0.19390878902696418,E_trailing
2023-03-20,0.0,99.85030610157162,-0.19390878902696418,E_trailing
2023-03-21,0.0,99.85030610157162,-0.19390878902696418,E_trailing
2023-03-22,0.0,99.85030610157162,-0.19390878902696418,E_trailing
2023-03-23,0.0,99.85030610157162,-0.19390878902696418,E_trailing
2023-03-24,0.0,99.85030610157162,-0.19390878902696418,E_trailing
2023-03-25,0.0,99.85030610157162,-0.19390878902696418,E_trailing
2023-03-26,0.0,99.85030610157162,-0.19390878902696418,E_trailing
2023-03-27,0.0,99.85030610157162,-0.19390878902696418,E_trailing
2023-03-28,0.0,99.85030610157162,-0.19390878902696418,E_trailing
2023-03-29,0.0,99.85030610157162,-0.19390878902696418,E_trailing
2023-03-30,0.0,99.85030610157162,-0.19390878902696418,E_trailing
2023-03-31,0.0,99.85030610157162,-0.19390878902696418,E_trailing
2023-04-01,0.0,99.85030610157162,-0.19390878902696418,E_trailing
2023-04-02,0.0,99.85030610157162,-0.19390878902696418,E_trailing
2023-04-03,0.0,99.85030610157162,-0.19390878902696418,E_trailing
2023-04-04,0.0,99.85030610157162,-0.19390878902696418,E_trailing
2023-04-05,0.0,99.85030610157162,-0.19390878902696418,E_trailing
2023-04-06,0.0,99.85030610157162,-0.19390878902696418,E_trailing
2023-04-07,0.0,99.85030610157162,-0.19390878902696418,E_trailing
2023-04-08,0.0,99.85030610157162,-0.19390878902696418,E_trailing
2023-04-09,0.0,99.85030610157162,-0.19390878902696418,E_trailing
2023-04-10,0.0,99.85030610157162,-0.19390878902696418,E_trailing
2023-04-11,0.0,99.85030610157162,-0.19390878902696418,E_trailing
2023-04-12,0.0,99.85030610157162,-0.19390878902696418,E_trailing
2023-04-13,0.0,99.85030610157162,-0.19390878902696418,E_trailing
2023-04-14,0.0,99.85030610157162,-0.19390878902696418,E_trailing
2023-04-15,0.0,99.85030610157162,-0.19390878902696418,E_trailing
2023-04-16,0.0,99.85030610157162,-0.19390878902696418,E_trailing
2023-04-17,0.0017858327660750445,99.8520919343377,-0.19212374704865587,E_trailing
2023-04-18,0.00545096242260564,99.8575428967603,-0.1866751983763626,E_trailing
2023-04-19,0.0,99.8575428967603,-0.1866751983763626,E_trailing
2023-04-20,0.007828809421226471,99.86537170618152,-0.17884985564408096,E_trailing
2023-04-21,0.0,99.86537170618152,-0.17884985564408096,E_trailing
2023-04-22,0.0,99.86537170618152,-0.17884985564408096,E_trailing
2023-04-23,0.0,99.86537170618152,-0.17884985564408096,E_trailing
2023-04-24,-0.0006991062562065734,99.86467259992531,-0.17954865232781003,E_trailing
2023-04-25,0.0,99.86467259992531,-0.17954865232781003,E_trailing
2023-04-26,0.0034094088227249616,99.86808200874805,-0.17614075323142409,E_trailing
2023-04-27,0.0044222394237096434,99.87250424817175,-0.17172047202738128,E_trailing
2023-04-28,0.0,99.87250424817175,-0.17172047202738128,E_trailing
2023-04-29,0.0,99.87250424817175,-0.17172047202738128,E_trailing
2023-04-30,0.0,99.87250424817175,-0.17172047202738128,E_trailing
2023-05-01,0.0,99.87250424817175,-0.17172047202738128,E_trailing
2023-05-02,0.0,99.87250424817175,-0.17172047202738128,E_trailing
2023-05-03,0.00466967444548338,99.87717392261723,-0.1670528653686998,E_trailing
2023-05-04,0.0,99.87717392261723,-0.1670528653686998,E_trailing
2023-05-05,0.007202848048754697,99.884376770666,-0.15985320682581072,E_trailing
2023-05-06,0.0,99.884376770666,-0.15985320682581072,E_trailing
2023-05-07,0.0,99.884376770666,-0.15985320682581072,E_trailing
2023-05-08,0.0,99.884376770666,-0.15985320682581072,E_trailing
2023-05-09,-0.02161403508771932,99.86276273557827,-0.18145767096444665,E_trailing
2023-05-10,0.0,99.86276273557827,-0.18145767096444665,E_trailing
2023-05-11,0.03284228153590222,99.89560501711418,-0.1486299323772977,E_trailing
2023-05-12,0.0,99.89560501711418,-0.1486299323772977,E_trailing
2023-05-13,0.0,99.89560501711418,-0.1486299323772977,E_trailing
2023-05-14,0.0,99.89560501711418,-0.1486299323772977,E_trailing
2023-05-15,0.014666698619226188,99.9102717157334,-0.13396972834481824,E_trailing
2023-05-16,0.0,99.9102717157334,-0.13396972834481824,E_trailing
2023-05-17,0.016893058473664565,99.92716477420707,-0.11708415031624897,E_trailing
2023-05-18,0.0,99.92716477420707,-0.11708415031624897,E_trailing
2023-05-19,0.0,99.92716477420707,-0.11708415031624897,E_trailing
2023-05-20,0.0,99.92716477420707,-0.11708415031624897,E_trailing
2023-05-21,0.0,99.92716477420707,-0.11708415031624897,E_trailing
2023-05-22,0.0,99.92716477420707,-0.11708415031624897,E_trailing
2023-05-23,0.0,99.92716477420707,-0.11708415031624897,E_trailing
2023-05-24,0.0,99.92716477420707,-0.11708415031624897,E_trailing
2023-05-25,0.0,99.92716477420707,-0.11708415031624897,E_trailing
2023-05-26,0.0,99.92716477420707,-0.11708415031624897,E_trailing
2023-05-27,0.0,99.92716477420707,-0.11708415031624897,E_trailing
2023-05-28,0.0,99.92716477420707,-0.11708415031624897,E_trailing
2023-05-29,0.0,99.92716477420707,-0.11708415031624897,E_trailing
2023-05-30,0.0,99.92716477420707,-0.11708415031624897,E_trailing
2023-05-31,0.0,99.92716477420707,-0.11708415031624897,E_trailing
2023-06-01,0.0,99.92716477420707,-0.11708415031624897,E_trailing
2023-06-02,0.0,99.92716477420707,-0.11708415031624897,E_trailing
2023-06-03,0.0,99.92716477420707,-0.11708415031624897,E_trailing
2023-06-04,0.0,99.92716477420707,-0.11708415031624897,E_trailing
2023-06-05,0.0,99.92716477420707,-0.11708415031624897,E_trailing
2023-06-06,0.0,99.92716477420707,-0.11708415031624897,E_trailing
2023-06-07,0.0,99.92716477420707,-0.11708415031624897,E_trailing
2023-06-08,0.005326467476997363,99.93249124168406,-0.11176004146173923,E_trailing
2023-06-09,0.0,99.93249124168406,-0.11176004146173923,E_trailing
2023-06-10,0.0,99.93249124168406,-0.11176004146173923,E_trailing
2023-06-11,0.0,99.93249124168406,-0.11176004146173923,E_trailing
2023-06-12,0.0,99.93249124168406,-0.11176004146173923,E_trailing
2023-06-13,0.0,99.93249124168406,-0.11176004146173923,E_trailing
2023-06-14,0.0,99.93249124168406,-0.11176004146173923,E_trailing
2023-06-15,0.0,99.93249124168406,-0.11176004146173923,E_trailing
2023-06-16,0.0,99.93249124168406,-0.11176004146173923,E_trailing
2023-06-17,0.0,99.93249124168406,-0.11176004146173923,E_trailing
2023-06-18,0.0,99.93249124168406,-0.11176004146173923,E_trailing
2023-06-19,0.0,99.93249124168406,-0.11176004146173923,E_trailing
2023-06-20,0.0,99.93249124168406,-0.11176004146173923,E_trailing
2023-06-21,0.0,99.93249124168406,-0.11176004146173923,E_trailing
2023-06-22,0.0,99.93249124168406,-0.11176004146173923,E_trailing
2023-06-23,0.0,99.93249124168406,-0.11176004146173923,E_trailing
2023-06-24,0.0,99.93249124168406,-0.11176004146173923,E_trailing
2023-06-25,0.0,99.93249124168406,-0.11176004146173923,E_trailing
2023-06-26,0.0,99.93249124168406,-0.11176004146173923,E_trailing
2023-06-27,0.0,99.93249124168406,-0.11176004146173923,E_trailing
2023-06-28,0.0,99.93249124168406,-0.11176004146173923,E_trailing
2023-06-29,0.0,99.93249124168406,-0.11176004146173923,E_trailing
2023-06-30,0.0,99.93249124168406,-0.11176004146173923,E_trailing
2023-07-01,0.0,99.93249124168406,-0.11176004146173923,E_trailing
2023-07-02,0.0,99.93249124168406,-0.11176004146173923,E_trailing
2023-07-03,0.0,99.93249124168406,-0.11176004146173923,E_trailing
2023-07-04,0.0,99.93249124168406,-0.11176004146173923,E_trailing
2023-07-05,0.0,99.93249124168406,-0.11176004146173923,E_trailing
2023-07-06,0.0,99.93249124168406,-0.11176004146173923,E_trailing
2023-07-07,0.0,99.93249124168406,-0.11176004146173923,E_trailing
2023-07-08,0.0,99.93249124168406,-0.11176004146173923,E_trailing
2023-07-09,0.0,99.93249124168406,-0.11176004146173923,E_trailing
2023-07-10,0.0,99.93249124168406,-0.11176004146173923,E_trailing
2023-07-11,0.0,99.93249124168406,-0.11176004146173923,E_trailing
2023-07-12,0.0,99.93249124168406,-0.11176004146173923,E_trailing
2023-07-13,0.0016137324888072582,99.93410497417287,-0.1101470235526647,E_trailing
2023-07-14,0.0016209556844686513,99.93572592985734,-0.10852678564644558,E_trailing
2023-07-15,0.0,99.93572592985734,-0.10852678564644558,E_trailing
2023-07-16,0.0,99.93572592985734,-0.10852678564644558,E_trailing
2023-07-17,0.01031795823533909,99.94604388809267,-0.09821339632444248,E_trailing
2023-07-18,0.0,99.94604388809267,-0.09821339632444248,E_trailing
2023-07-19,0.0039144701903457285,99.94995835828303,-0.09430065950755129,E_trailing
2023-07-20,0.0,99.94995835828303,-0.09430065950755129,E_trailing
2023-07-21,0.0,99.94995835828303,-0.09430065950755129,E_trailing
2023-07-22,0.0,99.94995835828303,-0.09430065950755129,E_trailing
2023-07-23,0.0,99.94995835828303,-0.09430065950755129,E_trailing
2023-07-24,0.004150049101867219,99.9541084073849,-0.0901524480962701,E_trailing
2023-07-25,0.005694582043343653,99.95980298942824,-0.0844603876808625,E_trailing
2023-07-26,0.0,99.95980298942824,-0.0844603876808625,E_trailing
2023-07-27,0.01435152998776008,99.97415451941599,-0.0701152127194904,E_trailing
2023-07-28,0.007468786970038782,99.98162330638603,-0.0626497330162179,E_trailing
2023-07-29,0.0,99.98162330638603,-0.0626497330162179,E_trailing
2023-07-30,0.0,99.98162330638603,-0.0626497330162179,E_trailing
2023-07-31,0.0,99.98162330638603,-0.0626497330162179,E_trailing
2023-08-01,0.0,99.98162330638603,-0.0626497330162179,E_trailing
2023-08-02,0.0,99.98162330638603,-0.0626497330162179,E_trailing
2023-08-03,0.01124365488202812,99.99286696126806,-0.05141105695687376,E_trailing
2023-08-04,0.0,99.99286696126806,-0.05141105695687376,E_trailing
2023-08-05,0.0,99.99286696126806,-0.05141105695687376,E_trailing
2023-08-06,0.0,99.99286696126806,-0.05141105695687376,E_trailing
2023-08-07,0.0,99.99286696126806,-0.05141105695687376,E_trailing
2023-08-08,0.0,99.99286696126806,-0.05141105695687376,E_trailing
2023-08-09,0.011869039687827192,100.00473600095589,-0.03954727301950234,E_trailing
2023-08-10,0.0,100.00473600095589,-0.03954727301950234,E_trailing
2023-08-11,0.0,100.00473600095589,-0.03954727301950234,E_trailing
2023-08-12,0.0,100.00473600095589,-0.03954727301950234,E_trailing
2023-08-13,0.0,100.00473600095589,-0.03954727301950234,E_trailing
2023-08-14,0.0,100.00473600095589,-0.03954727301950234,E_trailing
2023-08-15,0.0,100.00473600095589,-0.03954727301950234,E_trailing
2023-08-16,0.0,100.00473600095589,-0.03954727301950234,E_trailing
2023-08-17,0.0,100.00473600095589,-0.03954727301950234,E_trailing
2023-08-18,-0.021614035087719332,99.98312196586816,-0.06115173715812716,E_trailing
2023-08-19,0.0,99.98312196586816,-0.06115173715812716,E_trailing
2023-08-20,0.0,99.98312196586816,-0.06115173715812716,E_trailing
2023-08-21,0.0,99.98312196586816,-0.06115173715812716,E_trailing
2023-08-22,0.0,99.98312196586816,-0.06115173715812716,E_trailing
2023-08-23,0.0,99.98312196586816,-0.06115173715812716,E_trailing
2023-08-24,0.0,99.98312196586816,-0.06115173715812716,E_trailing
2023-08-25,0.0,99.98312196586816,-0.06115173715812716,E_trailing
2023-08-26,0.0,99.98312196586816,-0.06115173715812716,E_trailing
2023-08-27,0.0,99.98312196586816,-0.06115173715812716,E_trailing
2023-08-28,0.0,99.98312196586816,-0.06115173715812716,E_trailing
2023-08-29,0.0,99.98312196586816,-0.06115173715812716,E_trailing
2023-08-30,0.0,99.98312196586816,-0.06115173715812716,E_trailing
2023-08-31,0.0,99.98312196586816,-0.06115173715812716,E_trailing
2023-09-01,0.011338888012088955,99.99446085388026,-0.04981787013909056,E_trailing
2023-09-02,0.0,99.99446085388026,-0.04981787013909056,E_trailing
2023-09-03,0.0,99.99446085388026,-0.04981787013909056,E_trailing
2023-09-04,0.0,99.99446085388026,-0.04981787013909056,E_trailing
2023-09-05,0.0,99.99446085388026,-0.04981787013909056,E_trailing
2023-09-06,0.0,99.99446085388026,-0.04981787013909056,E_trailing
2023-09-07,0.0,99.99446085388026,-0.04981787013909056,E_trailing
2023-09-08,0.0,99.99446085388026,-0.04981787013909056,E_trailing
2023-09-09,0.0,99.99446085388026,-0.04981787013909056,E_trailing
2023-09-10,0.0,99.99446085388026,-0.04981787013909056,E_trailing
2023-09-11,0.0,99.99446085388026,-0.04981787013909056,E_trailing
2023-09-12,0.0,99.99446085388026,-0.04981787013909056,E_trailing
2023-09-13,-0.02094630780012359,99.97351454608014,-0.07075490266761353,E_trailing
2023-09-14,0.0,99.97351454608014,-0.07075490266761353,E_trailing
2023-09-15,0.0,99.97351454608014,-0.07075490266761353,E_trailing
2023-09-16,0.0,99.97351454608014,-0.07075490266761353,E_trailing
2023-09-17,0.0,99.97351454608014,-0.07075490266761353,E_trailing
2023-09-18,0.0,99.97351454608014,-0.07075490266761353,E_trailing
2023-09-19,0.0,99.97351454608014,-0.07075490266761353,E_trailing
2023-09-20,0.0,99.97351454608014,-0.07075490266761353,E_trailing
2023-09-21,0.0,99.97351454608014,-0.07075490266761353,E_trailing
2023-09-22,0.0,99.97351454608014,-0.07075490266761353,E_trailing
2023-09-23,0.0,99.97351454608014,-0.07075490266761353,E_trailing
2023-09-24,0.0,99.97351454608014,-0.07075490266761353,E_trailing
2023-09-25,0.0,99.97351454608014,-0.07075490266761353,E_trailing
2023-09-26,0.0,99.97351454608014,-0.07075490266761353,E_trailing
2023-09-27,0.0,99.97351454608014,-0.07075490266761353,E_trailing
2023-09-28,0.0,99.97351454608014,-0.07075490266761353,E_trailing
2023-09-29,0.0,99.97351454608014,-0.07075490266761353,E_trailing
2023-09-30,0.0,99.97351454608014,-0.07075490266761353,E_trailing
2023-10-01,0.0,99.97351454608014,-0.07075490266761353,E_trailing
2023-10-02,0.0,99.97351454608014,-0.07075490266761353,E_trailing
2023-10-03,0.0,99.97351454608014,-0.07075490266761353,E_trailing
2023-10-04,0.0,99.97351454608014,-0.07075490266761353,E_trailing
2023-10-05,0.0,99.97351454608014,-0.07075490266761353,E_trailing
2023-10-06,0.0,99.97351454608014,-0.07075490266761353,E_trailing
2023-10-07,0.0,99.97351454608014,-0.07075490266761353,E_trailing
2023-10-08,0.0,99.97351454608014,-0.07075490266761353,E_trailing
2023-10-09,0.0,99.97351454608014,-0.07075490266761353,E_trailing
2023-10-10,0.0,99.97351454608014,-0.07075490266761353,E_trailing
2023-10-11,0.0,99.97351454608014,-0.07075490266761353,E_trailing
2023-10-12,0.0,99.97351454608014,-0.07075490266761353,E_trailing
2023-10-13,0.0,99.97351454608014,-0.07075490266761353,E_trailing
2023-10-14,0.0,99.97351454608014,-0.07075490266761353,E_trailing
2023-10-15,0.0,99.97351454608014,-0.07075490266761353,E_trailing
2023-10-16,0.0,99.97351454608014,-0.07075490266761353,E_trailing
2023-10-17,0.0,99.97351454608014,-0.07075490266761353,E_trailing
2023-10-18,0.0021251879699248095,99.97563973405006,-0.06863065575593019,E_trailing
2023-10-19,0.0,99.97563973405006,-0.06863065575593019,E_trailing
2023-10-20,0.006115934982311915,99.98175566903237,-0.06251742898161217,E_trailing
2023-10-21,0.0,99.98175566903237,-0.06251742898161217,E_trailing
2023-10-22,0.0,99.98175566903237,-0.06251742898161217,E_trailing
2023-10-23,0.000272899359163812,99.98202856839154,-0.062244650465481666,E_trailing
2023-10-24,0.0,99.98202856839154,-0.062244650465481666,E_trailing
2023-10-25,0.0,99.98202856839154,-0.062244650465481666,E_trailing
2023-10-26,-0.06484210526315795,99.91718646312837,-0.12705804288136724,E_trailing
2023-10-27,0.0,99.91718646312837,-0.12705804288136724,E_trailing
2023-10-28,0.0,99.91718646312837,-0.12705804288136724,E_trailing
2023-10-29,0.0,99.91718646312837,-0.12705804288136724,E_trailing
2023-10-30,-0.021614035087719308,99.89557242804065,-0.14866250701999206,E_trailing
2023-10-31,-0.021614035087719325,99.87395839295294,-0.17026697115860578,E_trailing
2023-11-01,-0.021614035087719325,99.85234435786522,-0.1918714352972417,E_trailing
2023-11-02,0.0,99.85234435786522,-0.1918714352972417,E_trailing
2023-11-03,0.0,99.85234435786522,-0.1918714352972417,E_trailing
2023-11-04,0.0,99.85234435786522,-0.1918714352972417,E_trailing
2023-11-05,0.0,99.85234435786522,-0.1918714352972417,E_trailing
2023-11-06,0.0,99.85234435786522,-0.1918714352972417,E_trailing
2023-11-07,0.0,99.85234435786522,-0.1918714352972417,E_trailing
2023-11-08,0.0,99.85234435786522,-0.1918714352972417,E_trailing
2023-11-09,0.0,99.85234435786522,-0.1918714352972417,E_trailing
2023-11-10,0.02168047499410057,99.87402483285932,-0.17020056067260647,E_trailing
2023-11-11,0.0,99.87402483285932,-0.17020056067260647,E_trailing
2023-11-12,0.0,99.87402483285932,-0.17020056067260647,E_trailing
2023-11-13,0.0,99.87402483285932,-0.17020056067260647,E_trailing
2023-11-14,0.0,99.87402483285932,-0.17020056067260647,E_trailing
2023-11-15,0.0,99.87402483285932,-0.17020056067260647,E_trailing
2023-11-16,0.0,99.87402483285932,-0.17020056067260647,E_trailing
2023-11-17,0.0,99.87402483285932,-0.17020056067260647,E_trailing
2023-11-18,0.0,99.87402483285932,-0.17020056067260647,E_trailing
2023-11-19,0.0,99.87402483285932,-0.17020056067260647,E_trailing
2023-11-20,0.0,99.87402483285932,-0.17020056067260647,E_trailing
2023-11-21,0.0,99.87402483285932,-0.17020056067260647,E_trailing
2023-11-22,0.0,99.87402483285932,-0.17020056067260647,E_trailing
2023-11-23,0.0,99.87402483285932,-0.17020056067260647,E_trailing
2023-11-24,-0.008135565333780008,99.86588926752555,-0.17833252348230522,E_trailing
2023-11-25,0.0,99.86588926752555,-0.17833252348230522,E_trailing
2023-11-26,0.0,99.86588926752555,-0.17833252348230522,E_trailing
2023-11-27,0.0,99.86588926752555,-0.17833252348230522,E_trailing
2023-11-28,0.0,99.86588926752555,-0.17833252348230522,E_trailing
2023-11-29,0.0,99.86588926752555,-0.17833252348230522,E_trailing
2023-11-30,0.0,99.86588926752555,-0.17833252348230522,E_trailing
2023-12-01,0.0,99.86588926752555,-0.17833252348230522,E_trailing
2023-12-02,0.0,99.86588926752555,-0.17833252348230522,E_trailing
2023-12-03,0.0,99.86588926752555,-0.17833252348230522,E_trailing
2023-12-04,0.00401220859359587,99.86990147611914,-0.17432209154190081,E_trailing
2023-12-05,0.0,99.86990147611914,-0.17432209154190081,E_trailing
2023-12-06,0.0,99.86990147611914,-0.17432209154190081,E_trailing
2023-12-07,0.0,99.86990147611914,-0.17432209154190081,E_trailing
2023-12-08,0.0,99.86990147611914,-0.17432209154190081,E_trailing
2023-12-09,0.0,99.86990147611914,-0.17432209154190081,E_trailing
2023-12-10,0.0,99.86990147611914,-0.17432209154190081,E_trailing
2023-12-11,0.0,99.86990147611914,-0.17432209154190081,E_trailing
2023-12-12,0.0,99.86990147611914,-0.17432209154190081,E_trailing
2023-12-13,0.0,99.86990147611914,-0.17432209154190081,E_trailing
2023-12-14,0.0,99.86990147611914,-0.17432209154190081,E_trailing
2023-12-15,-0.021614035087719308,99.84828744103142,-0.19592655568052564,E_trailing
2023-12-16,0.0,99.84828744103142,-0.19592655568052564,E_trailing
2023-12-17,0.0,99.84828744103142,-0.19592655568052564,E_trailing
2023-12-18,0.0,99.84828744103142,-0.19592655568052564,E_trailing
2023-12-19,0.0,99.84828744103142,-0.19592655568052564,E_trailing
2023-12-20,0.02506686500868866,99.8733543060401,-0.17087079057466203,E_trailing
2023-12-21,0.0,99.8733543060401,-0.17087079057466203,E_trailing
2023-12-22,0.0,99.8733543060401,-0.17087079057466203,E_trailing
2023-12-23,0.0,99.8733543060401,-0.17087079057466203,E_trailing
2023-12-24,0.0,99.8733543060401,-0.17087079057466203,E_trailing
2023-12-25,0.0,99.8733543060401,-0.17087079057466203,E_trailing
2023-12-26,0.0,99.8733543060401,-0.17087079057466203,E_trailing
2023-12-27,0.0,99.8733543060401,-0.17087079057466203,E_trailing
2023-12-28,0.0,99.8733543060401,-0.17087079057466203,E_trailing
2023-12-29,0.0,99.8733543060401,-0.17087079057466203,E_trailing
2023-12-30,0.0,99.8733543060401,-0.17087079057466203,E_trailing
2023-12-31,0.0,99.8733543060401,-0.17087079057466203,E_trailing
2024-01-01,0.0,99.8733543060401,-0.17087079057466203,E_trailing
2024-01-02,0.0,99.8733543060401,-0.17087079057466203,E_trailing
2024-01-03,0.0,99.8733543060401,-0.17087079057466203,E_trailing
2024-01-04,0.002151717225305626,99.87550602326542,-0.16872002615505588,E_trailing
2024-01-05,0.0,99.87550602326542,-0.16872002615505588,E_trailing
2024-01-06,0.0,99.87550602326542,-0.16872002615505588,E_trailing
2024-01-07,0.0,99.87550602326542,-0.16872002615505588,E_trailing
2024-01-08,0.0,99.87550602326542,-0.16872002615505588,E_trailing
2024-01-09,0.0,99.87550602326542,-0.16872002615505588,E_trailing
2024-01-10,0.0,99.87550602326542,-0.16872002615505588,E_trailing
2024-01-11,0.0,99.87550602326542,-0.16872002615505588,E_trailing
2024-01-12,0.0,99.87550602326542,-0.16872002615505588,E_trailing
2024-01-13,0.0,99.87550602326542,-0.16872002615505588,E_trailing
2024-01-14,0.0,99.87550602326542,-0.16872002615505588,E_trailing
2024-01-15,0.0,99.87550602326542,-0.16872002615505588,E_trailing
2024-01-16,0.0,99.87550602326542,-0.16872002615505588,E_trailing
2024-01-17,-0.022094746071299715,99.85341127719411,-0.19080498841278493,E_trailing
2024-01-18,-0.02161403508771932,99.83179724210639,-0.21240945255140975,E_trailing
2024-01-19,-0.004189850533445398,99.82760739157294,-0.21659744776973966,E_trailing
2024-01-20,0.0,99.82760739157294,-0.21659744776973966,E_trailing
2024-01-21,0.0,99.82760739157294,-0.21659744776973966,E_trailing
2024-01-22,0.0,99.82760739157294,-0.21659744776973966,E_trailing
2024-01-23,-0.02008695076969029,99.80752044080326,-0.23667550380123137,E_trailing
2024-01-24,0.0,99.80752044080326,-0.23667550380123137,E_trailing
2024-01-25,0.0,99.80752044080326,-0.23667550380123137,E_trailing
2024-01-26,0.0,99.80752044080326,-0.23667550380123137,E_trailing
2024-01-27,0.0,99.80752044080326,-0.23667550380123137,E_trailing
2024-01-28,0.0,99.80752044080326,-0.23667550380123137,E_trailing
2024-01-29,-0.008018736202330073,99.79950170460093,-0.2446906892128009,E_trailing
2024-01-30,0.0005112929976483226,99.80001299759857,-0.24417962262172077,E_trailing
2024-01-31,0.0020419516186945723,99.80205494921726,-0.24213857520323234,E_trailing
2024-02-01,0.003720683401591064,99.80577563261886,-0.23841953936403204,E_trailing
2024-02-02,0.0,99.80577563261886,-0.23841953936403204,E_trailing
2024-02-03,0.0,99.80577563261886,-0.23841953936403204,E_trailing
2024-02-04,0.0,99.80577563261886,-0.23841953936403204,E_trailing
2024-02-05,0.0,99.80577563261886,-0.23841953936403204,E_trailing
2024-02-06,0.007815499607669703,99.81359113222653,-0.23060750055156065,E_trailing
2024-02-07,0.0,99.81359113222653,-0.23060750055156065,E_trailing
2024-02-08,-0.021614035087719332,99.79197709713881,-0.2522119646901855,E_trailing
2024-02-09,0.0,99.79197709713881,-0.2522119646901855,E_trailing
2024-02-10,0.0,99.79197709713881,-0.2522119646901855,E_trailing
2024-02-11,0.0,99.79197709713881,-0.2522119646901855,E_trailing
2024-02-12,-0.021614035087719304,99.77036306205109,-0.2738164288288103,E_trailing
2024-02-13,0.0,99.77036306205109,-0.2738164288288103,E_trailing
2024-02-14,0.0,99.77036306205109,-0.2738164288288103,E_trailing
2024-02-15,0.0,99.77036306205109,-0.2738164288288103,E_trailing
2024-02-16,0.0,99.77036306205109,-0.2738164288288103,E_trailing
2024-02-17,0.0,99.77036306205109,-0.2738164288288103,E_trailing
2024-02-18,0.0,99.77036306205109,-0.2738164288288103,E_trailing
2024-02-19,0.0,99.77036306205109,-0.2738164288288103,E_trailing
2024-02-20,0.0,99.77036306205109,-0.2738164288288103,E_trailing
2024-02-21,0.0,99.77036306205109,-0.2738164288288103,E_trailing
2024-02-22,0.0,99.77036306205109,-0.2738164288288103,E_trailing
2024-02-23,0.0,99.77036306205109,-0.2738164288288103,E_trailing
2024-02-24,0.0,99.77036306205109,-0.2738164288288103,E_trailing
2024-02-25,0.0,99.77036306205109,-0.2738164288288103,E_trailing
2024-02-26,0.0,99.77036306205109,-0.2738164288288103,E_trailing
2024-02-27,0.0,99.77036306205109,-0.2738164288288103,E_trailing
2024-02-28,0.0,99.77036306205109,-0.2738164288288103,E_trailing
2024-02-29,0.0,99.77036306205109,-0.2738164288288103,E_trailing
2024-03-01,0.0,99.77036306205109,-0.2738164288288103,E_trailing
2024-03-02,0.0,99.77036306205109,-0.2738164288288103,E_trailing
2024-03-03,0.0,99.77036306205109,-0.2738164288288103,E_trailing
2024-03-04,0.0,99.77036306205109,-0.2738164288288103,E_trailing
2024-03-05,0.0,99.77036306205109,-0.2738164288288103,E_trailing
2024-03-06,0.0,99.77036306205109,-0.2738164288288103,E_trailing
2024-03-07,0.0,99.77036306205109,-0.2738164288288103,E_trailing
2024-03-08,0.0,99.77036306205109,-0.2738164288288103,E_trailing
2024-03-09,0.0,99.77036306205109,-0.2738164288288103,E_trailing
2024-03-10,0.0,99.77036306205109,-0.2738164288288103,E_trailing
2024-03-11,0.0,99.77036306205109,-0.2738164288288103,E_trailing
2024-03-12,0.0,99.77036306205109,-0.2738164288288103,E_trailing
2024-03-13,-0.021614035087719304,99.74874902696337,-0.2954208929674351,E_trailing
2024-03-14,0.0,99.74874902696337,-0.2954208929674351,E_trailing
2024-03-15,0.0,99.74874902696337,-0.2954208929674351,E_trailing
2024-03-16,0.0,99.74874902696337,-0.2954208929674351,E_trailing
2024-03-17,0.0,99.74874902696337,-0.2954208929674351,E_trailing
2024-03-18,0.0,99.74874902696337,-0.2954208929674351,E_trailing
2024-03-19,0.0,99.74874902696337,-0.2954208929674351,E_trailing
2024-03-20,0.0,99.74874902696337,-0.2954208929674351,E_trailing
2024-03-21,0.0,99.74874902696337,-0.2954208929674351,E_trailing
2024-03-22,0.0,99.74874902696337,-0.2954208929674351,E_trailing
2024-03-23,0.0,99.74874902696337,-0.2954208929674351,E_trailing
2024-03-24,0.0,99.74874902696337,-0.2954208929674351,E_trailing
2024-03-25,0.0,99.74874902696337,-0.2954208929674351,E_trailing
2024-03-26,0.0,99.74874902696337,-0.2954208929674351,E_trailing
2024-03-27,0.0,99.74874902696337,-0.2954208929674351,E_trailing
2024-03-28,0.0,99.74874902696337,-0.2954208929674351,E_trailing
2024-03-29,0.0,99.74874902696337,-0.2954208929674351,E_trailing
2024-03-30,0.0,99.74874902696337,-0.2954208929674351,E_trailing
2024-03-31,0.0,99.74874902696337,-0.2954208929674351,E_trailing
2024-04-01,0.0,99.74874902696337,-0.2954208929674351,E_trailing
2024-04-02,0.0,99.74874902696337,-0.2954208929674351,E_trailing
2024-04-03,0.0,99.74874902696337,-0.2954208929674351,E_trailing
2024-04-04,0.0,99.74874902696337,-0.2954208929674351,E_trailing
2024-04-05,0.0,99.74874902696337,-0.2954208929674351,E_trailing
2024-04-06,0.0,99.74874902696337,-0.2954208929674351,E_trailing
2024-04-07,0.0,99.74874902696337,-0.2954208929674351,E_trailing
2024-04-08,0.0,99.74874902696337,-0.2954208929674351,E_trailing
2024-04-09,0.0,99.74874902696337,-0.2954208929674351,E_trailing
2024-04-10,0.0,99.74874902696337,-0.2954208929674351,E_trailing
2024-04-11,0.0,99.74874902696337,-0.2954208929674351,E_trailing
2024-04-12,0.0,99.74874902696337,-0.2954208929674351,E_trailing
2024-04-13,0.0,99.74874902696337,-0.2954208929674351,E_trailing
2024-04-14,0.0,99.74874902696337,-0.2954208929674351,E_trailing
2024-04-15,0.0,99.74874902696337,-0.2954208929674351,E_trailing
2024-04-16,0.0,99.74874902696337,-0.2954208929674351,E_trailing
2024-04-17,0.0,99.74874902696337,-0.2954208929674351,E_trailing
2024-04-18,0.00034879183763854125,99.749097818801,-0.295072255578932,E_trailing
2024-04-19,-0.005326865156175958,99.74377095364483,-0.30039676193652776,E_trailing
2024-04-20,0.0,99.74377095364483,-0.30039676193652776,E_trailing
2024-04-21,0.0,99.74377095364483,-0.30039676193652776,E_trailing
2024-04-22,0.0,99.74377095364483,-0.30039676193652776,E_trailing
2024-04-23,0.010953139528192397,99.75472409317302,-0.2894484725874169,E_trailing
2024-04-24,0.0,99.75472409317302,-0.2894484725874169,E_trailing
2024-04-25,-0.013052924045489368,99.74167116912754,-0.30249561664451585,E_trailing
2024-04-26,0.007265986408989015,99.74893715553652,-0.2952328476998334,E_trailing
2024-04-27,0.0,99.74893715553652,-0.2952328476998334,E_trailing
2024-04-28,0.0,99.74893715553652,-0.2952328476998334,E_trailing
2024-04-29,0.0,99.74893715553652,-0.2952328476998334,E_trailing
2024-04-30,0.0,99.74893715553652,-0.2952328476998334,E_trailing
2024-05-01,0.0,99.74893715553652,-0.2952328476998334,E_trailing
2024-05-02,0.00786154866098181,99.75679870419751,-0.28737478022511365,E_trailing
2024-05-03,0.017991593426996758,99.7747902976245,-0.26939115368740385,E_trailing
2024-05-04,0.0,99.7747902976245,-0.26939115368740385,E_trailing
2024-05-05,0.0,99.7747902976245,-0.26939115368740385,E_trailing
2024-05-06,0.0,99.7747902976245,-0.26939115368740385,E_trailing
2024-05-07,0.007549898767145393,99.78234019639164,-0.2618445981042883,E_trailing
2024-05-08,0.0,99.78234019639164,-0.2618445981042883,E_trailing
2024-05-09,0.010972304206054061,99.79331250059771,-0.2508771525636555,E_trailing
2024-05-10,0.0,99.79331250059771,-0.2508771525636555,E_trailing
2024-05-11,0.0,99.79331250059771,-0.2508771525636555,E_trailing
2024-05-12,0.0,99.79331250059771,-0.2508771525636555,E_trailing
2024-05-13,0.0,99.79331250059771,-0.2508771525636555,E_trailing
2024-05-14,0.0,99.79331250059771,-0.2508771525636555,E_trailing
2024-05-15,0.0,99.79331250059771,-0.2508771525636555,E_trailing
2024-05-16,1.6426358490707675e-05,99.79332892695619,-0.25086073347895255,E_trailing
2024-05-17,0.0,99.79332892695619,-0.25086073347895255,E_trailing
2024-05-18,0.0,99.79332892695619,-0.25086073347895255,E_trailing
2024-05-19,0.0,99.79332892695619,-0.25086073347895255,E_trailing
2024-05-20,0.0,99.79332892695619,-0.25086073347895255,E_trailing
2024-05-21,0.0,99.79332892695619,-0.25086073347895255,E_trailing
2024-05-22,0.0,99.79332892695619,-0.25086073347895255,E_trailing
2024-05-23,0.0,99.79332892695619,-0.25086073347895255,E_trailing
2024-05-24,0.0,99.79332892695619,-0.25086073347895255,E_trailing
2024-05-25,0.0,99.79332892695619,-0.25086073347895255,E_trailing
2024-05-26,0.0,99.79332892695619,-0.25086073347895255,E_trailing
2024-05-27,0.0,99.79332892695619,-0.25086073347895255,E_trailing
2024-05-28,0.0,99.79332892695619,-0.25086073347895255,E_trailing
2024-05-29,0.0,99.79332892695619,-0.25086073347895255,E_trailing
2024-05-30,0.0,99.79332892695619,-0.25086073347895255,E_trailing
2024-05-31,0.0,99.79332892695619,-0.25086073347895255,E_trailing
2024-06-01,0.0,99.79332892695619,-0.25086073347895255,E_trailing
2024-06-02,0.0,99.79332892695619,-0.25086073347895255,E_trailing
2024-06-03,0.0005731792073999539,99.7939021061636,-0.2502878080820503,E_trailing
2024-06-04,0.0,99.7939021061636,-0.2502878080820503,E_trailing
2024-06-05,0.0,99.7939021061636,-0.2502878080820503,E_trailing
2024-06-06,0.0,99.7939021061636,-0.2502878080820503,E_trailing
2024-06-07,0.0,99.7939021061636,-0.2502878080820503,E_trailing
2024-06-08,0.0,99.7939021061636,-0.2502878080820503,E_trailing
2024-06-09,0.0,99.7939021061636,-0.2502878080820503,E_trailing
2024-06-10,0.0,99.7939021061636,-0.2502878080820503,E_trailing
2024-06-11,0.0,99.7939021061636,-0.2502878080820503,E_trailing
2024-06-12,0.0,99.7939021061636,-0.2502878080820503,E_trailing
2024-06-13,0.0,99.7939021061636,-0.2502878080820503,E_trailing
2024-06-14,0.0,99.7939021061636,-0.2502878080820503,E_trailing
2024-06-15,0.0,99.7939021061636,-0.2502878080820503,E_trailing
2024-06-16,0.0,99.7939021061636,-0.2502878080820503,E_trailing
2024-06-17,0.0,99.7939021061636,-0.2502878080820503,E_trailing
2024-06-18,0.0,99.7939021061636,-0.2502878080820503,E_trailing
2024-06-19,0.0,99.7939021061636,-0.2502878080820503,E_trailing
2024-06-20,0.0,99.7939021061636,-0.2502878080820503,E_trailing
2024-06-21,0.0,99.7939021061636,-0.2502878080820503,E_trailing
2024-06-22,0.0,99.7939021061636,-0.2502878080820503,E_trailing
2024-06-23,0.0,99.7939021061636,-0.2502878080820503,E_trailing
2024-06-24,0.0,99.7939021061636,-0.2502878080820503,E_trailing
2024-06-25,0.0,99.7939021061636,-0.2502878080820503,E_trailing
2024-06-26,0.0,99.7939021061636,-0.2502878080820503,E_trailing
2024-06-27,0.0,99.7939021061636,-0.2502878080820503,E_trailing
2024-06-28,0.0,99.7939021061636,-0.2502878080820503,E_trailing
2024-06-29,0.0,99.7939021061636,-0.2502878080820503,E_trailing
2024-06-30,0.0,99.7939021061636,-0.2502878080820503,E_trailing
2024-07-01,0.0,99.7939021061636,-0.2502878080820503,E_trailing
2024-07-02,0.0,99.7939021061636,-0.2502878080820503,E_trailing
2024-07-03,0.0,99.7939021061636,-0.2502878080820503,E_trailing
2024-07-04,0.0,99.7939021061636,-0.2502878080820503,E_trailing
2024-07-05,0.0,99.7939021061636,-0.2502878080820503,E_trailing
2024-07-06,0.0,99.7939021061636,-0.2502878080820503,E_trailing
2024-07-07,0.0,99.7939021061636,-0.2502878080820503,E_trailing
2024-07-08,0.0,99.7939021061636,-0.2502878080820503,E_trailing
2024-07-09,0.0,99.7939021061636,-0.2502878080820503,E_trailing
2024-07-10,0.0,99.7939021061636,-0.2502878080820503,E_trailing
2024-07-11,0.0,99.7939021061636,-0.2502878080820503,E_trailing
2024-07-12,0.0,99.7939021061636,-0.2502878080820503,E_trailing
2024-07-13,0.0,99.7939021061636,-0.2502878080820503,E_trailing
2024-07-14,0.0,99.7939021061636,-0.2502878080820503,E_trailing
2024-07-15,0.0,99.7939021061636,-0.2502878080820503,E_trailing
2024-07-16,0.0,99.7939021061636,-0.2502878080820503,E_trailing
2024-07-17,0.0,99.7939021061636,-0.2502878080820503,E_trailing
2024-07-18,0.0,99.7939021061636,-0.2502878080820503,E_trailing
2024-07-19,0.0005446511580897309,99.79444675732168,-0.24974339810190926,E_trailing
2024-07-20,0.0,99.79444675732168,-0.24974339810190926,E_trailing
2024-07-21,0.0,99.79444675732168,-0.24974339810190926,E_trailing
2024-07-22,0.0007788699710582933,99.79522562729274,-0.24896487302363823,E_trailing
2024-07-23,-0.006476478139394383,99.78874914915335,-0.2554384833022949,E_trailing
2024-07-24,-0.0005664215544361144,99.78818272759891,-0.2560046540385996,E_trailing
2024-07-25,0.00977265846540294,99.79795538606432,-0.2462363230213649,E_trailing
2024-07-26,0.012213909299629627,99.81016929536395,-0.23402782218451268,E_trailing
2024-07-27,0.0,99.81016929536395,-0.23402782218451268,E_trailing
2024-07-28,0.0,99.81016929536395,-0.23402782218451268,E_trailing
2024-07-29,0.005837505155293283,99.81600680051923,-0.22819290194520114,E_trailing
2024-07-30,0.0,99.81600680051923,-0.22819290194520114,E_trailing
2024-07-31,0.006465549321616188,99.82247234984085,-0.2217302156449108,E_trailing
2024-08-01,0.0,99.82247234984085,-0.2217302156449108,E_trailing
2024-08-02,0.0,99.82247234984085,-0.2217302156449108,E_trailing
2024-08-03,0.0,99.82247234984085,-0.2217302156449108,E_trailing
2024-08-04,0.0,99.82247234984085,-0.2217302156449108,E_trailing
2024-08-05,0.015597909202558932,99.83807025904342,-0.20613921338009655,E_trailing
2024-08-06,0.0,99.83807025904342,-0.20613921338009655,E_trailing
2024-08-07,0.0,99.83807025904342,-0.20613921338009655,E_trailing
2024-08-08,0.0,99.83807025904342,-0.20613921338009655,E_trailing
2024-08-09,0.0,99.83807025904342,-0.20613921338009655,E_trailing
2024-08-10,0.0,99.83807025904342,-0.20613921338009655,E_trailing
2024-08-11,0.0,99.83807025904342,-0.20613921338009655,E_trailing
2024-08-12,0.0,99.83807025904342,-0.20613921338009655,E_trailing
2024-08-13,0.0,99.83807025904342,-0.20613921338009655,E_trailing
2024-08-14,0.0,99.83807025904342,-0.20613921338009655,E_trailing
2024-08-15,0.0,99.83807025904342,-0.20613921338009655,E_trailing
2024-08-16,0.0,99.83807025904342,-0.20613921338009655,E_trailing
2024-08-17,0.0,99.83807025904342,-0.20613921338009655,E_trailing
2024-08-18,0.0,99.83807025904342,-0.20613921338009655,E_trailing
2024-08-19,0.0,99.83807025904342,-0.20613921338009655,E_trailing
2024-08-20,0.0,99.83807025904342,-0.20613921338009655,E_trailing
2024-08-21,0.0,99.83807025904342,-0.20613921338009655,E_trailing
2024-08-22,0.0,99.83807025904342,-0.20613921338009655,E_trailing
2024-08-23,0.0,99.83807025904342,-0.20613921338009655,E_trailing
2024-08-24,0.0,99.83807025904342,-0.20613921338009655,E_trailing
2024-08-25,0.0,99.83807025904342,-0.20613921338009655,E_trailing
2024-08-26,0.0,99.83807025904342,-0.20613921338009655,E_trailing
2024-08-27,0.0,99.83807025904342,-0.20613921338009655,E_trailing
2024-08-28,0.0,99.83807025904342,-0.20613921338009655,E_trailing
2024-08-29,0.0,99.83807025904342,-0.20613921338009655,E_trailing
2024-08-30,0.0,99.83807025904342,-0.20613921338009655,E_trailing
2024-08-31,0.0,99.83807025904342,-0.20613921338009655,E_trailing
2024-09-01,0.0,99.83807025904342,-0.20613921338009655,E_trailing
2024-09-02,0.0,99.83807025904342,-0.20613921338009655,E_trailing
2024-09-03,0.0,99.83807025904342,-0.20613921338009655,E_trailing
2024-09-04,0.01184150665805462,99.84991176570146,-0.194302950280556,E_trailing
2024-09-05,0.0,99.84991176570146,-0.194302950280556,E_trailing
2024-09-06,0.0,99.84991176570146,-0.194302950280556,E_trailing
2024-09-07,0.0,99.84991176570146,-0.194302950280556,E_trailing
2024-09-08,0.0,99.84991176570146,-0.194302950280556,E_trailing
2024-09-09,0.0,99.84991176570146,-0.194302950280556,E_trailing
2024-09-10,0.0,99.84991176570146,-0.194302950280556,E_trailing
2024-09-11,0.0,99.84991176570146,-0.194302950280556,E_trailing
2024-09-12,0.0,99.84991176570146,-0.194302950280556,E_trailing
2024-09-13,0.0,99.84991176570146,-0.194302950280556,E_trailing
2024-09-14,0.0,99.84991176570146,-0.194302950280556,E_trailing
2024-09-15,0.0,99.84991176570146,-0.194302950280556,E_trailing
2024-09-16,0.0,99.84991176570146,-0.194302950280556,E_trailing
2024-09-17,0.0,99.84991176570146,-0.194302950280556,E_trailing
2024-09-18,0.0,99.84991176570146,-0.194302950280556,E_trailing
2024-09-19,0.0,99.84991176570146,-0.194302950280556,E_trailing
2024-09-20,0.0,99.84991176570146,-0.194302950280556,E_trailing
2024-09-21,0.0,99.84991176570146,-0.194302950280556,E_trailing
2024-09-22,0.0,99.84991176570146,-0.194302950280556,E_trailing
2024-09-23,0.0,99.84991176570146,-0.194302950280556,E_trailing
2024-09-24,0.0,99.84991176570146,-0.194302950280556,E_trailing
2024-09-25,0.0,99.84991176570146,-0.194302950280556,E_trailing
2024-09-26,0.0,99.84991176570146,-0.194302950280556,E_trailing
2024-09-27,0.0,99.84991176570146,-0.194302950280556,E_trailing
2024-09-28,0.0,99.84991176570146,-0.194302950280556,E_trailing
2024-09-29,0.0,99.84991176570146,-0.194302950280556,E_trailing
2024-09-30,0.0,99.84991176570146,-0.194302950280556,E_trailing
2024-10-01,0.0,99.84991176570146,-0.194302950280556,E_trailing
2024-10-02,0.0,99.84991176570146,-0.194302950280556,E_trailing
2024-10-03,0.0,99.84991176570146,-0.194302950280556,E_trailing
2024-10-04,0.0,99.84991176570146,-0.194302950280556,E_trailing
2024-10-05,0.0,99.84991176570146,-0.194302950280556,E_trailing
2024-10-06,0.0,99.84991176570146,-0.194302950280556,E_trailing
2024-10-07,0.0,99.84991176570146,-0.194302950280556,E_trailing
2024-10-08,0.0,99.84991176570146,-0.194302950280556,E_trailing
2024-10-09,0.0,99.84991176570146,-0.194302950280556,E_trailing
2024-10-10,0.0,99.84991176570146,-0.194302950280556,E_trailing
2024-10-11,0.0,99.84991176570146,-0.194302950280556,E_trailing
2024-10-12,0.0,99.84991176570146,-0.194302950280556,E_trailing
2024-10-13,0.0,99.84991176570146,-0.194302950280556,E_trailing
2024-10-14,0.0,99.84991176570146,-0.194302950280556,E_trailing
2024-10-15,0.0,99.84991176570146,-0.194302950280556,E_trailing
2024-10-16,0.0,99.84991176570146,-0.194302950280556,E_trailing
2024-10-17,0.0,99.84991176570146,-0.194302950280556,E_trailing
2024-10-18,-0.004537820429079477,99.84537394527239,-0.19883876130935008,E_trailing
2024-10-19,0.0,99.84537394527239,-0.19883876130935008,E_trailing
2024-10-20,0.0,99.84537394527239,-0.19883876130935008,E_trailing
2024-10-21,-0.021614035087719318,99.82375991018466,-0.2204432254479749,E_trailing
2024-10-22,0.0,99.82375991018466,-0.2204432254479749,E_trailing
2024-10-23,0.0,99.82375991018466,-0.2204432254479749,E_trailing
2024-10-24,0.003465716531284663,99.82722562671596,-0.21697904357674824,E_trailing
2024-10-25,-0.021614035087719297,99.80561159162824,-0.23858350771537307,E_trailing
2024-10-26,0.0,99.80561159162824,-0.23858350771537307,E_trailing
2024-10-27,0.0,99.80561159162824,-0.23858350771537307,E_trailing
2024-10-28,-0.0216140350877193,99.78399755654051,-0.2601879718539979,E_trailing
2024-10-29,-0.049506556146222555,99.73449100039429,-0.30967260591456824,E_trailing
2024-10-30,0.0,99.73449100039429,-0.30967260591456824,E_trailing
2024-10-31,0.0,99.73449100039429,-0.30967260591456824,E_trailing
2024-11-01,0.0,99.73449100039429,-0.30967260591456824,E_trailing
2024-11-02,0.0,99.73449100039429,-0.30967260591456824,E_trailing
2024-11-03,0.0,99.73449100039429,-0.30967260591456824,E_trailing
2024-11-04,-0.021614035087719318,99.71287696530658,-0.33127707005318197,E_trailing
2024-11-05,0.0,99.71287696530658,-0.33127707005318197,E_trailing
2024-11-06,0.0,99.71287696530658,-0.33127707005318197,E_trailing
2024-11-07,0.013331331450538454,99.72620829675711,-0.3179516418731043,E_trailing
2024-11-08,-0.021614035087719297,99.70459426166938,-0.33955610601172914,E_trailing
2024-11-09,0.0,99.70459426166938,-0.33955610601172914,E_trailing
2024-11-10,0.0,99.70459426166938,-0.33955610601172914,E_trailing
2024-11-11,0.0,99.70459426166938,-0.33955610601172914,E_trailing
2024-11-12,0.0,99.70459426166938,-0.33955610601172914,E_trailing
2024-11-13,0.0,99.70459426166938,-0.33955610601172914,E_trailing
2024-11-14,-0.021614035087719325,99.68298022658168,-0.36116057015034286,E_trailing
2024-11-15,0.0,99.68298022658168,-0.36116057015034286,E_trailing
2024-11-16,0.0,99.68298022658168,-0.36116057015034286,E_trailing
2024-11-17,0.0,99.68298022658168,-0.36116057015034286,E_trailing
2024-11-18,0.0,99.68298022658168,-0.36116057015034286,E_trailing
2024-11-19,0.0,99.68298022658168,-0.36116057015034286,E_trailing
2024-11-20,0.0,99.68298022658168,-0.36116057015034286,E_trailing
2024-11-21,-0.021614035087719332,99.66136619149395,-0.3827650342889677,E_trailing
2024-11-22,-0.004990929683505903,99.65637526181045,-0.3877537539300757,E_trailing
2024-11-23,0.0,99.65637526181045,-0.3877537539300757,E_trailing
2024-11-24,0.0,99.65637526181045,-0.3877537539300757,E_trailing
2024-11-25,0.0,99.65637526181045,-0.3877537539300757,E_trailing
2024-11-26,0.0,99.65637526181045,-0.3877537539300757,E_trailing
2024-11-27,0.0,99.65637526181045,-0.3877537539300757,E_trailing
2024-11-28,0.0,99.65637526181045,-0.3877537539300757,E_trailing
2024-11-29,0.0,99.65637526181045,-0.3877537539300757,E_trailing
2024-11-30,0.0,99.65637526181045,-0.3877537539300757,E_trailing
2024-12-01,0.0,99.65637526181045,-0.3877537539300757,E_trailing
2024-12-02,0.0,99.65637526181045,-0.3877537539300757,E_trailing
2024-12-03,0.0,99.65637526181045,-0.3877537539300757,E_trailing
2024-12-04,0.0,99.65637526181045,-0.3877537539300757,E_trailing
2024-12-05,0.0,99.65637526181045,-0.3877537539300757,E_trailing
2024-12-06,0.0,99.65637526181045,-0.3877537539300757,E_trailing
2024-12-07,0.0,99.65637526181045,-0.3877537539300757,E_trailing
2024-12-08,0.0,99.65637526181045,-0.3877537539300757,E_trailing
2024-12-09,0.0,99.65637526181045,-0.3877537539300757,E_trailing
2024-12-10,0.0,99.65637526181045,-0.3877537539300757,E_trailing
2024-12-11,0.0,99.65637526181045,-0.3877537539300757,E_trailing
2024-12-12,0.0,99.65637526181045,-0.3877537539300757,E_trailing
2024-12-13,0.0,99.65637526181045,-0.3877537539300757,E_trailing
2024-12-14,0.0,99.65637526181045,-0.3877537539300757,E_trailing
2024-12-15,0.0,99.65637526181045,-0.3877537539300757,E_trailing
2024-12-16,0.0,99.65637526181045,-0.3877537539300757,E_trailing
2024-12-17,0.0,99.65637526181045,-0.3877537539300757,E_trailing
2024-12-18,0.0,99.65637526181045,-0.3877537539300757,E_trailing
2024-12-19,0.0,99.65637526181045,-0.3877537539300757,E_trailing
2024-12-20,0.0,99.65637526181045,-0.3877537539300757,E_trailing
2024-12-21,0.0,99.65637526181045,-0.3877537539300757,E_trailing
2024-12-22,0.0,99.65637526181045,-0.3877537539300757,E_trailing
2024-12-23,0.0,99.65637526181045,-0.3877537539300757,E_trailing
2024-12-24,0.0,99.65637526181045,-0.3877537539300757,E_trailing
2024-12-25,0.0,99.65637526181045,-0.3877537539300757,E_trailing
2024-12-26,0.0,99.65637526181045,-0.3877537539300757,E_trailing
2024-12-27,0.0,99.65637526181045,-0.3877537539300757,E_trailing
2024-12-28,0.0,99.65637526181045,-0.3877537539300757,E_trailing
2024-12-29,0.0,99.65637526181045,-0.3877537539300757,E_trailing
2024-12-30,0.0,99.65637526181045,-0.3877537539300757,E_trailing
2024-12-31,0.0,99.65637526181045,-0.3877537539300757,E_trailing
2025-01-01,0.0,99.65637526181045,-0.3877537539300757,E_trailing
2025-01-02,0.0,99.65637526181045,-0.3877537539300757,E_trailing
2025-01-03,0.0,99.65637526181045,-0.3877537539300757,E_trailing
2025-01-04,0.0,99.65637526181045,-0.3877537539300757,E_trailing
2025-01-05,0.0,99.65637526181045,-0.3877537539300757,E_trailing
2025-01-06,0.0,99.65637526181045,-0.3877537539300757,E_trailing
2025-01-07,0.0,99.65637526181045,-0.3877537539300757,E_trailing
2025-01-08,0.0,99.65637526181045,-0.3877537539300757,E_trailing
2025-01-09,0.0,99.65637526181045,-0.3877537539300757,E_trailing
2025-01-10,0.0,99.65637526181045,-0.3877537539300757,E_trailing
2025-01-11,0.0,99.65637526181045,-0.3877537539300757,E_trailing
2025-01-12,0.0,99.65637526181045,-0.3877537539300757,E_trailing
2025-01-13,0.0,99.65637526181045,-0.3877537539300757,E_trailing
2025-01-14,0.0,99.65637526181045,-0.3877537539300757,E_trailing
2025-01-15,0.0,99.65637526181045,-0.3877537539300757,E_trailing
2025-01-16,0.0,99.65637526181045,-0.3877537539300757,E_trailing
2025-01-17,0.0,99.65637526181045,-0.3877537539300757,E_trailing
2025-01-18,0.0,99.65637526181045,-0.3877537539300757,E_trailing
2025-01-19,0.0,99.65637526181045,-0.3877537539300757,E_trailing
2025-01-20,0.0,99.65637526181045,-0.3877537539300757,E_trailing
2025-01-21,0.0,99.65637526181045,-0.3877537539300757,E_trailing
2025-01-22,-8.060256246090542e-05,99.65629465924799,-0.38783432080077285,E_trailing
2025-01-23,0.0010999945123519677,99.65739465376033,-0.38673481337894167,E_trailing
2025-01-24,-0.0209515843702771,99.63644306939005,-0.40767712014110336,E_trailing
2025-01-25,0.0,99.63644306939005,-0.40767712014110336,E_trailing
2025-01-26,0.0,99.63644306939005,-0.40767712014110336,E_trailing
2025-01-27,-0.041903724586314695,99.59453934480375,-0.4495622892650264,E_trailing
2025-01-28,0.0,99.59453934480375,-0.4495622892650264,E_trailing
2025-01-29,0.0,99.59453934480375,-0.4495622892650264,E_trailing
2025-01-30,0.0,99.59453934480375,-0.4495622892650264,E_trailing
2025-01-31,0.0012510880647072099,99.59579043286845,-0.44831175519683963,E_trailing
2025-02-01,0.0076954735479319815,99.60348590641638,-0.44061968929516304,E_trailing
2025-02-02,0.0,99.60348590641638,-0.44061968929516304,E_trailing
2025-02-03,0.0,99.60348590641638,-0.44061968929516304,E_trailing
2025-02-04,0.0,99.60348590641638,-0.44061968929516304,E_trailing
2025-02-05,0.0,99.60348590641638,-0.44061968929516304,E_trailing
2025-02-06,0.0,99.60348590641638,-0.44061968929516304,E_trailing
2025-02-07,-0.0018655809923615043,99.60162032542402,-0.4424844441863085,E_trailing
2025-02-08,0.0,99.60162032542402,-0.4424844441863085,E_trailing
2025-02-09,0.0,99.60162032542402,-0.4424844441863085,E_trailing
2025-02-10,0.012768130493014269,99.61438845591704,-0.42972196757172787,E_trailing
2025-02-11,0.0,99.61438845591704,-0.42972196757172787,E_trailing
2025-02-12,-0.021614035087719332,99.59277442082931,-0.4513264317103527,E_trailing
2025-02-13,0.0,99.59277442082931,-0.4513264317103527,E_trailing
2025-02-14,0.0,99.59277442082931,-0.4513264317103527,E_trailing
2025-02-15,0.0,99.59277442082931,-0.4513264317103527,E_trailing
2025-02-16,0.0,99.59277442082931,-0.4513264317103527,E_trailing
2025-02-17,0.0020382665166911737,99.594812687346,-0.4492890677620709,E_trailing
2025-02-18,0.0,99.594812687346,-0.4492890677620709,E_trailing
2025-02-19,-0.021614035087719308,99.57319865225828,-0.4708935319006957,E_trailing
2025-02-20,0.0,99.57319865225828,-0.4708935319006957,E_trailing
2025-02-21,0.0,99.57319865225828,-0.4708935319006957,E_trailing
2025-02-22,0.0,99.57319865225828,-0.4708935319006957,E_trailing
2025-02-23,0.0,99.57319865225828,-0.4708935319006957,E_trailing
2025-02-24,0.0,99.57319865225828,-0.4708935319006957,E_trailing
2025-02-25,0.0,99.57319865225828,-0.4708935319006957,E_trailing
2025-02-26,0.0,99.57319865225828,-0.4708935319006957,E_trailing
2025-02-27,0.0,99.57319865225828,-0.4708935319006957,E_trailing
2025-02-28,0.0,99.57319865225828,-0.4708935319006957,E_trailing
2025-03-01,0.0,99.57319865225828,-0.4708935319006957,E_trailing
2025-03-02,0.0,99.57319865225828,-0.4708935319006957,E_trailing
2025-03-03,0.0,99.57319865225828,-0.4708935319006957,E_trailing
2025-03-04,0.0,99.57319865225828,-0.4708935319006957,E_trailing
2025-03-05,0.0,99.57319865225828,-0.4708935319006957,E_trailing
2025-03-06,0.0,99.57319865225828,-0.4708935319006957,E_trailing
2025-03-07,0.0,99.57319865225828,-0.4708935319006957,E_trailing
2025-03-08,0.0,99.57319865225828,-0.4708935319006957,E_trailing
2025-03-09,0.0,99.57319865225828,-0.4708935319006957,E_trailing
2025-03-10,0.0,99.57319865225828,-0.4708935319006957,E_trailing
2025-03-11,0.0,99.57319865225828,-0.4708935319006957,E_trailing
2025-03-12,0.0,99.57319865225828,-0.4708935319006957,E_trailing
2025-03-13,0.0,99.57319865225828,-0.4708935319006957,E_trailing
2025-03-14,0.0,99.57319865225828,-0.4708935319006957,E_trailing
2025-03-15,0.0,99.57319865225828,-0.4708935319006957,E_trailing
2025-03-16,0.0,99.57319865225828,-0.4708935319006957,E_trailing
2025-03-17,0.0,99.57319865225828,-0.4708935319006957,E_trailing
2025-03-18,0.0,99.57319865225828,-0.4708935319006957,E_trailing
2025-03-19,0.0,99.57319865225828,-0.4708935319006957,E_trailing
2025-03-20,0.0,99.57319865225828,-0.4708935319006957,E_trailing
2025-03-21,0.0,99.57319865225828,-0.4708935319006957,E_trailing
2025-03-22,0.0,99.57319865225828,-0.4708935319006957,E_trailing
2025-03-23,0.0,99.57319865225828,-0.4708935319006957,E_trailing
2025-03-24,0.0,99.57319865225828,-0.4708935319006957,E_trailing
2025-03-25,0.0,99.57319865225828,-0.4708935319006957,E_trailing
2025-03-26,0.0,99.57319865225828,-0.4708935319006957,E_trailing
2025-03-27,0.0,99.57319865225828,-0.4708935319006957,E_trailing
2025-03-28,0.0,99.57319865225828,-0.4708935319006957,E_trailing
2025-03-29,0.0,99.57319865225828,-0.4708935319006957,E_trailing
2025-03-30,0.0,99.57319865225828,-0.4708935319006957,E_trailing
2025-03-31,0.0,99.57319865225828,-0.4708935319006957,E_trailing
2025-04-01,0.0,99.57319865225828,-0.4708935319006957,E_trailing
2025-04-02,0.0,99.57319865225828,-0.4708935319006957,E_trailing
2025-04-03,0.0,99.57319865225828,-0.4708935319006957,E_trailing
2025-04-04,0.0,99.57319865225828,-0.4708935319006957,E_trailing
2025-04-05,0.0,99.57319865225828,-0.4708935319006957,E_trailing
2025-04-06,0.0,99.57319865225828,-0.4708935319006957,E_trailing
2025-04-07,0.0,99.57319865225828,-0.4708935319006957,E_trailing
2025-04-08,0.0,99.57319865225828,-0.4708935319006957,E_trailing
2025-04-09,0.0,99.57319865225828,-0.4708935319006957,E_trailing
2025-04-10,0.0,99.57319865225828,-0.4708935319006957,E_trailing
2025-04-11,0.0,99.57319865225828,-0.4708935319006957,E_trailing
2025-04-12,0.0,99.57319865225828,-0.4708935319006957,E_trailing
2025-04-13,0.0,99.57319865225828,-0.4708935319006957,E_trailing
2025-04-14,0.0,99.57319865225828,-0.4708935319006957,E_trailing
2025-04-15,0.0,99.57319865225828,-0.4708935319006957,E_trailing
2025-04-16,0.0,99.57319865225828,-0.4708935319006957,E_trailing
2025-04-17,0.0,99.57319865225828,-0.4708935319006957,E_trailing
2025-04-18,0.0,99.57319865225828,-0.4708935319006957,E_trailing
2025-04-19,0.0,99.57319865225828,-0.4708935319006957,E_trailing
2025-04-20,0.0,99.57319865225828,-0.4708935319006957,E_trailing
2025-04-21,0.0,99.57319865225828,-0.4708935319006957,E_trailing
2025-04-22,0.0,99.57319865225828,-0.4708935319006957,E_trailing
2025-04-23,0.0,99.57319865225828,-0.4708935319006957,E_trailing
2025-04-24,-0.0003018362938415974,99.57289681596446,-0.47119523453785783,E_trailing
2025-04-25,0.0,99.57289681596446,-0.47119523453785783,E_trailing
2025-04-26,0.0,99.57289681596446,-0.47119523453785783,E_trailing
2025-04-27,0.0,99.57289681596446,-0.47119523453785783,E_trailing
2025-04-28,0.008000797938299945,99.58089761390275,-0.46319797944704977,E_trailing
2025-04-29,0.0,99.58089761390275,-0.46319797944704977,E_trailing
2025-04-30,-0.002848569991363874,99.57804904391139,-0.4660452880580923,E_trailing
2025-05-01,0.0,99.57804904391139,-0.4660452880580923,E_trailing
2025-05-02,0.0,99.57804904391139,-0.4660452880580923,E_trailing
2025-05-03,0.0,99.57804904391139,-0.4660452880580923,E_trailing
2025-05-04,0.0,99.57804904391139,-0.4660452880580923,E_trailing
2025-05-05,0.0,99.57804904391139,-0.4660452880580923,E_trailing
2025-05-06,0.0,99.57804904391139,-0.4660452880580923,E_trailing
2025-05-07,-0.0227864503397572,99.55526259357163,-0.4888216482894947,E_trailing
2025-05-08,-0.0216140350877193,99.5336485584839,-0.5104261124281195,E_trailing
2025-05-09,-0.043105829734384524,99.49054272874953,-0.5535128543938117,E_trailing
2025-05-10,0.0,99.49054272874953,-0.5535128543938117,E_trailing
2025-05-11,0.0,99.49054272874953,-0.5535128543938117,E_trailing
2025-05-12,-0.02161403508771933,99.46892869366181,-0.5751173185324365,E_trailing
2025-05-13,0.0,99.46892869366181,-0.5751173185324365,E_trailing
2025-05-14,0.0,99.46892869366181,-0.5751173185324365,E_trailing
2025-05-15,0.0,99.46892869366181,-0.5751173185324365,E_trailing
2025-05-16,0.0,99.46892869366181,-0.5751173185324365,E_trailing
2025-05-17,0.0,99.46892869366181,-0.5751173185324365,E_trailing
2025-05-18,0.0,99.46892869366181,-0.5751173185324365,E_trailing
2025-05-19,0.0,99.46892869366181,-0.5751173185324365,E_trailing
2025-05-20,0.0,99.46892869366181,-0.5751173185324365,E_trailing
2025-05-21,0.0,99.46892869366181,-0.5751173185324365,E_trailing
2025-05-22,0.008509313519664547,99.47743800718148,-0.5666117730369291,E_trailing
2025-05-23,0.0,99.47743800718148,-0.5666117730369291,E_trailing
2025-05-24,0.0,99.47743800718148,-0.5666117730369291,E_trailing
2025-05-25,0.0,99.47743800718148,-0.5666117730369291,E_trailing
2025-05-26,0.0,99.47743800718148,-0.5666117730369291,E_trailing
2025-05-27,0.00011089693772854267,99.4775489041192,-0.5665009252056707,E_trailing
2025-05-28,0.0,99.4775489041192,-0.5665009252056707,E_trailing
2025-05-29,0.0,99.4775489041192,-0.5665009252056707,E_trailing
2025-05-30,0.0,99.4775489041192,-0.5665009252056707,E_trailing
2025-05-31,0.0,99.4775489041192,-0.5665009252056707,E_trailing
2025-06-01,0.0,99.4775489041192,-0.5665009252056707,E_trailing
2025-06-02,0.0,99.4775489041192,-0.5665009252056707,E_trailing
2025-06-03,0.0,99.4775489041192,-0.5665009252056707,E_trailing
2025-06-04,0.0,99.4775489041192,-0.5665009252056707,E_trailing
2025-06-05,0.0,99.4775489041192,-0.5665009252056707,E_trailing
2025-06-06,0.0,99.4775489041192,-0.5665009252056707,E_trailing
2025-06-07,0.0,99.4775489041192,-0.5665009252056707,E_trailing
2025-06-08,0.0,99.4775489041192,-0.5665009252056707,E_trailing
2025-06-09,0.0,99.4775489041192,-0.5665009252056707,E_trailing
2025-06-10,0.0,99.4775489041192,-0.5665009252056707,E_trailing
2025-06-11,0.0,99.4775489041192,-0.5665009252056707,E_trailing
2025-06-12,0.00302846117798668,99.48057736529718,-0.5634738050659505,E_trailing
2025-06-13,-0.021614035087719332,99.45896333020947,-0.5850782692045642,E_trailing
2025-06-14,0.0,99.45896333020947,-0.5850782692045642,E_trailing
2025-06-15,0.0,99.45896333020947,-0.5850782692045642,E_trailing
2025-06-16,0.0,99.45896333020947,-0.5850782692045642,E_trailing
2025-06-17,0.0,99.45896333020947,-0.5850782692045642,E_trailing
2025-06-18,0.0,99.45896333020947,-0.5850782692045642,E_trailing
2025-06-19,0.0,99.45896333020947,-0.5850782692045642,E_trailing
2025-06-20,0.0,99.45896333020947,-0.5850782692045642,E_trailing
2025-06-21,0.0,99.45896333020947,-0.5850782692045642,E_trailing
2025-06-22,0.0,99.45896333020947,-0.5850782692045642,E_trailing
2025-06-23,0.0,99.45896333020947,-0.5850782692045642,E_trailing
2025-06-24,0.0,99.45896333020947,-0.5850782692045642,E_trailing
2025-06-25,0.0,99.45896333020947,-0.5850782692045642,E_trailing
2025-06-26,0.0,99.45896333020947,-0.5850782692045642,E_trailing
2025-06-27,0.0,99.45896333020947,-0.5850782692045642,E_trailing
2025-06-28,0.0,99.45896333020947,-0.5850782692045642,E_trailing
2025-06-29,0.0,99.45896333020947,-0.5850782692045642,E_trailing
2025-06-30,0.0,99.45896333020947,-0.5850782692045642,E_trailing
2025-07-01,0.0,99.45896333020947,-0.5850782692045642,E_trailing
2025-07-02,0.0,99.45896333020947,-0.5850782692045642,E_trailing
2025-07-03,0.0,99.45896333020947,-0.5850782692045642,E_trailing
2025-07-04,0.0,99.45896333020947,-0.5850782692045642,E_trailing
2025-07-05,0.0,99.45896333020947,-0.5850782692045642,E_trailing
2025-07-06,0.0,99.45896333020947,-0.5850782692045642,E_trailing
2025-07-07,0.0,99.45896333020947,-0.5850782692045642,E_trailing
2025-07-08,0.0,99.45896333020947,-0.5850782692045642,E_trailing
2025-07-09,0.0,99.45896333020947,-0.5850782692045642,E_trailing
2025-07-10,0.0,99.45896333020947,-0.5850782692045642,E_trailing
2025-07-11,0.0,99.45896333020947,-0.5850782692045642,E_trailing
2025-07-12,0.0,99.45896333020947,-0.5850782692045642,E_trailing
2025-07-13,0.0,99.45896333020947,-0.5850782692045642,E_trailing
2025-07-14,0.0,99.45896333020947,-0.5850782692045642,E_trailing
2025-07-15,0.0,99.45896333020947,-0.5850782692045642,E_trailing
2025-07-16,0.0,99.45896333020947,-0.5850782692045642,E_trailing
2025-07-17,0.0,99.45896333020947,-0.5850782692045642,E_trailing
2025-07-18,0.0,99.45896333020947,-0.5850782692045642,E_trailing
2025-07-19,0.0,99.45896333020947,-0.5850782692045642,E_trailing
2025-07-20,0.0,99.45896333020947,-0.5850782692045642,E_trailing
2025-07-21,0.0,99.45896333020947,-0.5850782692045642,E_trailing
2025-07-22,0.0,99.45896333020947,-0.5850782692045642,E_trailing
2025-07-23,0.0,99.45896333020947,-0.5850782692045642,E_trailing
2025-07-24,0.0,99.45896333020947,-0.5850782692045642,E_trailing
2025-07-25,-0.019437001053703155,99.43952632915577,-0.6045066633254548,E_trailing
2025-07-26,0.0,99.43952632915577,-0.6045066633254548,E_trailing
2025-07-27,0.0,99.43952632915577,-0.6045066633254548,E_trailing
2025-07-28,-0.021614035087719297,99.41791229406805,-0.6261111274640907,E_trailing
2025-07-29,-0.021614035087719315,99.39629825898032,-0.6477155916027155,E_trailing
2025-07-30,0.0,99.39629825898032,-0.6477155916027155,E_trailing
2025-07-31,0.0038097938448815537,99.4001080528252,-0.6439074847793824,E_trailing
2025-08-01,-0.00017735000125557299,99.39993070282395,-0.6440847562479646,E_trailing
2025-08-02,0.0,99.39993070282395,-0.6440847562479646,E_trailing
2025-08-03,0.0,99.39993070282395,-0.6440847562479646,E_trailing
2025-08-04,0.0,99.39993070282395,-0.6440847562479646,E_trailing
2025-08-05,0.0,99.39993070282395,-0.6440847562479646,E_trailing
2025-08-06,0.0,99.39993070282395,-0.6440847562479646,E_trailing
2025-08-07,0.012116167289648254,99.4120468701136,-0.6319739541397862,E_trailing
2025-08-08,0.0,99.4120468701136,-0.6319739541397862,E_trailing
2025-08-09,0.0,99.4120468701136,-0.6319739541397862,E_trailing
2025-08-10,0.0,99.4120468701136,-0.6319739541397862,E_trailing
2025-08-11,0.0,99.4120468701136,-0.6319739541397862,E_trailing
2025-08-12,-0.021614035087719287,99.39043283502588,-0.653578418278411,E_trailing
2025-08-13,0.000842390780640487,99.39127522580652,-0.6527364005183167,E_trailing
2025-08-14,0.0,99.39127522580652,-0.6527364005183167,E_trailing
2025-08-15,0.0,99.39127522580652,-0.6527364005183167,E_trailing
2025-08-16,0.0,99.39127522580652,-0.6527364005183167,E_trailing
2025-08-17,0.0,99.39127522580652,-0.6527364005183167,E_trailing
2025-08-18,0.02928969529232124,99.42056492109884,-0.623459675047755,E_trailing
2025-08-19,0.0,99.42056492109884,-0.623459675047755,E_trailing
2025-08-20,0.0,99.42056492109884,-0.623459675047755,E_trailing
2025-08-21,0.0,99.42056492109884,-0.623459675047755,E_trailing
2025-08-22,0.0,99.42056492109884,-0.623459675047755,E_trailing
2025-08-23,0.0,99.42056492109884,-0.623459675047755,E_trailing
2025-08-24,0.0,99.42056492109884,-0.623459675047755,E_trailing
2025-08-25,0.0,99.42056492109884,-0.623459675047755,E_trailing
2025-08-26,0.0,99.42056492109884,-0.623459675047755,E_trailing
2025-08-27,0.0,99.42056492109884,-0.623459675047755,E_trailing
2025-08-28,-0.021614035087719308,99.39895088601112,-0.6450641391863798,E_trailing
2025-08-29,-0.02161403508771931,99.3773368509234,-0.6666686033250047,E_trailing
2025-08-30,0.0,99.3773368509234,-0.6666686033250047,E_trailing
2025-08-31,0.0,99.3773368509234,-0.6666686033250047,E_trailing
2025-09-01,0.0,99.3773368509234,-0.6666686033250047,E_trailing
2025-09-02,0.0,99.3773368509234,-0.6666686033250047,E_trailing
2025-09-03,0.0,99.3773368509234,-0.6666686033250047,E_trailing
2025-09-04,0.0,99.3773368509234,-0.6666686033250047,E_trailing
2025-09-05,0.0,99.3773368509234,-0.6666686033250047,E_trailing
2025-09-06,0.0,99.3773368509234,-0.6666686033250047,E_trailing
2025-09-07,0.0,99.3773368509234,-0.6666686033250047,E_trailing
2025-09-08,0.0,99.3773368509234,-0.6666686033250047,E_trailing
2025-09-09,0.0,99.3773368509234,-0.6666686033250047,E_trailing
2025-09-10,0.0,99.3773368509234,-0.6666686033250047,E_trailing
2025-09-11,0.0,99.3773368509234,-0.6666686033250047,E_trailing
2025-09-12,0.0,99.3773368509234,-0.6666686033250047,E_trailing
2025-09-13,0.0,99.3773368509234,-0.6666686033250047,E_trailing
2025-09-14,0.0,99.3773368509234,-0.6666686033250047,E_trailing
2025-09-15,0.0,99.3773368509234,-0.6666686033250047,E_trailing
2025-09-16,0.0,99.3773368509234,-0.6666686033250047,E_trailing
2025-09-17,0.0,99.3773368509234,-0.6666686033250047,E_trailing
2025-09-18,0.0,99.3773368509234,-0.6666686033250047,E_trailing
2025-09-19,0.0,99.3773368509234,-0.6666686033250047,E_trailing
2025-09-20,0.0,99.3773368509234,-0.6666686033250047,E_trailing
2025-09-21,0.0,99.3773368509234,-0.6666686033250047,E_trailing
2025-09-22,0.0,99.3773368509234,-0.6666686033250047,E_trailing
2025-09-23,0.0,99.3773368509234,-0.6666686033250047,E_trailing
2025-09-24,0.0,99.3773368509234,-0.6666686033250047,E_trailing
2025-09-25,-0.02161403508771931,99.35572281583568,-0.6882730674636406,E_trailing
2025-09-26,0.0,99.35572281583568,-0.6882730674636406,E_trailing
2025-09-27,0.0,99.35572281583568,-0.6882730674636406,E_trailing
2025-09-28,0.0,99.35572281583568,-0.6882730674636406,E_trailing
2025-09-29,0.0,99.35572281583568,-0.6882730674636406,E_trailing
2025-09-30,0.0,99.35572281583568,-0.6882730674636406,E_trailing
2025-10-01,0.0,99.35572281583568,-0.6882730674636406,E_trailing
2025-10-02,0.0,99.35572281583568,-0.6882730674636406,E_trailing
2025-10-03,0.0,99.35572281583568,-0.6882730674636406,E_trailing
2025-10-04,0.0,99.35572281583568,-0.6882730674636406,E_trailing
2025-10-05,0.0,99.35572281583568,-0.6882730674636406,E_trailing
2025-10-06,0.0,99.35572281583568,-0.6882730674636406,E_trailing
2025-10-07,0.0,99.35572281583568,-0.6882730674636406,E_trailing
2025-10-08,0.0,99.35572281583568,-0.6882730674636406,E_trailing
2025-10-09,0.0,99.35572281583568,-0.6882730674636406,E_trailing
2025-10-10,0.0,99.35572281583568,-0.6882730674636406,E_trailing
2025-10-11,0.0,99.35572281583568,-0.6882730674636406,E_trailing
2025-10-12,0.0,99.35572281583568,-0.6882730674636406,E_trailing
2025-10-13,0.0,99.35572281583568,-0.6882730674636406,E_trailing
2025-10-14,0.0,99.35572281583568,-0.6882730674636406,E_trailing
2025-10-15,0.0,99.35572281583568,-0.6882730674636406,E_trailing
2025-10-16,0.0,99.35572281583568,-0.6882730674636406,E_trailing
2025-10-17,0.0,99.35572281583568,-0.6882730674636406,E_trailing
2025-10-18,0.0,99.35572281583568,-0.6882730674636406,E_trailing
2025-10-19,0.0,99.35572281583568,-0.6882730674636406,E_trailing
2025-10-20,0.0,99.35572281583568,-0.6882730674636406,E_trailing
2025-10-21,0.0,99.35572281583568,-0.6882730674636406,E_trailing
2025-10-22,0.0,99.35572281583568,-0.6882730674636406,E_trailing
2025-10-23,0.0,99.35572281583568,-0.6882730674636406,E_trailing
2025-10-24,0.0034047950817292782,99.35912761091741,-0.6848697800652337,E_trailing
2025-10-25,0.0,99.35912761091741,-0.6848697800652337,E_trailing
2025-10-26,0.0,99.35912761091741,-0.6848697800652337,E_trailing
2025-10-27,-0.0004403696374430306,99.35868724127997,-0.6853099547018182,E_trailing
2025-10-28,0.0,99.35868724127997,-0.6853099547018182,E_trailing
2025-10-29,-0.0009230260574876767,99.35776421522249,-0.6862325720324969,E_trailing
2025-10-30,0.0,99.35776421522249,-0.6862325720324969,E_trailing
2025-10-31,0.0008699084070372726,99.35863412362951,-0.6853630488311557,E_trailing
2025-11-01,0.0,99.35863412362951,-0.6853630488311557,E_trailing
2025-11-02,0.0,99.35863412362951,-0.6853630488311557,E_trailing
2025-11-03,0.0,99.35863412362951,-0.6853630488311557,E_trailing
2025-11-04,0.0026574043498204607,99.36129152797933,-0.6827068212112541,E_trailing
2025-11-05,0.0,99.36129152797933,-0.6827068212112541,E_trailing
2025-11-06,0.0017998358469272465,99.36309136382627,-0.680907782352802,E_trailing
2025-11-07,0.0,99.36309136382627,-0.680907782352802,E_trailing
2025-11-08,0.0,99.36309136382627,-0.680907782352802,E_trailing
2025-11-09,0.0,99.36309136382627,-0.680907782352802,E_trailing
2025-11-10,0.0,99.36309136382627,-0.680907782352802,E_trailing
2025-11-11,0.0,99.36309136382627,-0.680907782352802,E_trailing
2025-11-12,0.0,99.36309136382627,-0.680907782352802,E_trailing
2025-11-13,0.0,99.36309136382627,-0.680907782352802,E_trailing
2025-11-14,0.0,99.36309136382627,-0.680907782352802,E_trailing
2025-11-15,0.0,99.36309136382627,-0.680907782352802,E_trailing
2025-11-16,0.0,99.36309136382627,-0.680907782352802,E_trailing
2025-11-17,0.0,99.36309136382627,-0.680907782352802,E_trailing
2025-11-18,0.0,99.36309136382627,-0.680907782352802,E_trailing
2025-11-19,0.0,99.36309136382627,-0.680907782352802,E_trailing
2025-11-20,0.0074103754944293354,99.3705017393207,-0.6735006882598538,E_trailing
2025-11-21,0.0,99.3705017393207,-0.6735006882598538,E_trailing
2025-11-22,0.0,99.3705017393207,-0.6735006882598538,E_trailing
2025-11-23,0.0,99.3705017393207,-0.6735006882598538,E_trailing
2025-11-24,0.0,99.3705017393207,-0.6735006882598538,E_trailing
2025-11-25,-0.021614035087719325,99.34888770423298,-0.6951051523984786,E_trailing
2025-11-26,0.0,99.34888770423298,-0.6951051523984786,E_trailing
2025-11-27,0.02447132757266299,99.37335903180563,-0.6706446610176608,E_trailing
2025-11-28,0.0,99.37335903180563,-0.6706446610176608,E_trailing
2025-11-29,0.0,99.37335903180563,-0.6706446610176608,E_trailing
2025-11-30,0.0,99.37335903180563,-0.6706446610176608,E_trailing
2025-12-01,0.0,99.37335903180563,-0.6706446610176608,E_trailing
2025-12-02,0.018960916121970605,99.3923199479276,-0.6516921410124832,E_trailing
2025-12-03,-0.002291511363141978,99.39002843656446,-0.6539826376674274,E_trailing
2025-12-04,0.0,99.39002843656446,-0.6539826376674274,E_trailing
2025-12-05,0.0,99.39002843656446,-0.6539826376674274,E_trailing
2025-12-06,0.0,99.39002843656446,-0.6539826376674274,E_trailing
2025-12-07,0.0,99.39002843656446,-0.6539826376674274,E_trailing
2025-12-08,0.0,99.39002843656446,-0.6539826376674274,E_trailing
2025-12-09,0.0,99.39002843656446,-0.6539826376674274,E_trailing
2025-12-10,0.0,99.39002843656446,-0.6539826376674274,E_trailing
2025-12-11,0.0,99.39002843656446,-0.6539826376674274,E_trailing
2025-12-12,0.0,99.39002843656446,-0.6539826376674274,E_trailing
2025-12-13,0.0,99.39002843656446,-0.6539826376674274,E_trailing
2025-12-14,0.0,99.39002843656446,-0.6539826376674274,E_trailing
2025-12-15,0.0,99.39002843656446,-0.6539826376674274,E_trailing
2025-12-16,0.0,99.39002843656446,-0.6539826376674274,E_trailing
2025-12-17,0.0,99.39002843656446,-0.6539826376674274,E_trailing
2025-12-18,0.0,99.39002843656446,-0.6539826376674274,E_trailing
2025-12-19,0.0,99.39002843656446,-0.6539826376674274,E_trailing
2025-12-20,0.0,99.39002843656446,-0.6539826376674274,E_trailing
2025-12-21,0.0,99.39002843656446,-0.6539826376674274,E_trailing
2025-12-22,0.0,99.39002843656446,-0.6539826376674274,E_trailing
2025-12-23,0.0,99.39002843656446,-0.6539826376674274,E_trailing
2025-12-24,0.0,99.39002843656446,-0.6539826376674274,E_trailing
2025-12-25,0.0,99.39002843656446,-0.6539826376674274,E_trailing
2025-12-26,0.0,99.39002843656446,-0.6539826376674274,E_trailing
2025-12-27,0.0,99.39002843656446,-0.6539826376674274,E_trailing
2025-12-28,0.0,99.39002843656446,-0.6539826376674274,E_trailing
2025-12-29,0.0,99.39002843656446,-0.6539826376674274,E_trailing
2025-12-30,0.0,99.39002843656446,-0.6539826376674274,E_trailing
2025-12-31,0.0,99.39002843656446,-0.6539826376674274,E_trailing
2026-01-01,-0.02161403508771933,99.36841440147676,-0.6755871018060411,E_trailing
2026-01-02,0.0,99.36841440147676,-0.6755871018060411,E_trailing
2026-01-03,0.0,99.36841440147676,-0.6755871018060411,E_trailing
2026-01-04,0.0,99.36841440147676,-0.6755871018060411,E_trailing
2026-01-05,0.0,99.36841440147676,-0.6755871018060411,E_trailing
2026-01-06,0.0,99.36841440147676,-0.6755871018060411,E_trailing
2026-01-07,0.0,99.36841440147676,-0.6755871018060411,E_trailing
2026-01-08,0.0,99.36841440147676,-0.6755871018060411,E_trailing
2026-01-09,-0.02161403508771932,99.34680036638903,-0.6971915659446659,E_trailing
2026-01-10,0.0,99.34680036638903,-0.6971915659446659,E_trailing
2026-01-11,0.0,99.34680036638903,-0.6971915659446659,E_trailing
2026-01-12,0.0,99.34680036638903,-0.6971915659446659,E_trailing
2026-01-13,0.0,99.34680036638903,-0.6971915659446659,E_trailing
2026-01-14,0.0004781562902052766,99.34727852267923,-0.6967136213877012,E_trailing
2026-01-15,0.0,99.34727852267923,-0.6967136213877012,E_trailing
2026-01-16,0.0,99.34727852267923,-0.6967136213877012,E_trailing
2026-01-17,0.0,99.34727852267923,-0.6967136213877012,E_trailing
2026-01-18,0.0,99.34727852267923,-0.6967136213877012,E_trailing
2026-01-19,0.0,99.34727852267923,-0.6967136213877012,E_trailing
2026-01-20,0.0,99.34727852267923,-0.6967136213877012,E_trailing
2026-01-21,-0.021614035087719335,99.32566448759151,-0.718318085526326,E_trailing
2026-01-22,0.0,99.32566448759151,-0.718318085526326,E_trailing
2026-01-23,0.0,99.32566448759151,-0.718318085526326,E_trailing
2026-01-24,0.0,99.32566448759151,-0.718318085526326,E_trailing
2026-01-25,0.0,99.32566448759151,-0.718318085526326,E_trailing
2026-01-26,0.0,99.32566448759151,-0.718318085526326,E_trailing
2026-01-27,0.0,99.32566448759151,-0.718318085526326,E_trailing
2026-01-28,0.0012074873612747331,99.3268719749528,-0.7171111328546531,E_trailing
2026-01-29,0.0045129301350271675,99.33138490508782,-0.7126002010982013,E_trailing
2026-01-30,0.00019726723008148847,99.3315821723179,-0.7124030212203758,E_trailing
2026-01-31,0.0,99.3315821723179,-0.7124030212203758,E_trailing
2026-02-01,-0.011140326487720311,99.32044184583017,-0.7235384146404233,E_trailing
2026-02-02,0.0,99.32044184583017,-0.7235384146404233,E_trailing
2026-02-03,0.03165666002349988,99.35209850585368,-0.6918957725585262,E_trailing
2026-02-04,0.0,99.35209850585368,-0.6918957725585262,E_trailing
2026-02-05,0.0,99.35209850585368,-0.6918957725585262,E_trailing
2026-02-06,0.0,99.35209850585368,-0.6918957725585262,E_trailing
2026-02-07,0.0,99.35209850585368,-0.6918957725585262,E_trailing
2026-02-08,0.0,99.35209850585368,-0.6918957725585262,E_trailing
2026-02-09,0.0,99.35209850585368,-0.6918957725585262,E_trailing
2026-02-10,0.0,99.35209850585368,-0.6918957725585262,E_trailing
2026-02-11,0.0,99.35209850585368,-0.6918957725585262,E_trailing
2026-02-12,0.0,99.35209850585368,-0.6918957725585262,E_trailing
2026-02-13,0.0,99.35209850585368,-0.6918957725585262,E_trailing
2026-02-14,0.0,99.35209850585368,-0.6918957725585262,E_trailing
2026-02-15,0.0,99.35209850585368,-0.6918957725585262,E_trailing
2026-02-16,0.0,99.35209850585368,-0.6918957725585262,E_trailing
2026-02-17,0.0,99.35209850585368,-0.6918957725585262,E_trailing
2026-02-18,0.012734103964658221,99.36483260981834,-0.6791673074049598,E_trailing
2026-02-19,0.0029978162500539714,99.3678304260684,-0.6761708186232118,E_trailing
2026-02-20,0.002740798929329931,99.37057122499772,-0.6734312333519066,E_trailing
2026-02-21,0.0,99.37057122499772,-0.6734312333519066,E_trailing
2026-02-22,0.0,99.37057122499772,-0.6734312333519066,E_trailing
2026-02-23,0.0,99.37057122499772,-0.6734312333519066,E_trailing
2026-02-24,0.0,99.37057122499772,-0.6734312333519066,E_trailing
2026-02-25,0.0,99.37057122499772,-0.6734312333519066,E_trailing
2026-02-26,0.0,99.37057122499772,-0.6734312333519066,E_trailing
2026-02-27,0.0,99.37057122499772,-0.6734312333519066,E_trailing
2026-02-28,0.0,99.37057122499772,-0.6734312333519066,E_trailing
2026-03-01,0.0,99.37057122499772,-0.6734312333519066,E_trailing
2026-03-02,-0.0266000489835905,99.34397117601414,-0.7000195035207657,E_trailing
2021-07-09,-0.030482418605140445,99.96951758139485,0.0,F_breakeven
2021-07-10,0.0,99.96951758139485,0.0,F_breakeven
2021-07-11,0.0,99.96951758139485,0.0,F_breakeven
2021-07-12,0.000597404864570562,99.97011498625943,0.0,F_breakeven
2021-07-13,-0.0014608579896292896,99.9686541282698,-0.0014612946977465846,F_breakeven
2021-07-14,0.0,99.9686541282698,-0.0014612946977465846,F_breakeven
2021-07-15,0.0,99.9686541282698,-0.0014612946977465846,F_breakeven
2021-07-16,0.0,99.9686541282698,-0.0014612946977465846,F_breakeven
2021-07-17,0.0,99.9686541282698,-0.0014612946977465846,F_breakeven
2021-07-18,0.0,99.9686541282698,-0.0014612946977465846,F_breakeven
2021-07-19,0.0,99.9686541282698,-0.0014612946977465846,F_breakeven
2021-07-20,-0.0009471948149648778,99.96770693345483,-0.002408772666639969,F_breakeven
2021-07-21,0.0,99.96770693345483,-0.002408772666639969,F_breakeven
2021-07-22,0.0,99.96770693345483,-0.002408772666639969,F_breakeven
2021-07-23,0.0,99.96770693345483,-0.002408772666639969,F_breakeven
2021-07-24,0.0,99.96770693345483,-0.002408772666639969,F_breakeven
2021-07-25,0.0,99.96770693345483,-0.002408772666639969,F_breakeven
2021-07-26,0.0,99.96770693345483,-0.002408772666639969,F_breakeven
2021-07-27,0.0,99.96770693345483,-0.002408772666639969,F_breakeven
2021-07-28,0.0,99.96770693345483,-0.002408772666639969,F_breakeven
2021-07-29,0.0,99.96770693345483,-0.002408772666639969,F_breakeven
2021-07-30,0.0,99.96770693345483,-0.002408772666639969,F_breakeven
2021-07-31,0.0,99.96770693345483,-0.002408772666639969,F_breakeven
2021-08-01,0.0,99.96770693345483,-0.002408772666639969,F_breakeven
2021-08-02,-0.0012187076988807437,99.96648822575595,-0.003627844685361037,F_breakeven
2021-08-03,0.0,99.96648822575595,-0.003627844685361037,F_breakeven
2021-08-04,0.0,99.96648822575595,-0.003627844685361037,F_breakeven
2021-08-05,0.0,99.96648822575595,-0.003627844685361037,F_breakeven
2021-08-06,0.0,99.96648822575595,-0.003627844685361037,F_breakeven
2021-08-07,0.0,99.96648822575595,-0.003627844685361037,F_breakeven
2021-08-08,0.0,99.96648822575595,-0.003627844685361037,F_breakeven
2021-08-09,0.0,99.96648822575595,-0.003627844685361037,F_breakeven
2021-08-10,0.0,99.96648822575595,-0.003627844685361037,F_breakeven
2021-08-11,0.0,99.96648822575595,-0.003627844685361037,F_breakeven
2021-08-12,-0.002920913687001205,99.96356731206896,-0.006549631548757873,F_breakeven
2021-08-13,0.0,99.96356731206896,-0.006549631548757873,F_breakeven
2021-08-14,0.0,99.96356731206896,-0.006549631548757873,F_breakeven
2021-08-15,0.0,99.96356731206896,-0.006549631548757873,F_breakeven
2021-08-16,0.0,99.96356731206896,-0.006549631548757873,F_breakeven
2021-08-17,0.0,99.96356731206896,-0.006549631548757873,F_breakeven
2021-08-18,0.0,99.96356731206896,-0.006549631548757873,F_breakeven
2021-08-19,0.0,99.96356731206896,-0.006549631548757873,F_breakeven
2021-08-20,0.0,99.96356731206896,-0.006549631548757873,F_breakeven
2021-08-21,0.0,99.96356731206896,-0.006549631548757873,F_breakeven
2021-08-22,0.0,99.96356731206896,-0.006549631548757873,F_breakeven
2021-08-23,0.0,99.96356731206896,-0.006549631548757873,F_breakeven
2021-08-24,0.0,99.96356731206896,-0.006549631548757873,F_breakeven
2021-08-25,0.0,99.96356731206896,-0.006549631548757873,F_breakeven
2021-08-26,0.0,99.96356731206896,-0.006549631548757873,F_breakeven
2021-08-27,0.0,99.96356731206896,-0.006549631548757873,F_breakeven
2021-08-28,0.0,99.96356731206896,-0.006549631548757873,F_breakeven
2021-08-29,0.0,99.96356731206896,-0.006549631548757873,F_breakeven
2021-08-30,0.0,99.96356731206896,-0.006549631548757873,F_breakeven
2021-08-31,0.0,99.96356731206896,-0.006549631548757873,F_breakeven
2021-09-01,0.0,99.96356731206896,-0.006549631548757873,F_breakeven
2021-09-02,0.0,99.96356731206896,-0.006549631548757873,F_breakeven
2021-09-03,0.0,99.96356731206896,-0.006549631548757873,F_breakeven
2021-09-04,0.0,99.96356731206896,-0.006549631548757873,F_breakeven
2021-09-05,0.0,99.96356731206896,-0.006549631548757873,F_breakeven
2021-09-06,0.0,99.96356731206896,-0.006549631548757873,F_breakeven
2021-09-07,0.0,99.96356731206896,-0.006549631548757873,F_breakeven
2021-09-08,0.0,99.96356731206896,-0.006549631548757873,F_breakeven
2021-09-09,0.0,99.96356731206896,-0.006549631548757873,F_breakeven
2021-09-10,0.0,99.96356731206896,-0.006549631548757873,F_breakeven
2021-09-11,0.0,99.96356731206896,-0.006549631548757873,F_breakeven
2021-09-12,0.0,99.96356731206896,-0.006549631548757873,F_breakeven
2021-09-13,0.0,99.96356731206896,-0.006549631548757873,F_breakeven
2021-09-14,0.0,99.96356731206896,-0.006549631548757873,F_breakeven
2021-09-15,0.0,99.96356731206896,-0.006549631548757873,F_breakeven
2021-09-16,0.0,99.96356731206896,-0.006549631548757873,F_breakeven
2021-09-17,0.0,99.96356731206896,-0.006549631548757873,F_breakeven
2021-09-18,0.0,99.96356731206896,-0.006549631548757873,F_breakeven
2021-09-19,0.0,99.96356731206896,-0.006549631548757873,F_breakeven
2021-09-20,0.0,99.96356731206896,-0.006549631548757873,F_breakeven
2021-09-21,0.0,99.96356731206896,-0.006549631548757873,F_breakeven
2021-09-22,0.0,99.96356731206896,-0.006549631548757873,F_breakeven
2021-09-23,0.0,99.96356731206896,-0.006549631548757873,F_breakeven
2021-09-24,0.0,99.96356731206896,-0.006549631548757873,F_breakeven
2021-09-25,0.0,99.96356731206896,-0.006549631548757873,F_breakeven
2021-09-26,0.0,99.96356731206896,-0.006549631548757873,F_breakeven
2021-09-27,0.0,99.96356731206896,-0.006549631548757873,F_breakeven
2021-09-28,0.0,99.96356731206896,-0.006549631548757873,F_breakeven
2021-09-29,0.0,99.96356731206896,-0.006549631548757873,F_breakeven
2021-09-30,0.0,99.96356731206896,-0.006549631548757873,F_breakeven
2021-10-01,0.4437866228045182,100.40735393487347,0.0,F_breakeven
2021-10-02,0.0,100.40735393487347,0.0,F_breakeven
2021-10-03,0.0,100.40735393487347,0.0,F_breakeven
2021-10-04,0.0,100.40735393487347,0.0,F_breakeven
2021-10-05,0.0,100.40735393487347,0.0,F_breakeven
2021-10-06,0.0,100.40735393487347,0.0,F_breakeven
2021-10-07,0.0,100.40735393487347,0.0,F_breakeven
2021-10-08,0.0,100.40735393487347,0.0,F_breakeven
2021-10-09,0.0,100.40735393487347,0.0,F_breakeven
2021-10-10,0.0,100.40735393487347,0.0,F_breakeven
2021-10-11,-0.015566539279837182,100.39178739559364,-0.015503385628434785,F_breakeven
2021-10-12,-0.002837750104175762,100.38894964548946,-0.01832962294370244,F_breakeven
2021-10-13,0.0,100.38894964548946,-0.01832962294370244,F_breakeven
2021-10-14,0.0,100.38894964548946,-0.01832962294370244,F_breakeven
2021-10-15,0.0,100.38894964548946,-0.01832962294370244,F_breakeven
2021-10-16,0.0,100.38894964548946,-0.01832962294370244,F_breakeven
2021-10-17,0.0,100.38894964548946,-0.01832962294370244,F_breakeven
2021-10-18,0.0,100.38894964548946,-0.01832962294370244,F_breakeven
2021-10-19,0.0,100.38894964548946,-0.01832962294370244,F_breakeven
2021-10-20,0.0,100.38894964548946,-0.01832962294370244,F_breakeven
2021-10-21,-0.0005902206238328807,100.38835942486563,-0.018917449034827616,F_breakeven
2021-10-22,-0.016711340417183994,100.37164808444844,-0.03556099132757673,F_breakeven
2021-10-23,0.0,100.37164808444844,-0.03556099132757673,F_breakeven
2021-10-24,0.0,100.37164808444844,-0.03556099132757673,F_breakeven
2021-10-25,0.0,100.37164808444844,-0.03556099132757673,F_breakeven
2021-10-26,0.0,100.37164808444844,-0.03556099132757673,F_breakeven
2021-10-27,0.0,100.37164808444844,-0.03556099132757673,F_breakeven
2021-10-28,0.0,100.37164808444844,-0.03556099132757673,F_breakeven
2021-10-29,0.0017880768698484274,100.3734361613183,-0.03378016870873024,F_breakeven
2021-10-30,0.0,100.3734361613183,-0.03378016870873024,F_breakeven
2021-10-31,0.0,100.3734361613183,-0.03378016870873024,F_breakeven
2021-11-01,0.0,100.3734361613183,-0.03378016870873024,F_breakeven
2021-11-02,0.0,100.3734361613183,-0.03378016870873024,F_breakeven
2021-11-03,-0.003014768892062028,100.37042139242622,-0.036782706644378216,F_breakeven
2021-11-04,0.0,100.37042139242622,-0.036782706644378216,F_breakeven
2021-11-05,0.0,100.37042139242622,-0.036782706644378216,F_breakeven
2021-11-06,0.0,100.37042139242622,-0.036782706644378216,F_breakeven
2021-11-07,0.0,100.37042139242622,-0.036782706644378216,F_breakeven
2021-11-08,0.0,100.37042139242622,-0.036782706644378216,F_breakeven
2021-11-09,0.0,100.37042139242622,-0.036782706644378216,F_breakeven
2021-11-10,0.0,100.37042139242622,-0.036782706644378216,F_breakeven
2021-11-11,0.0,100.37042139242622,-0.036782706644378216,F_breakeven
2021-11-12,0.0,100.37042139242622,-0.036782706644378216,F_breakeven
2021-11-13,0.0,100.37042139242622,-0.036782706644378216,F_breakeven
2021-11-14,0.0,100.37042139242622,-0.036782706644378216,F_breakeven
2021-11-15,0.0,100.37042139242622,-0.036782706644378216,F_breakeven
2021-11-16,0.0,100.37042139242622,-0.036782706644378216,F_breakeven
2021-11-17,0.0,100.37042139242622,-0.036782706644378216,F_breakeven
2021-11-18,0.0,100.37042139242622,-0.036782706644378216,F_breakeven
2021-11-19,0.0,100.37042139242622,-0.036782706644378216,F_breakeven
2021-11-20,0.0,100.37042139242622,-0.036782706644378216,F_breakeven
2021-11-21,0.0,100.37042139242622,-0.036782706644378216,F_breakeven
2021-11-22,0.0,100.37042139242622,-0.036782706644378216,F_breakeven
2021-11-23,0.0,100.37042139242622,-0.036782706644378216,F_breakeven
2021-11-24,0.0,100.37042139242622,-0.036782706644378216,F_breakeven
2021-11-25,0.0,100.37042139242622,-0.036782706644378216,F_breakeven
2021-11-26,0.0,100.37042139242622,-0.036782706644378216,F_breakeven
2021-11-27,0.0,100.37042139242622,-0.036782706644378216,F_breakeven
2021-11-28,0.0,100.37042139242622,-0.036782706644378216,F_breakeven
2021-11-29,0.0,100.37042139242622,-0.036782706644378216,F_breakeven
2021-11-30,0.0,100.37042139242622,-0.036782706644378216,F_breakeven
2021-12-01,0.0,100.37042139242622,-0.036782706644378216,F_breakeven
2021-12-02,0.0,100.37042139242622,-0.036782706644378216,F_breakeven
2021-12-03,0.0,100.37042139242622,-0.036782706644378216,F_breakeven
2021-12-04,0.0,100.37042139242622,-0.036782706644378216,F_breakeven
2021-12-05,0.0,100.37042139242622,-0.036782706644378216,F_breakeven
2021-12-06,0.0,100.37042139242622,-0.036782706644378216,F_breakeven
2021-12-07,0.0,100.37042139242622,-0.036782706644378216,F_breakeven
2021-12-08,0.0,100.37042139242622,-0.036782706644378216,F_breakeven
2021-12-09,0.0,100.37042139242622,-0.036782706644378216,F_breakeven
2021-12-10,0.0,100.37042139242622,-0.036782706644378216,F_breakeven
2021-12-11,0.0,100.37042139242622,-0.036782706644378216,F_breakeven
2021-12-12,0.0,100.37042139242622,-0.036782706644378216,F_breakeven
2021-12-13,0.0,100.37042139242622,-0.036782706644378216,F_breakeven
2021-12-14,0.0,100.37042139242622,-0.036782706644378216,F_breakeven
2021-12-15,0.0,100.37042139242622,-0.036782706644378216,F_breakeven
2021-12-16,0.0,100.37042139242622,-0.036782706644378216,F_breakeven
2021-12-17,0.0,100.37042139242622,-0.036782706644378216,F_breakeven
2021-12-18,0.0,100.37042139242622,-0.036782706644378216,F_breakeven
2021-12-19,0.0,100.37042139242622,-0.036782706644378216,F_breakeven
2021-12-20,0.0,100.37042139242622,-0.036782706644378216,F_breakeven
2021-12-21,0.0,100.37042139242622,-0.036782706644378216,F_breakeven
2021-12-22,0.0,100.37042139242622,-0.036782706644378216,F_breakeven
2021-12-23,0.0,100.37042139242622,-0.036782706644378216,F_breakeven
2021-12-24,0.0,100.37042139242622,-0.036782706644378216,F_breakeven
2021-12-25,0.0,100.37042139242622,-0.036782706644378216,F_breakeven
2021-12-26,0.0,100.37042139242622,-0.036782706644378216,F_breakeven
2021-12-27,0.0,100.37042139242622,-0.036782706644378216,F_breakeven
2021-12-28,0.0,100.37042139242622,-0.036782706644378216,F_breakeven
2021-12-29,0.0,100.37042139242622,-0.036782706644378216,F_breakeven
2021-12-30,0.0,100.37042139242622,-0.036782706644378216,F_breakeven
2021-12-31,0.0,100.37042139242622,-0.036782706644378216,F_breakeven
2022-01-01,0.0,100.37042139242622,-0.036782706644378216,F_breakeven
2022-01-02,0.0,100.37042139242622,-0.036782706644378216,F_breakeven
2022-01-03,0.07335875307951827,100.44378014550574,0.0,F_breakeven
2022-01-04,0.0,100.44378014550574,0.0,F_breakeven
2022-01-05,0.0,100.44378014550574,0.0,F_breakeven
2022-01-06,0.0,100.44378014550574,0.0,F_breakeven
2022-01-07,0.0,100.44378014550574,0.0,F_breakeven
2022-01-08,0.0,100.44378014550574,0.0,F_breakeven
2022-01-09,0.0,100.44378014550574,0.0,F_breakeven
2022-01-10,0.0,100.44378014550574,0.0,F_breakeven
2022-01-11,-0.020127677070915534,100.42365246843484,-0.020038749081074947,F_breakeven
2022-01-12,-0.0019516806773046734,100.42170078775753,-0.02198180685376583,F_breakeven
2022-01-13,0.0,100.42170078775753,-0.02198180685376583,F_breakeven
2022-01-14,0.0,100.42170078775753,-0.02198180685376583,F_breakeven
2022-01-15,0.0,100.42170078775753,-0.02198180685376583,F_breakeven
2022-01-16,0.0,100.42170078775753,-0.02198180685376583,F_breakeven
2022-01-17,-0.0055184042023954,100.41618238355512,-0.027475829673706542,F_breakeven
2022-01-18,0.0,100.41618238355512,-0.027475829673706542,F_breakeven
2022-01-19,-0.004166306176399903,100.41201607737874,-0.03162372829954574,F_breakeven
2022-01-20,0.001550499141297972,100.41356657652003,-0.0300800795648537,F_breakeven
2022-01-21,-0.0035280823118518817,100.41003849420818,-0.03359257412324235,F_breakeven
2022-01-22,0.0,100.41003849420818,-0.03359257412324235,F_breakeven
2022-01-23,0.0,100.41003849420818,-0.03359257412324235,F_breakeven
2022-01-24,0.0,100.41003849420818,-0.03359257412324235,F_breakeven
2022-01-25,-0.010639313394729732,100.39939918081345,-0.044184880963260564,F_breakeven
2022-01-26,0.0,100.39939918081345,-0.044184880963260564,F_breakeven
2022-01-27,0.0,100.39939918081345,-0.044184880963260564,F_breakeven
2022-01-28,-0.0022718511099329842,100.39712732970351,-0.0464466945933828,F_breakeven
2022-01-29,0.0,100.39712732970351,-0.0464466945933828,F_breakeven
2022-01-30,0.0,100.39712732970351,-0.0464466945933828,F_breakeven
2022-01-31,0.0,100.39712732970351,-0.0464466945933828,F_breakeven
2022-02-01,0.0,100.39712732970351,-0.0464466945933828,F_breakeven
2022-02-02,0.0,100.39712732970351,-0.0464466945933828,F_breakeven
2022-02-03,0.0,100.39712732970351,-0.0464466945933828,F_breakeven
2022-02-04,0.0,100.39712732970351,-0.0464466945933828,F_breakeven
2022-02-05,0.0,100.39712732970351,-0.0464466945933828,F_breakeven
2022-02-06,0.0,100.39712732970351,-0.0464466945933828,F_breakeven
2022-02-07,0.0,100.39712732970351,-0.0464466945933828,F_breakeven
2022-02-08,0.0,100.39712732970351,-0.0464466945933828,F_breakeven
2022-02-09,0.0,100.39712732970351,-0.0464466945933828,F_breakeven
2022-02-10,0.0,100.39712732970351,-0.0464466945933828,F_breakeven
2022-02-11,0.0,100.39712732970351,-0.0464466945933828,F_breakeven
2022-02-12,0.0,100.39712732970351,-0.0464466945933828,F_breakeven
2022-02-13,0.0,100.39712732970351,-0.0464466945933828,F_breakeven
2022-02-14,0.0,100.39712732970351,-0.0464466945933828,F_breakeven
2022-02-15,0.0,100.39712732970351,-0.0464466945933828,F_breakeven
2022-02-16,0.0,100.39712732970351,-0.0464466945933828,F_breakeven
2022-02-17,0.0,100.39712732970351,-0.0464466945933828,F_breakeven
2022-02-18,0.0,100.39712732970351,-0.0464466945933828,F_breakeven
2022-02-19,0.0,100.39712732970351,-0.0464466945933828,F_breakeven
2022-02-20,0.0,100.39712732970351,-0.0464466945933828,F_breakeven
2022-02-21,0.0,100.39712732970351,-0.0464466945933828,F_breakeven
2022-02-22,0.0,100.39712732970351,-0.0464466945933828,F_breakeven
2022-02-23,0.0,100.39712732970351,-0.0464466945933828,F_breakeven
2022-02-24,0.0,100.39712732970351,-0.0464466945933828,F_breakeven
2022-02-25,0.0,100.39712732970351,-0.0464466945933828,F_breakeven
2022-02-26,0.0,100.39712732970351,-0.0464466945933828,F_breakeven
2022-02-27,0.0,100.39712732970351,-0.0464466945933828,F_breakeven
2022-02-28,0.0,100.39712732970351,-0.0464466945933828,F_breakeven
2022-03-01,0.0,100.39712732970351,-0.0464466945933828,F_breakeven
2022-03-02,0.0,100.39712732970351,-0.0464466945933828,F_breakeven
2022-03-03,-0.005605103771299349,100.39152222593222,-0.052027033926660415,F_breakeven
2022-03-04,0.0,100.39152222593222,-0.052027033926660415,F_breakeven
2022-03-05,0.0,100.39152222593222,-0.052027033926660415,F_breakeven
2022-03-06,0.0,100.39152222593222,-0.052027033926660415,F_breakeven
2022-03-07,-0.010422496998041157,100.38109972893417,-0.062403482306983005,F_breakeven
2022-03-08,0.0,100.38109972893417,-0.062403482306983005,F_breakeven
2022-03-09,0.0,100.38109972893417,-0.062403482306983005,F_breakeven
2022-03-10,0.0,100.38109972893417,-0.062403482306983005,F_breakeven
2022-03-11,0.0,100.38109972893417,-0.062403482306983005,F_breakeven
2022-03-12,0.0,100.38109972893417,-0.062403482306983005,F_breakeven
2022-03-13,0.0,100.38109972893417,-0.062403482306983005,F_breakeven
2022-03-14,0.0,100.38109972893417,-0.062403482306983005,F_breakeven
2022-03-15,0.0,100.38109972893417,-0.062403482306983005,F_breakeven
2022-03-16,0.0,100.38109972893417,-0.062403482306983005,F_breakeven
2022-03-17,0.0,100.38109972893417,-0.062403482306983005,F_breakeven
2022-03-18,0.0,100.38109972893417,-0.062403482306983005,F_breakeven
2022-03-19,0.0,100.38109972893417,-0.062403482306983005,F_breakeven
2022-03-20,0.0,100.38109972893417,-0.062403482306983005,F_breakeven
2022-03-21,0.0,100.38109972893417,-0.062403482306983005,F_breakeven
2022-03-22,0.0,100.38109972893417,-0.062403482306983005,F_breakeven
2022-03-23,0.0,100.38109972893417,-0.062403482306983005,F_breakeven
2022-03-24,0.0,100.38109972893417,-0.062403482306983005,F_breakeven
2022-03-25,0.0,100.38109972893417,-0.062403482306983005,F_breakeven
2022-03-26,0.0,100.38109972893417,-0.062403482306983005,F_breakeven
2022-03-27,0.0,100.38109972893417,-0.062403482306983005,F_breakeven
2022-03-28,0.0,100.38109972893417,-0.062403482306983005,F_breakeven
2022-03-29,0.0,100.38109972893417,-0.062403482306983005,F_breakeven
2022-03-30,0.0,100.38109972893417,-0.062403482306983005,F_breakeven
2022-03-31,0.0,100.38109972893417,-0.062403482306983005,F_breakeven
2022-04-01,0.0,100.38109972893417,-0.062403482306983005,F_breakeven
2022-04-02,0.0,100.38109972893417,-0.062403482306983005,F_breakeven
2022-04-03,0.0,100.38109972893417,-0.062403482306983005,F_breakeven
2022-04-04,0.0,100.38109972893417,-0.062403482306983005,F_breakeven
2022-04-05,0.0,100.38109972893417,-0.062403482306983005,F_breakeven
2022-04-06,0.0,100.38109972893417,-0.062403482306983005,F_breakeven
2022-04-07,0.0,100.38109972893417,-0.062403482306983005,F_breakeven
2022-04-08,0.0,100.38109972893417,-0.062403482306983005,F_breakeven
2022-04-09,0.0,100.38109972893417,-0.062403482306983005,F_breakeven
2022-04-10,0.0,100.38109972893417,-0.062403482306983005,F_breakeven
2022-04-11,0.0,100.38109972893417,-0.062403482306983005,F_breakeven
2022-04-12,0.0,100.38109972893417,-0.062403482306983005,F_breakeven
2022-04-13,-0.08305236795482927,100.29804736097934,-0.1450889087560081,F_breakeven
2022-04-14,0.0,100.29804736097934,-0.1450889087560081,F_breakeven
2022-04-15,0.0,100.29804736097934,-0.1450889087560081,F_breakeven
2022-04-16,0.0,100.29804736097934,-0.1450889087560081,F_breakeven
2022-04-17,0.0,100.29804736097934,-0.1450889087560081,F_breakeven
2022-04-18,-0.005010272511459491,100.29303708846788,-0.15007704490959117,F_breakeven
2022-04-19,-0.0013534513484614022,100.29168363711942,-0.15142451644690746,F_breakeven
2022-04-20,0.0007812952751348971,100.29246493239457,-0.1506466730861522,F_breakeven
2022-04-21,0.0,100.29246493239457,-0.1506466730861522,F_breakeven
2022-04-22,0.0,100.29246493239457,-0.1506466730861522,F_breakeven
2022-04-23,0.0,100.29246493239457,-0.1506466730861522,F_breakeven
2022-04-24,0.0,100.29246493239457,-0.1506466730861522,F_breakeven
2022-04-25,0.0,100.29246493239457,-0.1506466730861522,F_breakeven
2022-04-26,0.0,100.29246493239457,-0.1506466730861522,F_breakeven
2022-04-27,0.0,100.29246493239457,-0.1506466730861522,F_breakeven
2022-04-28,0.0,100.29246493239457,-0.1506466730861522,F_breakeven
2022-04-29,0.0,100.29246493239457,-0.1506466730861522,F_breakeven
2022-04-30,0.0,100.29246493239457,-0.1506466730861522,F_breakeven
2022-05-01,0.0,100.29246493239457,-0.1506466730861522,F_breakeven
2022-05-02,0.0,100.29246493239457,-0.1506466730861522,F_breakeven
2022-05-03,0.0,100.29246493239457,-0.1506466730861522,F_breakeven
2022-05-04,0.0,100.29246493239457,-0.1506466730861522,F_breakeven
2022-05-05,0.0,100.29246493239457,-0.1506466730861522,F_breakeven
2022-05-06,0.0,100.29246493239457,-0.1506466730861522,F_breakeven
2022-05-07,0.0,100.29246493239457,-0.1506466730861522,F_breakeven
2022-05-08,0.0,100.29246493239457,-0.1506466730861522,F_breakeven
2022-05-09,0.0,100.29246493239457,-0.1506466730861522,F_breakeven
2022-05-10,0.0,100.29246493239457,-0.1506466730861522,F_breakeven
2022-05-11,0.0,100.29246493239457,-0.1506466730861522,F_breakeven
2022-05-12,0.0,100.29246493239457,-0.1506466730861522,F_breakeven
2022-05-13,0.0,100.29246493239457,-0.1506466730861522,F_breakeven
2022-05-14,0.0,100.29246493239457,-0.1506466730861522,F_breakeven
2022-05-15,0.0,100.29246493239457,-0.1506466730861522,F_breakeven
2022-05-16,0.0,100.29246493239457,-0.1506466730861522,F_breakeven
2022-05-17,0.0,100.29246493239457,-0.1506466730861522,F_breakeven
2022-05-18,0.0,100.29246493239457,-0.1506466730861522,F_breakeven
2022-05-19,0.0,100.29246493239457,-0.1506466730861522,F_breakeven
2022-05-20,0.0,100.29246493239457,-0.1506466730861522,F_breakeven
2022-05-21,0.0,100.29246493239457,-0.1506466730861522,F_breakeven
2022-05-22,0.0,100.29246493239457,-0.1506466730861522,F_breakeven
2022-05-23,0.0,100.29246493239457,-0.1506466730861522,F_breakeven
2022-05-24,0.0,100.29246493239457,-0.1506466730861522,F_breakeven
2022-05-25,0.0,100.29246493239457,-0.1506466730861522,F_breakeven
2022-05-26,0.0,100.29246493239457,-0.1506466730861522,F_breakeven
2022-05-27,0.0,100.29246493239457,-0.1506466730861522,F_breakeven
2022-05-28,0.0,100.29246493239457,-0.1506466730861522,F_breakeven
2022-05-29,0.0,100.29246493239457,-0.1506466730861522,F_breakeven
2022-05-30,0.0,100.29246493239457,-0.1506466730861522,F_breakeven
2022-05-31,0.0,100.29246493239457,-0.1506466730861522,F_breakeven
2022-06-01,0.0,100.29246493239457,-0.1506466730861522,F_breakeven
2022-06-02,0.0,100.29246493239457,-0.1506466730861522,F_breakeven
2022-06-03,0.0,100.29246493239457,-0.1506466730861522,F_breakeven
2022-06-04,0.0,100.29246493239457,-0.1506466730861522,F_breakeven
2022-06-05,0.0,100.29246493239457,-0.1506466730861522,F_breakeven
2022-06-06,0.0,100.29246493239457,-0.1506466730861522,F_breakeven
2022-06-07,0.0,100.29246493239457,-0.1506466730861522,F_breakeven
2022-06-08,0.0,100.29246493239457,-0.1506466730861522,F_breakeven
2022-06-09,0.0,100.29246493239457,-0.1506466730861522,F_breakeven
2022-06-10,0.0,100.29246493239457,-0.1506466730861522,F_breakeven
2022-06-11,0.0,100.29246493239457,-0.1506466730861522,F_breakeven
2022-06-12,0.0,100.29246493239457,-0.1506466730861522,F_breakeven
2022-06-13,0.0,100.29246493239457,-0.1506466730861522,F_breakeven
2022-06-14,0.0,100.29246493239457,-0.1506466730861522,F_breakeven
2022-06-15,0.0,100.29246493239457,-0.1506466730861522,F_breakeven
2022-06-16,0.0,100.29246493239457,-0.1506466730861522,F_breakeven
2022-06-17,0.0,100.29246493239457,-0.1506466730861522,F_breakeven
2022-06-18,0.0,100.29246493239457,-0.1506466730861522,F_breakeven
2022-06-19,0.0,100.29246493239457,-0.1506466730861522,F_breakeven
2022-06-20,0.0,100.29246493239457,-0.1506466730861522,F_breakeven
2022-06-21,-0.001967724923531243,100.29049720747103,-0.15260570421847808,F_breakeven
2022-06-22,0.0,100.29049720747103,-0.15260570421847808,F_breakeven
2022-06-23,0.0,100.29049720747103,-0.15260570421847808,F_breakeven
2022-06-24,0.0,100.29049720747103,-0.15260570421847808,F_breakeven
2022-06-25,0.0,100.29049720747103,-0.15260570421847808,F_breakeven
2022-06-26,0.0,100.29049720747103,-0.15260570421847808,F_breakeven
2022-06-27,0.0,100.29049720747103,-0.15260570421847808,F_breakeven
2022-06-28,0.0,100.29049720747103,-0.15260570421847808,F_breakeven
2022-06-29,0.0,100.29049720747103,-0.15260570421847808,F_breakeven
2022-06-30,0.0,100.29049720747103,-0.15260570421847808,F_breakeven
2022-07-01,0.0,100.29049720747103,-0.15260570421847808,F_breakeven
2022-07-02,0.0,100.29049720747103,-0.15260570421847808,F_breakeven
2022-07-03,0.0,100.29049720747103,-0.15260570421847808,F_breakeven
2022-07-04,0.0,100.29049720747103,-0.15260570421847808,F_breakeven
2022-07-05,0.0,100.29049720747103,-0.15260570421847808,F_breakeven
2022-07-06,0.19865885110929654,100.48915605858032,0.0,F_breakeven
2022-07-07,0.0,100.48915605858032,0.0,F_breakeven
2022-07-08,0.0,100.48915605858032,0.0,F_breakeven
2022-07-09,0.0,100.48915605858032,0.0,F_breakeven
2022-07-10,0.0,100.48915605858032,0.0,F_breakeven
2022-07-11,0.0,100.48915605858032,0.0,F_breakeven
2022-07-12,0.0,100.48915605858032,0.0,F_breakeven
2022-07-13,0.0,100.48915605858032,0.0,F_breakeven
2022-07-14,-0.057072024663799195,100.43208403391652,-0.05679421233324433,F_breakeven
2022-07-15,0.0,100.43208403391652,-0.05679421233324433,F_breakeven
2022-07-16,0.0,100.43208403391652,-0.05679421233324433,F_breakeven
2022-07-17,0.0,100.43208403391652,-0.05679421233324433,F_breakeven
2022-07-18,-0.0007392429375517124,100.43134479097897,-0.05752985682121459,F_breakeven
2022-07-19,0.0,100.43134479097897,-0.05752985682121459,F_breakeven
2022-07-20,0.003682428832990881,100.43502721981197,-0.05386535313003371,F_breakeven
2022-07-21,0.0,100.43502721981197,-0.05386535313003371,F_breakeven
2022-07-22,0.0,100.43502721981197,-0.05386535313003371,F_breakeven
2022-07-23,0.0,100.43502721981197,-0.05386535313003371,F_breakeven
2022-07-24,0.0,100.43502721981197,-0.05386535313003371,F_breakeven
2022-07-25,0.0,100.43502721981197,-0.05386535313003371,F_breakeven
2022-07-26,0.0,100.43502721981197,-0.05386535313003371,F_breakeven
2022-07-27,-0.000909083188633061,100.43411813662333,-0.05477001112926816,F_breakeven
2022-07-28,0.0,100.43411813662333,-0.05477001112926816,F_breakeven
2022-07-29,0.0,100.43411813662333,-0.05477001112926816,F_breakeven
2022-07-30,0.0,100.43411813662333,-0.05477001112926816,F_breakeven
2022-07-31,0.0,100.43411813662333,-0.05477001112926816,F_breakeven
2022-08-01,0.0,100.43411813662333,-0.05477001112926816,F_breakeven
2022-08-02,0.0,100.43411813662333,-0.05477001112926816,F_breakeven
2022-08-03,0.0,100.43411813662333,-0.05477001112926816,F_breakeven
2022-08-04,0.0,100.43411813662333,-0.05477001112926816,F_breakeven
2022-08-05,0.0,100.43411813662333,-0.05477001112926816,F_breakeven
2022-08-06,0.0,100.43411813662333,-0.05477001112926816,F_breakeven
2022-08-07,0.0,100.43411813662333,-0.05477001112926816,F_breakeven
2022-08-08,0.0,100.43411813662333,-0.05477001112926816,F_breakeven
2022-08-09,0.0,100.43411813662333,-0.05477001112926816,F_breakeven
2022-08-10,0.0,100.43411813662333,-0.05477001112926816,F_breakeven
2022-08-11,0.0,100.43411813662333,-0.05477001112926816,F_breakeven
2022-08-12,0.0,100.43411813662333,-0.05477001112926816,F_breakeven
2022-08-13,0.0,100.43411813662333,-0.05477001112926816,F_breakeven
2022-08-14,0.0,100.43411813662333,-0.05477001112926816,F_breakeven
2022-08-15,0.0,100.43411813662333,-0.05477001112926816,F_breakeven
2022-08-16,0.0,100.43411813662333,-0.05477001112926816,F_breakeven
2022-08-17,0.0,100.43411813662333,-0.05477001112926816,F_breakeven
2022-08-18,0.0,100.43411813662333,-0.05477001112926816,F_breakeven
2022-08-19,0.0,100.43411813662333,-0.05477001112926816,F_breakeven
2022-08-20,0.0,100.43411813662333,-0.05477001112926816,F_breakeven
2022-08-21,0.0,100.43411813662333,-0.05477001112926816,F_breakeven
2022-08-22,0.0,100.43411813662333,-0.05477001112926816,F_breakeven
2022-08-23,0.0,100.43411813662333,-0.05477001112926816,F_breakeven
2022-08-24,0.0,100.43411813662333,-0.05477001112926816,F_breakeven
2022-08-25,0.0,100.43411813662333,-0.05477001112926816,F_breakeven
2022-08-26,0.0,100.43411813662333,-0.05477001112926816,F_breakeven
2022-08-27,0.0,100.43411813662333,-0.05477001112926816,F_breakeven
2022-08-28,0.0,100.43411813662333,-0.05477001112926816,F_breakeven
2022-08-29,0.0,100.43411813662333,-0.05477001112926816,F_breakeven
2022-08-30,0.0,100.43411813662333,-0.05477001112926816,F_breakeven
2022-08-31,0.0,100.43411813662333,-0.05477001112926816,F_breakeven
2022-09-01,0.0,100.43411813662333,-0.05477001112926816,F_breakeven
2022-09-02,0.0,100.43411813662333,-0.05477001112926816,F_breakeven
2022-09-03,0.0,100.43411813662333,-0.05477001112926816,F_breakeven
2022-09-04,0.0,100.43411813662333,-0.05477001112926816,F_breakeven
2022-09-05,0.0,100.43411813662333,-0.05477001112926816,F_breakeven
2022-09-06,0.0,100.43411813662333,-0.05477001112926816,F_breakeven
2022-09-07,0.0,100.43411813662333,-0.05477001112926816,F_breakeven
2022-09-08,0.0,100.43411813662333,-0.05477001112926816,F_breakeven
2022-09-09,0.0,100.43411813662333,-0.05477001112926816,F_breakeven
2022-09-10,0.0,100.43411813662333,-0.05477001112926816,F_breakeven
2022-09-11,0.0,100.43411813662333,-0.05477001112926816,F_breakeven
2022-09-12,0.0,100.43411813662333,-0.05477001112926816,F_breakeven
2022-09-13,0.0,100.43411813662333,-0.05477001112926816,F_breakeven
2022-09-14,0.0,100.43411813662333,-0.05477001112926816,F_breakeven
2022-09-15,0.0,100.43411813662333,-0.05477001112926816,F_breakeven
2022-09-16,0.0,100.43411813662333,-0.05477001112926816,F_breakeven
2022-09-17,0.0,100.43411813662333,-0.05477001112926816,F_breakeven
2022-09-18,0.0,100.43411813662333,-0.05477001112926816,F_breakeven
2022-09-19,0.0,100.43411813662333,-0.05477001112926816,F_breakeven
2022-09-20,0.0,100.43411813662333,-0.05477001112926816,F_breakeven
2022-09-21,0.0,100.43411813662333,-0.05477001112926816,F_breakeven
2022-09-22,0.0,100.43411813662333,-0.05477001112926816,F_breakeven
2022-09-23,0.0,100.43411813662333,-0.05477001112926816,F_breakeven
2022-09-24,0.0,100.43411813662333,-0.05477001112926816,F_breakeven
2022-09-25,0.0,100.43411813662333,-0.05477001112926816,F_breakeven
2022-09-26,0.0,100.43411813662333,-0.05477001112926816,F_breakeven
2022-09-27,0.0002614792139824348,100.43437961583732,-0.054509804730640266,F_breakeven
2022-09-28,0.0,100.43437961583732,-0.054509804730640266,F_breakeven
2022-09-29,0.0,100.43437961583732,-0.054509804730640266,F_breakeven
2022-09-30,0.0,100.43437961583732,-0.054509804730640266,F_breakeven
2022-10-01,0.0,100.43437961583732,-0.054509804730640266,F_breakeven
2022-10-02,0.0,100.43437961583732,-0.054509804730640266,F_breakeven
2022-10-03,0.0,100.43437961583732,-0.054509804730640266,F_breakeven
2022-10-04,0.0,100.43437961583732,-0.054509804730640266,F_breakeven
2022-10-05,0.0,100.43437961583732,-0.054509804730640266,F_breakeven
2022-10-06,0.0,100.43437961583732,-0.054509804730640266,F_breakeven
2022-10-07,0.2748677341025493,100.70924734993986,0.0,F_breakeven
2022-10-08,0.0,100.70924734993986,0.0,F_breakeven
2022-10-09,0.0,100.70924734993986,0.0,F_breakeven
2022-10-10,0.0,100.70924734993986,0.0,F_breakeven
2022-10-11,0.0,100.70924734993986,0.0,F_breakeven
2022-10-12,0.0,100.70924734993986,0.0,F_breakeven
2022-10-13,0.0,100.70924734993986,0.0,F_breakeven
2022-10-14,0.0,100.70924734993986,0.0,F_breakeven
2022-10-15,0.0,100.70924734993986,0.0,F_breakeven
2022-10-16,0.0,100.70924734993986,0.0,F_breakeven
2022-10-17,-0.09214916348481822,100.61709818645504,-0.09150020073590559,F_breakeven
2022-10-18,-0.0005614035087719298,100.61653678294627,-0.09205765054667303,F_breakeven
2022-10-19,0.0,100.61653678294627,-0.09205765054667303,F_breakeven
2022-10-20,0.0,100.61653678294627,-0.09205765054667303,F_breakeven
2022-10-21,-0.0010487329434697578,100.61548805000281,-0.09309899776259734,F_breakeven
2022-10-22,0.0,100.61548805000281,-0.09309899776259734,F_breakeven
2022-10-23,0.0,100.61548805000281,-0.09309899776259734,F_breakeven
2022-10-24,0.0,100.61548805000281,-0.09309899776259734,F_breakeven
2022-10-25,0.0,100.61548805000281,-0.09309899776259734,F_breakeven
2022-10-26,0.0,100.61548805000281,-0.09309899776259734,F_breakeven
2022-10-27,0.0,100.61548805000281,-0.09309899776259734,F_breakeven
2022-10-28,0.0,100.61548805000281,-0.09309899776259734,F_breakeven
2022-10-29,0.0,100.61548805000281,-0.09309899776259734,F_breakeven
2022-10-30,0.0,100.61548805000281,-0.09309899776259734,F_breakeven
2022-10-31,0.0,100.61548805000281,-0.09309899776259734,F_breakeven
2022-11-01,0.0,100.61548805000281,-0.09309899776259734,F_breakeven
2022-11-02,0.0,100.61548805000281,-0.09309899776259734,F_breakeven
2022-11-03,0.0,100.61548805000281,-0.09309899776259734,F_breakeven
2022-11-04,0.0,100.61548805000281,-0.09309899776259734,F_breakeven
2022-11-05,0.0,100.61548805000281,-0.09309899776259734,F_breakeven
2022-11-06,0.0,100.61548805000281,-0.09309899776259734,F_breakeven
2022-11-07,0.0,100.61548805000281,-0.09309899776259734,F_breakeven
2022-11-08,0.0,100.61548805000281,-0.09309899776259734,F_breakeven
2022-11-09,0.0,100.61548805000281,-0.09309899776259734,F_breakeven
2022-11-10,0.0,100.61548805000281,-0.09309899776259734,F_breakeven
2022-11-11,0.0,100.61548805000281,-0.09309899776259734,F_breakeven
2022-11-12,0.0,100.61548805000281,-0.09309899776259734,F_breakeven
2022-11-13,0.0,100.61548805000281,-0.09309899776259734,F_breakeven
2022-11-14,0.0,100.61548805000281,-0.09309899776259734,F_breakeven
2022-11-15,0.0,100.61548805000281,-0.09309899776259734,F_breakeven
2022-11-16,0.0,100.61548805000281,-0.09309899776259734,F_breakeven
2022-11-17,0.0,100.61548805000281,-0.09309899776259734,F_breakeven
2022-11-18,0.0,100.61548805000281,-0.09309899776259734,F_breakeven
2022-11-19,0.0,100.61548805000281,-0.09309899776259734,F_breakeven
2022-11-20,0.0,100.61548805000281,-0.09309899776259734,F_breakeven
2022-11-21,0.0,100.61548805000281,-0.09309899776259734,F_breakeven
2022-11-22,0.0,100.61548805000281,-0.09309899776259734,F_breakeven
2022-11-23,0.0,100.61548805000281,-0.09309899776259734,F_breakeven
2022-11-24,0.0,100.61548805000281,-0.09309899776259734,F_breakeven
2022-11-25,0.0,100.61548805000281,-0.09309899776259734,F_breakeven
2022-11-26,0.0,100.61548805000281,-0.09309899776259734,F_breakeven
2022-11-27,0.0,100.61548805000281,-0.09309899776259734,F_breakeven
2022-11-28,0.0,100.61548805000281,-0.09309899776259734,F_breakeven
2022-11-29,0.0,100.61548805000281,-0.09309899776259734,F_breakeven
2022-11-30,0.0,100.61548805000281,-0.09309899776259734,F_breakeven
2022-12-01,0.0,100.61548805000281,-0.09309899776259734,F_breakeven
2022-12-02,0.0,100.61548805000281,-0.09309899776259734,F_breakeven
2022-12-03,0.0,100.61548805000281,-0.09309899776259734,F_breakeven
2022-12-04,0.0,100.61548805000281,-0.09309899776259734,F_breakeven
2022-12-05,0.0,100.61548805000281,-0.09309899776259734,F_breakeven
2022-12-06,0.0,100.61548805000281,-0.09309899776259734,F_breakeven
2022-12-07,0.0,100.61548805000281,-0.09309899776259734,F_breakeven
2022-12-08,0.0,100.61548805000281,-0.09309899776259734,F_breakeven
2022-12-09,0.0,100.61548805000281,-0.09309899776259734,F_breakeven
2022-12-10,0.0,100.61548805000281,-0.09309899776259734,F_breakeven
2022-12-11,0.0,100.61548805000281,-0.09309899776259734,F_breakeven
2022-12-12,0.0,100.61548805000281,-0.09309899776259734,F_breakeven
2022-12-13,0.0,100.61548805000281,-0.09309899776259734,F_breakeven
2022-12-14,0.0,100.61548805000281,-0.09309899776259734,F_breakeven
2022-12-15,0.0,100.61548805000281,-0.09309899776259734,F_breakeven
2022-12-16,0.0,100.61548805000281,-0.09309899776259734,F_breakeven
2022-12-17,0.0,100.61548805000281,-0.09309899776259734,F_breakeven
2022-12-18,0.0,100.61548805000281,-0.09309899776259734,F_breakeven
2022-12-19,0.0,100.61548805000281,-0.09309899776259734,F_breakeven
2022-12-20,0.0,100.61548805000281,-0.09309899776259734,F_breakeven
2022-12-21,0.0,100.61548805000281,-0.09309899776259734,F_breakeven
2022-12-22,0.0,100.61548805000281,-0.09309899776259734,F_breakeven
2022-12-23,0.0,100.61548805000281,-0.09309899776259734,F_breakeven
2022-12-24,0.0,100.61548805000281,-0.09309899776259734,F_breakeven
2022-12-25,0.0,100.61548805000281,-0.09309899776259734,F_breakeven
2022-12-26,0.0,100.61548805000281,-0.09309899776259734,F_breakeven
2022-12-27,0.0,100.61548805000281,-0.09309899776259734,F_breakeven
2022-12-28,0.0,100.61548805000281,-0.09309899776259734,F_breakeven
2022-12-29,0.0,100.61548805000281,-0.09309899776259734,F_breakeven
2022-12-30,0.0,100.61548805000281,-0.09309899776259734,F_breakeven
2022-12-31,0.0,100.61548805000281,-0.09309899776259734,F_breakeven
2023-01-01,0.0,100.61548805000281,-0.09309899776259734,F_breakeven
2023-01-02,0.0,100.61548805000281,-0.09309899776259734,F_breakeven
2023-01-03,0.0,100.61548805000281,-0.09309899776259734,F_breakeven
2023-01-04,0.0,100.61548805000281,-0.09309899776259734,F_breakeven
2023-01-05,0.0,100.61548805000281,-0.09309899776259734,F_breakeven
2023-01-06,0.026953347658589897,100.64244139766139,-0.06633546971742676,F_breakeven
2023-01-07,0.0,100.64244139766139,-0.06633546971742676,F_breakeven
2023-01-08,0.0,100.64244139766139,-0.06633546971742676,F_breakeven
2023-01-09,0.0,100.64244139766139,-0.06633546971742676,F_breakeven
2023-01-10,0.0,100.64244139766139,-0.06633546971742676,F_breakeven
2023-01-11,0.0,100.64244139766139,-0.06633546971742676,F_breakeven
2023-01-12,0.0,100.64244139766139,-0.06633546971742676,F_breakeven
2023-01-13,0.0,100.64244139766139,-0.06633546971742676,F_breakeven
2023-01-14,0.0,100.64244139766139,-0.06633546971742676,F_breakeven
2023-01-15,0.0,100.64244139766139,-0.06633546971742676,F_breakeven
2023-01-16,-0.039294773239515864,100.60314662442188,-0.10535350855050973,F_breakeven
2023-01-17,-0.0034053934646409074,100.59974123095724,-0.10873491944798364,F_breakeven
2023-01-18,0.0,100.59974123095724,-0.10873491944798364,F_breakeven
2023-01-19,0.0,100.59974123095724,-0.10873491944798364,F_breakeven
2023-01-20,0.0,100.59974123095724,-0.10873491944798364,F_breakeven
2023-01-21,0.0,100.59974123095724,-0.10873491944798364,F_breakeven
2023-01-22,0.0,100.59974123095724,-0.10873491944798364,F_breakeven
2023-01-23,0.0,100.59974123095724,-0.10873491944798364,F_breakeven
2023-01-24,0.0,100.59974123095724,-0.10873491944798364,F_breakeven
2023-01-25,0.0,100.59974123095724,-0.10873491944798364,F_breakeven
2023-01-26,0.0,100.59974123095724,-0.10873491944798364,F_breakeven
2023-01-27,0.0,100.59974123095724,-0.10873491944798364,F_breakeven
2023-01-28,0.0,100.59974123095724,-0.10873491944798364,F_breakeven
2023-01-29,0.0,100.59974123095724,-0.10873491944798364,F_breakeven
2023-01-30,-0.001389532674233292,100.598351698283,-0.1101146663042063,F_breakeven
2023-01-31,0.0,100.598351698283,-0.1101146663042063,F_breakeven
2023-02-01,0.0004852700820431159,100.59883696836505,-0.10963281374862799,F_breakeven
2023-02-02,-0.002533854937155519,100.5963031134279,-0.11214882395010894,F_breakeven
2023-02-03,0.0,100.5963031134279,-0.11214882395010894,F_breakeven
2023-02-04,0.0,100.5963031134279,-0.11214882395010894,F_breakeven
2023-02-05,0.0,100.5963031134279,-0.11214882395010894,F_breakeven
2023-02-06,0.0,100.5963031134279,-0.11214882395010894,F_breakeven
2023-02-07,0.0,100.5963031134279,-0.11214882395010894,F_breakeven
2023-02-08,0.0,100.5963031134279,-0.11214882395010894,F_breakeven
2023-02-09,0.0,100.5963031134279,-0.11214882395010894,F_breakeven
2023-02-10,0.0,100.5963031134279,-0.11214882395010894,F_breakeven
2023-02-11,0.0,100.5963031134279,-0.11214882395010894,F_breakeven
2023-02-12,0.0,100.5963031134279,-0.11214882395010894,F_breakeven
2023-02-13,0.0,100.5963031134279,-0.11214882395010894,F_breakeven
2023-02-14,0.0,100.5963031134279,-0.11214882395010894,F_breakeven
2023-02-15,0.0,100.5963031134279,-0.11214882395010894,F_breakeven
2023-02-16,0.0,100.5963031134279,-0.11214882395010894,F_breakeven
2023-02-17,0.0,100.5963031134279,-0.11214882395010894,F_breakeven
2023-02-18,0.0,100.5963031134279,-0.11214882395010894,F_breakeven
2023-02-19,0.0,100.5963031134279,-0.11214882395010894,F_breakeven
2023-02-20,0.0,100.5963031134279,-0.11214882395010894,F_breakeven
2023-02-21,0.0,100.5963031134279,-0.11214882395010894,F_breakeven
2023-02-22,0.0,100.5963031134279,-0.11214882395010894,F_breakeven
2023-02-23,0.0,100.5963031134279,-0.11214882395010894,F_breakeven
2023-02-24,0.0,100.5963031134279,-0.11214882395010894,F_breakeven
2023-02-25,0.0,100.5963031134279,-0.11214882395010894,F_breakeven
2023-02-26,0.0,100.5963031134279,-0.11214882395010894,F_breakeven
2023-02-27,0.0,100.5963031134279,-0.11214882395010894,F_breakeven
2023-02-28,0.0,100.5963031134279,-0.11214882395010894,F_breakeven
2023-03-01,0.0,100.5963031134279,-0.11214882395010894,F_breakeven
2023-03-02,0.0,100.5963031134279,-0.11214882395010894,F_breakeven
2023-03-03,0.0,100.5963031134279,-0.11214882395010894,F_breakeven
2023-03-04,0.0,100.5963031134279,-0.11214882395010894,F_breakeven
2023-03-05,0.0,100.5963031134279,-0.11214882395010894,F_breakeven
2023-03-06,0.0,100.5963031134279,-0.11214882395010894,F_breakeven
2023-03-07,0.0,100.5963031134279,-0.11214882395010894,F_breakeven
2023-03-08,0.0,100.5963031134279,-0.11214882395010894,F_breakeven
2023-03-09,0.0,100.5963031134279,-0.11214882395010894,F_breakeven
2023-03-10,0.0,100.5963031134279,-0.11214882395010894,F_breakeven
2023-03-11,0.0,100.5963031134279,-0.11214882395010894,F_breakeven
2023-03-12,0.0,100.5963031134279,-0.11214882395010894,F_breakeven
2023-03-13,0.0,100.5963031134279,-0.11214882395010894,F_breakeven
2023-03-14,0.0,100.5963031134279,-0.11214882395010894,F_breakeven
2023-03-15,0.0,100.5963031134279,-0.11214882395010894,F_breakeven
2023-03-16,-0.0009492579824957651,100.5953538554454,-0.11309139675993451,F_breakeven
2023-03-17,0.0,100.5953538554454,-0.11309139675993451,F_breakeven
2023-03-18,0.0,100.5953538554454,-0.11309139675993451,F_breakeven
2023-03-19,0.0,100.5953538554454,-0.11309139675993451,F_breakeven
2023-03-20,0.0,100.5953538554454,-0.11309139675993451,F_breakeven
2023-03-21,0.0,100.5953538554454,-0.11309139675993451,F_breakeven
2023-03-22,0.0,100.5953538554454,-0.11309139675993451,F_breakeven
2023-03-23,0.0,100.5953538554454,-0.11309139675993451,F_breakeven
2023-03-24,0.0,100.5953538554454,-0.11309139675993451,F_breakeven
2023-03-25,0.0,100.5953538554454,-0.11309139675993451,F_breakeven
2023-03-26,0.0,100.5953538554454,-0.11309139675993451,F_breakeven
2023-03-27,0.0,100.5953538554454,-0.11309139675993451,F_breakeven
2023-03-28,0.0,100.5953538554454,-0.11309139675993451,F_breakeven
2023-03-29,0.0,100.5953538554454,-0.11309139675993451,F_breakeven
2023-03-30,0.0,100.5953538554454,-0.11309139675993451,F_breakeven
2023-03-31,0.0,100.5953538554454,-0.11309139675993451,F_breakeven
2023-04-01,0.0,100.5953538554454,-0.11309139675993451,F_breakeven
2023-04-02,0.0,100.5953538554454,-0.11309139675993451,F_breakeven
2023-04-03,0.0,100.5953538554454,-0.11309139675993451,F_breakeven
2023-04-04,0.0,100.5953538554454,-0.11309139675993451,F_breakeven
2023-04-05,0.0,100.5953538554454,-0.11309139675993451,F_breakeven
2023-04-06,0.0,100.5953538554454,-0.11309139675993451,F_breakeven
2023-04-07,0.0,100.5953538554454,-0.11309139675993451,F_breakeven
2023-04-08,0.0,100.5953538554454,-0.11309139675993451,F_breakeven
2023-04-09,0.0,100.5953538554454,-0.11309139675993451,F_breakeven
2023-04-10,0.0,100.5953538554454,-0.11309139675993451,F_breakeven
2023-04-11,0.0,100.5953538554454,-0.11309139675993451,F_breakeven
2023-04-12,0.06986551417733022,100.66521936962272,-0.043717912183527385,F_breakeven
2023-04-13,0.0,100.66521936962272,-0.043717912183527385,F_breakeven
2023-04-14,0.0,100.66521936962272,-0.043717912183527385,F_breakeven
2023-04-15,0.0,100.66521936962272,-0.043717912183527385,F_breakeven
2023-04-16,0.0,100.66521936962272,-0.043717912183527385,F_breakeven
2023-04-17,0.0,100.66521936962272,-0.043717912183527385,F_breakeven
2023-04-18,0.0,100.66521936962272,-0.043717912183527385,F_breakeven
2023-04-19,0.0,100.66521936962272,-0.043717912183527385,F_breakeven
2023-04-20,0.0,100.66521936962272,-0.043717912183527385,F_breakeven
2023-04-21,-0.056725870601771644,100.60849349902095,-0.10004428944723198,F_breakeven
2023-04-22,0.0,100.60849349902095,-0.10004428944723198,F_breakeven
2023-04-23,0.0,100.60849349902095,-0.10004428944723198,F_breakeven
2023-04-24,-0.005600348596519731,100.60289315042444,-0.10560519745109742,F_breakeven
2023-04-25,0.0,100.60289315042444,-0.10560519745109742,F_breakeven
2023-04-26,0.0,100.60289315042444,-0.10560519745109742,F_breakeven
2023-04-27,0.0,100.60289315042444,-0.10560519745109742,F_breakeven
2023-04-28,0.0,100.60289315042444,-0.10560519745109742,F_breakeven
2023-04-29,0.0,100.60289315042444,-0.10560519745109742,F_breakeven
2023-04-30,0.0,100.60289315042444,-0.10560519745109742,F_breakeven
2023-05-01,0.0,100.60289315042444,-0.10560519745109742,F_breakeven
2023-05-02,0.0,100.60289315042444,-0.10560519745109742,F_breakeven
2023-05-03,0.0,100.60289315042444,-0.10560519745109742,F_breakeven
2023-05-04,0.0,100.60289315042444,-0.10560519745109742,F_breakeven
2023-05-05,0.0,100.60289315042444,-0.10560519745109742,F_breakeven
2023-05-06,0.0,100.60289315042444,-0.10560519745109742,F_breakeven
2023-05-07,0.0,100.60289315042444,-0.10560519745109742,F_breakeven
2023-05-08,0.0,100.60289315042444,-0.10560519745109742,F_breakeven
2023-05-09,0.0,100.60289315042444,-0.10560519745109742,F_breakeven
2023-05-10,0.0,100.60289315042444,-0.10560519745109742,F_breakeven
2023-05-11,0.0,100.60289315042444,-0.10560519745109742,F_breakeven
2023-05-12,0.0,100.60289315042444,-0.10560519745109742,F_breakeven
2023-05-13,0.0,100.60289315042444,-0.10560519745109742,F_breakeven
2023-05-14,0.0,100.60289315042444,-0.10560519745109742,F_breakeven
2023-05-15,0.0,100.60289315042444,-0.10560519745109742,F_breakeven
2023-05-16,0.0,100.60289315042444,-0.10560519745109742,F_breakeven
2023-05-17,0.0,100.60289315042444,-0.10560519745109742,F_breakeven
2023-05-18,0.0,100.60289315042444,-0.10560519745109742,F_breakeven
2023-05-19,0.0,100.60289315042444,-0.10560519745109742,F_breakeven
2023-05-20,0.0,100.60289315042444,-0.10560519745109742,F_breakeven
2023-05-21,0.0,100.60289315042444,-0.10560519745109742,F_breakeven
2023-05-22,0.0,100.60289315042444,-0.10560519745109742,F_breakeven
2023-05-23,0.0,100.60289315042444,-0.10560519745109742,F_breakeven
2023-05-24,0.0,100.60289315042444,-0.10560519745109742,F_breakeven
2023-05-25,0.0,100.60289315042444,-0.10560519745109742,F_breakeven
2023-05-26,0.0,100.60289315042444,-0.10560519745109742,F_breakeven
2023-05-27,0.0,100.60289315042444,-0.10560519745109742,F_breakeven
2023-05-28,0.0,100.60289315042444,-0.10560519745109742,F_breakeven
2023-05-29,0.0,100.60289315042444,-0.10560519745109742,F_breakeven
2023-05-30,0.0,100.60289315042444,-0.10560519745109742,F_breakeven
2023-05-31,0.0,100.60289315042444,-0.10560519745109742,F_breakeven
2023-06-01,0.0,100.60289315042444,-0.10560519745109742,F_breakeven
2023-06-02,0.0,100.60289315042444,-0.10560519745109742,F_breakeven
2023-06-03,0.0,100.60289315042444,-0.10560519745109742,F_breakeven
2023-06-04,0.0,100.60289315042444,-0.10560519745109742,F_breakeven
2023-06-05,0.0,100.60289315042444,-0.10560519745109742,F_breakeven
2023-06-06,0.0,100.60289315042444,-0.10560519745109742,F_breakeven
2023-06-07,0.0,100.60289315042444,-0.10560519745109742,F_breakeven
2023-06-08,0.0,100.60289315042444,-0.10560519745109742,F_breakeven
2023-06-09,0.0,100.60289315042444,-0.10560519745109742,F_breakeven
2023-06-10,0.0,100.60289315042444,-0.10560519745109742,F_breakeven
2023-06-11,0.0,100.60289315042444,-0.10560519745109742,F_breakeven
2023-06-12,0.0,100.60289315042444,-0.10560519745109742,F_breakeven
2023-06-13,0.0,100.60289315042444,-0.10560519745109742,F_breakeven
2023-06-14,0.0,100.60289315042444,-0.10560519745109742,F_breakeven
2023-06-15,0.0,100.60289315042444,-0.10560519745109742,F_breakeven
2023-06-16,-0.0019123582389449002,100.6009807921855,-0.10750408786013299,F_breakeven
2023-06-17,0.0,100.6009807921855,-0.10750408786013299,F_breakeven
2023-06-18,0.0,100.6009807921855,-0.10750408786013299,F_breakeven
2023-06-19,0.0,100.6009807921855,-0.10750408786013299,F_breakeven
2023-06-20,0.0,100.6009807921855,-0.10750408786013299,F_breakeven
2023-06-21,0.0,100.6009807921855,-0.10750408786013299,F_breakeven
2023-06-22,0.0,100.6009807921855,-0.10750408786013299,F_breakeven
2023-06-23,0.0,100.6009807921855,-0.10750408786013299,F_breakeven
2023-06-24,0.0,100.6009807921855,-0.10750408786013299,F_breakeven
2023-06-25,0.0,100.6009807921855,-0.10750408786013299,F_breakeven
2023-06-26,0.0,100.6009807921855,-0.10750408786013299,F_breakeven
2023-06-27,0.0,100.6009807921855,-0.10750408786013299,F_breakeven
2023-06-28,0.0,100.6009807921855,-0.10750408786013299,F_breakeven
2023-06-29,0.0,100.6009807921855,-0.10750408786013299,F_breakeven
2023-06-30,0.0,100.6009807921855,-0.10750408786013299,F_breakeven
2023-07-01,0.0,100.6009807921855,-0.10750408786013299,F_breakeven
2023-07-02,0.0,100.6009807921855,-0.10750408786013299,F_breakeven
2023-07-03,0.0,100.6009807921855,-0.10750408786013299,F_breakeven
2023-07-04,0.0,100.6009807921855,-0.10750408786013299,F_breakeven
2023-07-05,0.0,100.6009807921855,-0.10750408786013299,F_breakeven
2023-07-06,0.0,100.6009807921855,-0.10750408786013299,F_breakeven
2023-07-07,0.0,100.6009807921855,-0.10750408786013299,F_breakeven
2023-07-08,0.0,100.6009807921855,-0.10750408786013299,F_breakeven
2023-07-09,0.0,100.6009807921855,-0.10750408786013299,F_breakeven
2023-07-10,0.0,100.6009807921855,-0.10750408786013299,F_breakeven
2023-07-11,0.0,100.6009807921855,-0.10750408786013299,F_breakeven
2023-07-12,0.0,100.6009807921855,-0.10750408786013299,F_breakeven
2023-07-13,0.259297891470158,100.86027868365565,0.0,F_breakeven
2023-07-14,0.0,100.86027868365565,0.0,F_breakeven
2023-07-15,0.0,100.86027868365565,0.0,F_breakeven
2023-07-16,0.0,100.86027868365565,0.0,F_breakeven
2023-07-17,0.0,100.86027868365565,0.0,F_breakeven
2023-07-18,0.0,100.86027868365565,0.0,F_breakeven
2023-07-19,0.0,100.86027868365565,0.0,F_breakeven
2023-07-20,0.0,100.86027868365565,0.0,F_breakeven
2023-07-21,-0.0032773860749393206,100.85700129758071,-0.0032494319049281017,F_breakeven
2023-07-22,0.0,100.85700129758071,-0.0032494319049281017,F_breakeven
2023-07-23,0.0,100.85700129758071,-0.0032494319049281017,F_breakeven
2023-07-24,0.0,100.85700129758071,-0.0032494319049281017,F_breakeven
2023-07-25,0.004346399898645876,100.86134769747936,0.0,F_breakeven
2023-07-26,-0.002081461937078849,100.85926623554228,-0.0020636864216050377,F_breakeven
2023-07-27,0.0,100.85926623554228,-0.0020636864216050377,F_breakeven
2023-07-28,0.0,100.85926623554228,-0.0020636864216050377,F_breakeven
2023-07-29,0.0,100.85926623554228,-0.0020636864216050377,F_breakeven
2023-07-30,0.0,100.85926623554228,-0.0020636864216050377,F_breakeven
2023-07-31,-0.0005868004723835497,100.85867943506989,-0.002645475665741248,F_breakeven
2023-08-01,0.0,100.85867943506989,-0.002645475665741248,F_breakeven
2023-08-02,0.0,100.85867943506989,-0.002645475665741248,F_breakeven
2023-08-03,0.0,100.85867943506989,-0.002645475665741248,F_breakeven
2023-08-04,0.0,100.85867943506989,-0.002645475665741248,F_breakeven
2023-08-05,0.0,100.85867943506989,-0.002645475665741248,F_breakeven
2023-08-06,0.0,100.85867943506989,-0.002645475665741248,F_breakeven
2023-08-07,0.0,100.85867943506989,-0.002645475665741248,F_breakeven
2023-08-08,0.0,100.85867943506989,-0.002645475665741248,F_breakeven
2023-08-09,0.0,100.85867943506989,-0.002645475665741248,F_breakeven
2023-08-10,0.0,100.85867943506989,-0.002645475665741248,F_breakeven
2023-08-11,-0.0034272178336135603,100.85525221723628,-0.006043425338075892,F_breakeven
2023-08-12,0.0,100.85525221723628,-0.006043425338075892,F_breakeven
2023-08-13,0.0,100.85525221723628,-0.006043425338075892,F_breakeven
2023-08-14,-0.003312662209627571,100.85193955502665,-0.00932779768215708,F_breakeven
2023-08-15,0.0,100.85193955502665,-0.00932779768215708,F_breakeven
2023-08-16,0.0,100.85193955502665,-0.00932779768215708,F_breakeven
2023-08-17,-0.0022119430288775645,100.84972761199778,-0.011520850897639434,F_breakeven
2023-08-18,0.0,100.84972761199778,-0.011520850897639434,F_breakeven
2023-08-19,0.0,100.84972761199778,-0.011520850897639434,F_breakeven
2023-08-20,0.0,100.84972761199778,-0.011520850897639434,F_breakeven
2023-08-21,0.0,100.84972761199778,-0.011520850897639434,F_breakeven
2023-08-22,0.0,100.84972761199778,-0.011520850897639434,F_breakeven
2023-08-23,0.0,100.84972761199778,-0.011520850897639434,F_breakeven
2023-08-24,0.0,100.84972761199778,-0.011520850897639434,F_breakeven
2023-08-25,0.0,100.84972761199778,-0.011520850897639434,F_breakeven
2023-08-26,0.0,100.84972761199778,-0.011520850897639434,F_breakeven
2023-08-27,0.0,100.84972761199778,-0.011520850897639434,F_breakeven
2023-08-28,0.0,100.84972761199778,-0.011520850897639434,F_breakeven
2023-08-29,0.0,100.84972761199778,-0.011520850897639434,F_breakeven
2023-08-30,0.0,100.84972761199778,-0.011520850897639434,F_breakeven
2023-08-31,0.0,100.84972761199778,-0.011520850897639434,F_breakeven
2023-09-01,0.0,100.84972761199778,-0.011520850897639434,F_breakeven
2023-09-02,0.0,100.84972761199778,-0.011520850897639434,F_breakeven
2023-09-03,0.0,100.84972761199778,-0.011520850897639434,F_breakeven
2023-09-04,0.0,100.84972761199778,-0.011520850897639434,F_breakeven
2023-09-05,0.0,100.84972761199778,-0.011520850897639434,F_breakeven
2023-09-06,0.0,100.84972761199778,-0.011520850897639434,F_breakeven
2023-09-07,0.0,100.84972761199778,-0.011520850897639434,F_breakeven
2023-09-08,0.0,100.84972761199778,-0.011520850897639434,F_breakeven
2023-09-09,0.0,100.84972761199778,-0.011520850897639434,F_breakeven
2023-09-10,0.0,100.84972761199778,-0.011520850897639434,F_breakeven
2023-09-11,0.0,100.84972761199778,-0.011520850897639434,F_breakeven
2023-09-12,0.0,100.84972761199778,-0.011520850897639434,F_breakeven
2023-09-13,0.0,100.84972761199778,-0.011520850897639434,F_breakeven
2023-09-14,0.0,100.84972761199778,-0.011520850897639434,F_breakeven
2023-09-15,0.0,100.84972761199778,-0.011520850897639434,F_breakeven
2023-09-16,0.0,100.84972761199778,-0.011520850897639434,F_breakeven
2023-09-17,0.0,100.84972761199778,-0.011520850897639434,F_breakeven
2023-09-18,0.0,100.84972761199778,-0.011520850897639434,F_breakeven
2023-09-19,0.0,100.84972761199778,-0.011520850897639434,F_breakeven
2023-09-20,0.0,100.84972761199778,-0.011520850897639434,F_breakeven
2023-09-21,0.0,100.84972761199778,-0.011520850897639434,F_breakeven
2023-09-22,0.0,100.84972761199778,-0.011520850897639434,F_breakeven
2023-09-23,0.0,100.84972761199778,-0.011520850897639434,F_breakeven
2023-09-24,0.0,100.84972761199778,-0.011520850897639434,F_breakeven
2023-09-25,0.0,100.84972761199778,-0.011520850897639434,F_breakeven
2023-09-26,0.0,100.84972761199778,-0.011520850897639434,F_breakeven
2023-09-27,0.0,100.84972761199778,-0.011520850897639434,F_breakeven
2023-09-28,0.0,100.84972761199778,-0.011520850897639434,F_breakeven
2023-09-29,0.0,100.84972761199778,-0.011520850897639434,F_breakeven
2023-09-30,0.0,100.84972761199778,-0.011520850897639434,F_breakeven
2023-10-01,0.0,100.84972761199778,-0.011520850897639434,F_breakeven
2023-10-02,0.0,100.84972761199778,-0.011520850897639434,F_breakeven
2023-10-03,0.0,100.84972761199778,-0.011520850897639434,F_breakeven
2023-10-04,0.0,100.84972761199778,-0.011520850897639434,F_breakeven
2023-10-05,0.0,100.84972761199778,-0.011520850897639434,F_breakeven
2023-10-06,0.0,100.84972761199778,-0.011520850897639434,F_breakeven
2023-10-07,0.0,100.84972761199778,-0.011520850897639434,F_breakeven
2023-10-08,0.0,100.84972761199778,-0.011520850897639434,F_breakeven
2023-10-09,0.0,100.84972761199778,-0.011520850897639434,F_breakeven
2023-10-10,0.0,100.84972761199778,-0.011520850897639434,F_breakeven
2023-10-11,0.0,100.84972761199778,-0.011520850897639434,F_breakeven
2023-10-12,0.0,100.84972761199778,-0.011520850897639434,F_breakeven
2023-10-13,0.2741658752261192,101.1238934872239,0.0,F_breakeven
2023-10-14,0.0,101.1238934872239,0.0,F_breakeven
2023-10-15,0.0,101.1238934872239,0.0,F_breakeven
2023-10-16,0.0,101.1238934872239,0.0,F_breakeven
2023-10-17,0.0,101.1238934872239,0.0,F_breakeven
2023-10-18,0.0,101.1238934872239,0.0,F_breakeven
2023-10-19,0.0,101.1238934872239,0.0,F_breakeven
2023-10-20,0.0,101.1238934872239,0.0,F_breakeven
2023-10-21,0.0,101.1238934872239,0.0,F_breakeven
2023-10-22,0.0,101.1238934872239,0.0,F_breakeven
2023-10-23,-0.06940957901073165,101.05448390821316,-0.06863815920963301,F_breakeven
2023-10-24,0.0,101.05448390821316,-0.06863815920963301,F_breakeven
2023-10-25,-0.009814674517867343,101.04466923369529,-0.07834375318886977,F_breakeven
2023-10-26,-0.0021679840627209053,101.04250124963256,-0.08048764222237104,F_breakeven
2023-10-27,0.006569586161757462,101.04907083579432,-0.07399107060590548,F_breakeven
2023-10-28,0.0,101.04907083579432,-0.07399107060590548,F_breakeven
2023-10-29,0.0,101.04907083579432,-0.07399107060590548,F_breakeven
2023-10-30,0.0,101.04907083579432,-0.07399107060590548,F_breakeven
2023-10-31,0.0,101.04907083579432,-0.07399107060590548,F_breakeven
2023-11-01,0.0,101.04907083579432,-0.07399107060590548,F_breakeven
2023-11-02,0.0,101.04907083579432,-0.07399107060590548,F_breakeven
2023-11-03,0.0,101.04907083579432,-0.07399107060590548,F_breakeven
2023-11-04,0.0,101.04907083579432,-0.07399107060590548,F_breakeven
2023-11-05,0.0,101.04907083579432,-0.07399107060590548,F_breakeven
2023-11-06,0.0,101.04907083579432,-0.07399107060590548,F_breakeven
2023-11-07,0.0,101.04907083579432,-0.07399107060590548,F_breakeven
2023-11-08,0.0,101.04907083579432,-0.07399107060590548,F_breakeven
2023-11-09,0.0,101.04907083579432,-0.07399107060590548,F_breakeven
2023-11-10,0.0,101.04907083579432,-0.07399107060590548,F_breakeven
2023-11-11,0.0,101.04907083579432,-0.07399107060590548,F_breakeven
2023-11-12,0.0,101.04907083579432,-0.07399107060590548,F_breakeven
2023-11-13,0.0,101.04907083579432,-0.07399107060590548,F_breakeven
2023-11-14,0.0,101.04907083579432,-0.07399107060590548,F_breakeven
2023-11-15,0.0,101.04907083579432,-0.07399107060590548,F_breakeven
2023-11-16,0.0,101.04907083579432,-0.07399107060590548,F_breakeven
2023-11-17,0.0,101.04907083579432,-0.07399107060590548,F_breakeven
2023-11-18,0.0,101.04907083579432,-0.07399107060590548,F_breakeven
2023-11-19,0.0,101.04907083579432,-0.07399107060590548,F_breakeven
2023-11-20,0.0,101.04907083579432,-0.07399107060590548,F_breakeven
2023-11-21,0.0,101.04907083579432,-0.07399107060590548,F_breakeven
2023-11-22,0.0,101.04907083579432,-0.07399107060590548,F_breakeven
2023-11-23,0.0,101.04907083579432,-0.07399107060590548,F_breakeven
2023-11-24,0.0,101.04907083579432,-0.07399107060590548,F_breakeven
2023-11-25,0.0,101.04907083579432,-0.07399107060590548,F_breakeven
2023-11-26,0.0,101.04907083579432,-0.07399107060590548,F_breakeven
2023-11-27,0.0,101.04907083579432,-0.07399107060590548,F_breakeven
2023-11-28,0.0,101.04907083579432,-0.07399107060590548,F_breakeven
2023-11-29,0.0,101.04907083579432,-0.07399107060590548,F_breakeven
2023-11-30,0.0,101.04907083579432,-0.07399107060590548,F_breakeven
2023-12-01,0.0,101.04907083579432,-0.07399107060590548,F_breakeven
2023-12-02,0.0,101.04907083579432,-0.07399107060590548,F_breakeven
2023-12-03,0.0,101.04907083579432,-0.07399107060590548,F_breakeven
2023-12-04,0.0,101.04907083579432,-0.07399107060590548,F_breakeven
2023-12-05,0.0,101.04907083579432,-0.07399107060590548,F_breakeven
2023-12-06,0.0,101.04907083579432,-0.07399107060590548,F_breakeven
2023-12-07,0.0,101.04907083579432,-0.07399107060590548,F_breakeven
2023-12-08,0.0,101.04907083579432,-0.07399107060590548,F_breakeven
2023-12-09,0.0,101.04907083579432,-0.07399107060590548,F_breakeven
2023-12-10,0.0,101.04907083579432,-0.07399107060590548,F_breakeven
2023-12-11,0.0,101.04907083579432,-0.07399107060590548,F_breakeven
2023-12-12,0.0,101.04907083579432,-0.07399107060590548,F_breakeven
2023-12-13,0.0,101.04907083579432,-0.07399107060590548,F_breakeven
2023-12-14,0.0,101.04907083579432,-0.07399107060590548,F_breakeven
2023-12-15,0.0,101.04907083579432,-0.07399107060590548,F_breakeven
2023-12-16,0.0,101.04907083579432,-0.07399107060590548,F_breakeven
2023-12-17,0.0,101.04907083579432,-0.07399107060590548,F_breakeven
2023-12-18,0.0,101.04907083579432,-0.07399107060590548,F_breakeven
2023-12-19,0.0,101.04907083579432,-0.07399107060590548,F_breakeven
2023-12-20,0.0,101.04907083579432,-0.07399107060590548,F_breakeven
2023-12-21,0.0,101.04907083579432,-0.07399107060590548,F_breakeven
2023-12-22,0.0,101.04907083579432,-0.07399107060590548,F_breakeven
2023-12-23,0.0,101.04907083579432,-0.07399107060590548,F_breakeven
2023-12-24,0.0,101.04907083579432,-0.07399107060590548,F_breakeven
2023-12-25,0.0,101.04907083579432,-0.07399107060590548,F_breakeven
2023-12-26,0.0,101.04907083579432,-0.07399107060590548,F_breakeven
2023-12-27,0.0,101.04907083579432,-0.07399107060590548,F_breakeven
2023-12-28,0.0,101.04907083579432,-0.07399107060590548,F_breakeven
2023-12-29,0.0,101.04907083579432,-0.07399107060590548,F_breakeven
2023-12-30,0.0,101.04907083579432,-0.07399107060590548,F_breakeven
2023-12-31,0.0,101.04907083579432,-0.07399107060590548,F_breakeven
2024-01-01,0.0,101.04907083579432,-0.07399107060590548,F_breakeven
2024-01-02,0.0,101.04907083579432,-0.07399107060590548,F_breakeven
2024-01-03,0.0,101.04907083579432,-0.07399107060590548,F_breakeven
2024-01-04,0.0,101.04907083579432,-0.07399107060590548,F_breakeven
2024-01-05,0.0,101.04907083579432,-0.07399107060590548,F_breakeven
2024-01-06,0.0,101.04907083579432,-0.07399107060590548,F_breakeven
2024-01-07,0.0,101.04907083579432,-0.07399107060590548,F_breakeven
2024-01-08,0.0,101.04907083579432,-0.07399107060590548,F_breakeven
2024-01-09,0.0,101.04907083579432,-0.07399107060590548,F_breakeven
2024-01-10,0.0,101.04907083579432,-0.07399107060590548,F_breakeven
2024-01-11,0.0,101.04907083579432,-0.07399107060590548,F_breakeven
2024-01-12,0.0,101.04907083579432,-0.07399107060590548,F_breakeven
2024-01-13,0.0,101.04907083579432,-0.07399107060590548,F_breakeven
2024-01-14,0.0,101.04907083579432,-0.07399107060590548,F_breakeven
2024-01-15,0.0,101.04907083579432,-0.07399107060590548,F_breakeven
2024-01-16,0.0,101.04907083579432,-0.07399107060590548,F_breakeven
2024-01-17,0.0,101.04907083579432,-0.07399107060590548,F_breakeven
2024-01-18,0.0,101.04907083579432,-0.07399107060590548,F_breakeven
2024-01-19,0.0,101.04907083579432,-0.07399107060590548,F_breakeven
2024-01-20,0.0,101.04907083579432,-0.07399107060590548,F_breakeven
2024-01-21,0.0,101.04907083579432,-0.07399107060590548,F_breakeven
2024-01-22,0.0,101.04907083579432,-0.07399107060590548,F_breakeven
2024-01-23,-0.1020168239620467,100.94705401183228,-0.17487407702904134,F_breakeven
2024-01-24,-8.06667026052349e-05,100.94697334512968,-0.17495384719988794,F_breakeven
2024-01-25,0.0,100.94697334512968,-0.17495384719988794,F_breakeven
2024-01-26,0.0,100.94697334512968,-0.17495384719988794,F_breakeven
2024-01-27,0.0,100.94697334512968,-0.17495384719988794,F_breakeven
2024-01-28,0.0,100.94697334512968,-0.17495384719988794,F_breakeven
2024-01-29,0.0,100.94697334512968,-0.17495384719988794,F_breakeven
2024-01-30,0.0,100.94697334512968,-0.17495384719988794,F_breakeven
2024-01-31,0.0,100.94697334512968,-0.17495384719988794,F_breakeven
2024-02-01,0.0,100.94697334512968,-0.17495384719988794,F_breakeven
2024-02-02,0.0,100.94697334512968,-0.17495384719988794,F_breakeven
2024-02-03,0.0,100.94697334512968,-0.17495384719988794,F_breakeven
2024-02-04,0.0,100.94697334512968,-0.17495384719988794,F_breakeven
2024-02-05,0.0,100.94697334512968,-0.17495384719988794,F_breakeven
2024-02-06,0.0,100.94697334512968,-0.17495384719988794,F_breakeven
2024-02-07,0.0,100.94697334512968,-0.17495384719988794,F_breakeven
2024-02-08,0.0,100.94697334512968,-0.17495384719988794,F_breakeven
2024-02-09,0.0,100.94697334512968,-0.17495384719988794,F_breakeven
2024-02-10,0.0,100.94697334512968,-0.17495384719988794,F_breakeven
2024-02-11,0.0,100.94697334512968,-0.17495384719988794,F_breakeven
2024-02-12,0.0,100.94697334512968,-0.17495384719988794,F_breakeven
2024-02-13,0.0,100.94697334512968,-0.17495384719988794,F_breakeven
2024-02-14,0.0,100.94697334512968,-0.17495384719988794,F_breakeven
2024-02-15,0.0,100.94697334512968,-0.17495384719988794,F_breakeven
2024-02-16,0.0,100.94697334512968,-0.17495384719988794,F_breakeven
2024-02-17,0.0,100.94697334512968,-0.17495384719988794,F_breakeven
2024-02-18,0.0,100.94697334512968,-0.17495384719988794,F_breakeven
2024-02-19,0.0,100.94697334512968,-0.17495384719988794,F_breakeven
2024-02-20,0.0,100.94697334512968,-0.17495384719988794,F_breakeven
2024-02-21,0.0,100.94697334512968,-0.17495384719988794,F_breakeven
2024-02-22,0.0,100.94697334512968,-0.17495384719988794,F_breakeven
2024-02-23,0.0,100.94697334512968,-0.17495384719988794,F_breakeven
2024-02-24,0.0,100.94697334512968,-0.17495384719988794,F_breakeven
2024-02-25,0.0,100.94697334512968,-0.17495384719988794,F_breakeven
2024-02-26,0.0,100.94697334512968,-0.17495384719988794,F_breakeven
2024-02-27,0.0,100.94697334512968,-0.17495384719988794,F_breakeven
2024-02-28,0.0,100.94697334512968,-0.17495384719988794,F_breakeven
2024-02-29,0.0,100.94697334512968,-0.17495384719988794,F_breakeven
2024-03-01,0.0,100.94697334512968,-0.17495384719988794,F_breakeven
2024-03-02,0.0,100.94697334512968,-0.17495384719988794,F_breakeven
2024-03-03,0.0,100.94697334512968,-0.17495384719988794,F_breakeven
2024-03-04,0.0,100.94697334512968,-0.17495384719988794,F_breakeven
2024-03-05,0.0,100.94697334512968,-0.17495384719988794,F_breakeven
2024-03-06,0.0,100.94697334512968,-0.17495384719988794,F_breakeven
2024-03-07,0.0,100.94697334512968,-0.17495384719988794,F_breakeven
2024-03-08,0.0,100.94697334512968,-0.17495384719988794,F_breakeven
2024-03-09,0.0,100.94697334512968,-0.17495384719988794,F_breakeven
2024-03-10,0.0,100.94697334512968,-0.17495384719988794,F_breakeven
2024-03-11,0.0,100.94697334512968,-0.17495384719988794,F_breakeven
2024-03-12,0.0,100.94697334512968,-0.17495384719988794,F_breakeven
2024-03-13,0.0,100.94697334512968,-0.17495384719988794,F_breakeven
2024-03-14,0.0,100.94697334512968,-0.17495384719988794,F_breakeven
2024-03-15,0.0,100.94697334512968,-0.17495384719988794,F_breakeven
2024-03-16,0.0,100.94697334512968,-0.17495384719988794,F_breakeven
2024-03-17,0.0,100.94697334512968,-0.17495384719988794,F_breakeven
2024-03-18,0.0,100.94697334512968,-0.17495384719988794,F_breakeven
2024-03-19,0.0,100.94697334512968,-0.17495384719988794,F_breakeven
2024-03-20,-0.009126805985552145,100.93784653914412,-0.18397921763493308,F_breakeven
2024-03-21,0.0,100.93784653914412,-0.18397921763493308,F_breakeven
2024-03-22,0.0,100.93784653914412,-0.18397921763493308,F_breakeven
2024-03-23,0.0,100.93784653914412,-0.18397921763493308,F_breakeven
2024-03-24,0.0,100.93784653914412,-0.18397921763493308,F_breakeven
2024-03-25,0.0,100.93784653914412,-0.18397921763493308,F_breakeven
2024-03-26,0.0,100.93784653914412,-0.18397921763493308,F_breakeven
2024-03-27,0.0,100.93784653914412,-0.18397921763493308,F_breakeven
2024-03-28,0.0,100.93784653914412,-0.18397921763493308,F_breakeven
2024-03-29,0.0,100.93784653914412,-0.18397921763493308,F_breakeven
2024-03-30,0.0,100.93784653914412,-0.18397921763493308,F_breakeven
2024-03-31,0.0,100.93784653914412,-0.18397921763493308,F_breakeven
2024-04-01,0.0,100.93784653914412,-0.18397921763493308,F_breakeven
2024-04-02,0.0,100.93784653914412,-0.18397921763493308,F_breakeven
2024-04-03,0.0,100.93784653914412,-0.18397921763493308,F_breakeven
2024-04-04,0.0,100.93784653914412,-0.18397921763493308,F_breakeven
2024-04-05,0.0,100.93784653914412,-0.18397921763493308,F_breakeven
2024-04-06,0.0,100.93784653914412,-0.18397921763493308,F_breakeven
2024-04-07,0.0,100.93784653914412,-0.18397921763493308,F_breakeven
2024-04-08,0.0,100.93784653914412,-0.18397921763493308,F_breakeven
2024-04-09,0.0,100.93784653914412,-0.18397921763493308,F_breakeven
2024-04-10,0.0,100.93784653914412,-0.18397921763493308,F_breakeven
2024-04-11,0.0,100.93784653914412,-0.18397921763493308,F_breakeven
2024-04-12,0.0,100.93784653914412,-0.18397921763493308,F_breakeven
2024-04-13,0.0,100.93784653914412,-0.18397921763493308,F_breakeven
2024-04-14,0.0,100.93784653914412,-0.18397921763493308,F_breakeven
2024-04-15,0.0,100.93784653914412,-0.18397921763493308,F_breakeven
2024-04-16,0.0,100.93784653914412,-0.18397921763493308,F_breakeven
2024-04-17,0.0,100.93784653914412,-0.18397921763493308,F_breakeven
2024-04-18,0.05143042293687772,100.98927696208101,-0.1331203937078418,F_breakeven
2024-04-19,0.0,100.98927696208101,-0.1331203937078418,F_breakeven
2024-04-20,0.0,100.98927696208101,-0.1331203937078418,F_breakeven
2024-04-21,0.0,100.98927696208101,-0.1331203937078418,F_breakeven
2024-04-22,0.0,100.98927696208101,-0.1331203937078418,F_breakeven
2024-04-23,0.0,100.98927696208101,-0.1331203937078418,F_breakeven
2024-04-24,0.0,100.98927696208101,-0.1331203937078418,F_breakeven
2024-04-25,0.0,100.98927696208101,-0.1331203937078418,F_breakeven
2024-04-26,-0.03756097301263613,100.95171598906836,-0.17026391312483513,F_breakeven
2024-04-27,0.0,100.95171598906836,-0.17026391312483513,F_breakeven
2024-04-28,0.0,100.95171598906836,-0.17026391312483513,F_breakeven
2024-04-29,-0.0006539588221411032,100.95106203024622,-0.17091060383223056,F_breakeven
2024-04-30,0.0,100.95106203024622,-0.17091060383223056,F_breakeven
2024-05-01,0.0,100.95106203024622,-0.17091060383223056,F_breakeven
2024-05-02,0.0,100.95106203024622,-0.17091060383223056,F_breakeven
2024-05-03,0.0,100.95106203024622,-0.17091060383223056,F_breakeven
2024-05-04,0.0,100.95106203024622,-0.17091060383223056,F_breakeven
2024-05-05,0.0,100.95106203024622,-0.17091060383223056,F_breakeven
2024-05-06,-0.00018272617646231923,100.95087930406976,-0.17109129918538857,F_breakeven
2024-05-07,0.0,100.95087930406976,-0.17109129918538857,F_breakeven
2024-05-08,-0.0009291103615548343,100.9499501937082,-0.17201008339109425,F_breakeven
2024-05-09,0.0,100.9499501937082,-0.17201008339109425,F_breakeven
2024-05-10,-0.01954565394930325,100.93040453975891,-0.1913385064524098,F_breakeven
2024-05-11,0.0,100.93040453975891,-0.1913385064524098,F_breakeven
2024-05-12,0.0,100.93040453975891,-0.1913385064524098,F_breakeven
2024-05-13,0.0,100.93040453975891,-0.1913385064524098,F_breakeven
2024-05-14,0.0,100.93040453975891,-0.1913385064524098,F_breakeven
2024-05-15,0.0,100.93040453975891,-0.1913385064524098,F_breakeven
2024-05-16,0.0,100.93040453975891,-0.1913385064524098,F_breakeven
2024-05-17,0.0,100.93040453975891,-0.1913385064524098,F_breakeven
2024-05-18,0.0,100.93040453975891,-0.1913385064524098,F_breakeven
2024-05-19,0.0,100.93040453975891,-0.1913385064524098,F_breakeven
2024-05-20,0.0,100.93040453975891,-0.1913385064524098,F_breakeven
2024-05-21,0.0,100.93040453975891,-0.1913385064524098,F_breakeven
2024-05-22,0.0,100.93040453975891,-0.1913385064524098,F_breakeven
2024-05-23,0.0,100.93040453975891,-0.1913385064524098,F_breakeven
2024-05-24,0.0,100.93040453975891,-0.1913385064524098,F_breakeven
2024-05-25,0.0,100.93040453975891,-0.1913385064524098,F_breakeven
2024-05-26,0.0,100.93040453975891,-0.1913385064524098,F_breakeven
2024-05-27,0.0,100.93040453975891,-0.1913385064524098,F_breakeven
2024-05-28,0.0,100.93040453975891,-0.1913385064524098,F_breakeven
2024-05-29,0.0,100.93040453975891,-0.1913385064524098,F_breakeven
2024-05-30,0.0,100.93040453975891,-0.1913385064524098,F_breakeven
2024-05-31,0.0,100.93040453975891,-0.1913385064524098,F_breakeven
2024-06-01,0.0,100.93040453975891,-0.1913385064524098,F_breakeven
2024-06-02,0.0,100.93040453975891,-0.1913385064524098,F_breakeven
2024-06-03,0.0,100.93040453975891,-0.1913385064524098,F_breakeven
2024-06-04,0.0,100.93040453975891,-0.1913385064524098,F_breakeven
2024-06-05,0.0,100.93040453975891,-0.1913385064524098,F_breakeven
2024-06-06,0.0,100.93040453975891,-0.1913385064524098,F_breakeven
2024-06-07,0.0,100.93040453975891,-0.1913385064524098,F_breakeven
2024-06-08,0.0,100.93040453975891,-0.1913385064524098,F_breakeven
2024-06-09,0.0,100.93040453975891,-0.1913385064524098,F_breakeven
2024-06-10,0.0,100.93040453975891,-0.1913385064524098,F_breakeven
2024-06-11,0.0,100.93040453975891,-0.1913385064524098,F_breakeven
2024-06-12,0.0,100.93040453975891,-0.1913385064524098,F_breakeven
2024-06-13,0.0,100.93040453975891,-0.1913385064524098,F_breakeven
2024-06-14,0.0,100.93040453975891,-0.1913385064524098,F_breakeven
2024-06-15,0.0,100.93040453975891,-0.1913385064524098,F_breakeven
2024-06-16,0.0,100.93040453975891,-0.1913385064524098,F_breakeven
2024-06-17,0.0,100.93040453975891,-0.1913385064524098,F_breakeven
2024-06-18,0.0,100.93040453975891,-0.1913385064524098,F_breakeven
2024-06-19,0.0,100.93040453975891,-0.1913385064524098,F_breakeven
2024-06-20,0.0,100.93040453975891,-0.1913385064524098,F_breakeven
2024-06-21,0.0,100.93040453975891,-0.1913385064524098,F_breakeven
2024-06-22,0.0,100.93040453975891,-0.1913385064524098,F_breakeven
2024-06-23,0.0,100.93040453975891,-0.1913385064524098,F_breakeven
2024-06-24,0.0,100.93040453975891,-0.1913385064524098,F_breakeven
2024-06-25,0.0,100.93040453975891,-0.1913385064524098,F_breakeven
2024-06-26,0.0,100.93040453975891,-0.1913385064524098,F_breakeven
2024-06-27,0.0,100.93040453975891,-0.1913385064524098,F_breakeven
2024-06-28,0.0,100.93040453975891,-0.1913385064524098,F_breakeven
2024-06-29,0.0,100.93040453975891,-0.1913385064524098,F_breakeven
2024-06-30,0.0,100.93040453975891,-0.1913385064524098,F_breakeven
2024-07-01,0.0,100.93040453975891,-0.1913385064524098,F_breakeven
2024-07-02,0.0,100.93040453975891,-0.1913385064524098,F_breakeven
2024-07-03,0.0,100.93040453975891,-0.1913385064524098,F_breakeven
2024-07-04,0.0,100.93040453975891,-0.1913385064524098,F_breakeven
2024-07-05,0.0,100.93040453975891,-0.1913385064524098,F_breakeven
2024-07-06,0.0,100.93040453975891,-0.1913385064524098,F_breakeven
2024-07-07,0.0,100.93040453975891,-0.1913385064524098,F_breakeven
2024-07-08,0.0,100.93040453975891,-0.1913385064524098,F_breakeven
2024-07-09,0.0,100.93040453975891,-0.1913385064524098,F_breakeven
2024-07-10,0.0,100.93040453975891,-0.1913385064524098,F_breakeven
2024-07-11,0.0,100.93040453975891,-0.1913385064524098,F_breakeven
2024-07-12,0.0,100.93040453975891,-0.1913385064524098,F_breakeven
2024-07-13,0.0,100.93040453975891,-0.1913385064524098,F_breakeven
2024-07-14,0.0,100.93040453975891,-0.1913385064524098,F_breakeven
2024-07-15,0.0,100.93040453975891,-0.1913385064524098,F_breakeven
2024-07-16,0.0,100.93040453975891,-0.1913385064524098,F_breakeven
2024-07-17,0.0,100.93040453975891,-0.1913385064524098,F_breakeven
2024-07-18,0.0,100.93040453975891,-0.1913385064524098,F_breakeven
2024-07-19,0.4017436587150828,101.33214819847399,0.0,F_breakeven
2024-07-20,0.0,101.33214819847399,0.0,F_breakeven
2024-07-21,0.0,101.33214819847399,0.0,F_breakeven
2024-07-22,0.0,101.33214819847399,0.0,F_breakeven
2024-07-23,0.0,101.33214819847399,0.0,F_breakeven
2024-07-24,0.0,101.33214819847399,0.0,F_breakeven
2024-07-25,0.0,101.33214819847399,0.0,F_breakeven
2024-07-26,0.0,101.33214819847399,0.0,F_breakeven
2024-07-27,0.0,101.33214819847399,0.0,F_breakeven
2024-07-28,0.0,101.33214819847399,0.0,F_breakeven
2024-07-29,-0.0025943553419669686,101.32955384313202,-0.0025602490306364523,F_breakeven
2024-07-30,-0.005502449412668285,101.32405139371936,-0.007990361300513893,F_breakeven
2024-07-31,0.0,101.32405139371936,-0.007990361300513893,F_breakeven
2024-08-01,0.0,101.32405139371936,-0.007990361300513893,F_breakeven
2024-08-02,-0.0022246999294610235,101.32182669378989,-0.01018581453922085,F_breakeven
2024-08-03,0.0,101.32182669378989,-0.01018581453922085,F_breakeven
2024-08-04,0.0,101.32182669378989,-0.01018581453922085,F_breakeven
2024-08-05,-0.02354892295117477,101.29827777083872,-0.03342515503463872,F_breakeven
2024-08-06,-0.0069705214820424835,101.29130724935668,-0.04030403958013018,F_breakeven
2024-08-07,-0.015252284800464205,101.27605496455621,-0.05535581245934562,F_breakeven
2024-08-08,0.0,101.27605496455621,-0.05535581245934562,F_breakeven
2024-08-09,0.0,101.27605496455621,-0.05535581245934562,F_breakeven
2024-08-10,0.0,101.27605496455621,-0.05535581245934562,F_breakeven
2024-08-11,0.0,101.27605496455621,-0.05535581245934562,F_breakeven
2024-08-12,0.0,101.27605496455621,-0.05535581245934562,F_breakeven
2024-08-13,0.0,101.27605496455621,-0.05535581245934562,F_breakeven
2024-08-14,0.0,101.27605496455621,-0.05535581245934562,F_breakeven
2024-08-15,0.0,101.27605496455621,-0.05535581245934562,F_breakeven
2024-08-16,0.0,101.27605496455621,-0.05535581245934562,F_breakeven
2024-08-17,0.0,101.27605496455621,-0.05535581245934562,F_breakeven
2024-08-18,0.0,101.27605496455621,-0.05535581245934562,F_breakeven
2024-08-19,0.0,101.27605496455621,-0.05535581245934562,F_breakeven
2024-08-20,0.0,101.27605496455621,-0.05535581245934562,F_breakeven
2024-08-21,0.0,101.27605496455621,-0.05535581245934562,F_breakeven
2024-08-22,0.0,101.27605496455621,-0.05535581245934562,F_breakeven
2024-08-23,0.0,101.27605496455621,-0.05535581245934562,F_breakeven
2024-08-24,0.0,101.27605496455621,-0.05535581245934562,F_breakeven
2024-08-25,0.0,101.27605496455621,-0.05535581245934562,F_breakeven
2024-08-26,0.0,101.27605496455621,-0.05535581245934562,F_breakeven
2024-08-27,0.0,101.27605496455621,-0.05535581245934562,F_breakeven
2024-08-28,0.0,101.27605496455621,-0.05535581245934562,F_breakeven
2024-08-29,0.0,101.27605496455621,-0.05535581245934562,F_breakeven
2024-08-30,0.0,101.27605496455621,-0.05535581245934562,F_breakeven
2024-08-31,0.0,101.27605496455621,-0.05535581245934562,F_breakeven
2024-09-01,0.0,101.27605496455621,-0.05535581245934562,F_breakeven
2024-09-02,0.0,101.27605496455621,-0.05535581245934562,F_breakeven
2024-09-03,0.0,101.27605496455621,-0.05535581245934562,F_breakeven
2024-09-04,0.0,101.27605496455621,-0.05535581245934562,F_breakeven
2024-09-05,0.0,101.27605496455621,-0.05535581245934562,F_breakeven
2024-09-06,0.0,101.27605496455621,-0.05535581245934562,F_breakeven
2024-09-07,0.0,101.27605496455621,-0.05535581245934562,F_breakeven
2024-09-08,0.0,101.27605496455621,-0.05535581245934562,F_breakeven
2024-09-09,0.0,101.27605496455621,-0.05535581245934562,F_breakeven
2024-09-10,0.0,101.27605496455621,-0.05535581245934562,F_breakeven
2024-09-11,0.0,101.27605496455621,-0.05535581245934562,F_breakeven
2024-09-12,0.0028225838858750127,101.27887754844208,-0.05257033525783994,F_breakeven
2024-09-13,0.0,101.27887754844208,-0.05257033525783994,F_breakeven
2024-09-14,0.0,101.27887754844208,-0.05257033525783994,F_breakeven
2024-09-15,0.0,101.27887754844208,-0.05257033525783994,F_breakeven
2024-09-16,0.0,101.27887754844208,-0.05257033525783994,F_breakeven
2024-09-17,0.0,101.27887754844208,-0.05257033525783994,F_breakeven
2024-09-18,0.0,101.27887754844208,-0.05257033525783994,F_breakeven
2024-09-19,0.0,101.27887754844208,-0.05257033525783994,F_breakeven
2024-09-20,0.0,101.27887754844208,-0.05257033525783994,F_breakeven
2024-09-21,0.0,101.27887754844208,-0.05257033525783994,F_breakeven
2024-09-22,0.0,101.27887754844208,-0.05257033525783994,F_breakeven
2024-09-23,0.0,101.27887754844208,-0.05257033525783994,F_breakeven
2024-09-24,0.0,101.27887754844208,-0.05257033525783994,F_breakeven
2024-09-25,0.0,101.27887754844208,-0.05257033525783994,F_breakeven
2024-09-26,0.0,101.27887754844208,-0.05257033525783994,F_breakeven
2024-09-27,0.0,101.27887754844208,-0.05257033525783994,F_breakeven
2024-09-28,0.0,101.27887754844208,-0.05257033525783994,F_breakeven
2024-09-29,0.0,101.27887754844208,-0.05257033525783994,F_breakeven
2024-09-30,0.0,101.27887754844208,-0.05257033525783994,F_breakeven
2024-10-01,0.0,101.27887754844208,-0.05257033525783994,F_breakeven
2024-10-02,0.0,101.27887754844208,-0.05257033525783994,F_breakeven
2024-10-03,0.0,101.27887754844208,-0.05257033525783994,F_breakeven
2024-10-04,0.0,101.27887754844208,-0.05257033525783994,F_breakeven
2024-10-05,0.0,101.27887754844208,-0.05257033525783994,F_breakeven
2024-10-06,0.0,101.27887754844208,-0.05257033525783994,F_breakeven
2024-10-07,0.0,101.27887754844208,-0.05257033525783994,F_breakeven
2024-10-08,0.0,101.27887754844208,-0.05257033525783994,F_breakeven
2024-10-09,0.0,101.27887754844208,-0.05257033525783994,F_breakeven
2024-10-10,0.0,101.27887754844208,-0.05257033525783994,F_breakeven
2024-10-11,0.0,101.27887754844208,-0.05257033525783994,F_breakeven
2024-10-12,0.0,101.27887754844208,-0.05257033525783994,F_breakeven
2024-10-13,0.0,101.27887754844208,-0.05257033525783994,F_breakeven
2024-10-14,0.0,101.27887754844208,-0.05257033525783994,F_breakeven
2024-10-15,0.0,101.27887754844208,-0.05257033525783994,F_breakeven
2024-10-16,0.0,101.27887754844208,-0.05257033525783994,F_breakeven
2024-10-17,0.0,101.27887754844208,-0.05257033525783994,F_breakeven
2024-10-18,0.1905587284783776,101.46943627692046,0.0,F_breakeven
2024-10-19,0.0,101.46943627692046,0.0,F_breakeven
2024-10-20,0.0,101.46943627692046,0.0,F_breakeven
2024-10-21,0.0,101.46943627692046,0.0,F_breakeven
2024-10-22,0.0,101.46943627692046,0.0,F_breakeven
2024-10-23,0.0,101.46943627692046,0.0,F_breakeven
2024-10-24,0.0,101.46943627692046,0.0,F_breakeven
2024-10-25,0.0,101.46943627692046,0.0,F_breakeven
2024-10-26,0.0,101.46943627692046,0.0,F_breakeven
2024-10-27,0.0,101.46943627692046,0.0,F_breakeven
2024-10-28,-0.13906622091050613,101.33037005600995,-0.13705232433831593,F_breakeven
2024-10-29,0.0,101.33037005600995,-0.13705232433831593,F_breakeven
2024-10-30,0.0,101.33037005600995,-0.13705232433831593,F_breakeven
2024-10-31,0.0,101.33037005600995,-0.13705232433831593,F_breakeven
2024-11-01,0.0,101.33037005600995,-0.13705232433831593,F_breakeven
2024-11-02,0.0,101.33037005600995,-0.13705232433831593,F_breakeven
2024-11-03,0.0,101.33037005600995,-0.13705232433831593,F_breakeven
2024-11-04,0.0,101.33037005600995,-0.13705232433831593,F_breakeven
2024-11-05,0.0,101.33037005600995,-0.13705232433831593,F_breakeven
2024-11-06,0.0,101.33037005600995,-0.13705232433831593,F_breakeven
2024-11-07,0.0,101.33037005600995,-0.13705232433831593,F_breakeven
2024-11-08,0.0,101.33037005600995,-0.13705232433831593,F_breakeven
2024-11-09,0.0,101.33037005600995,-0.13705232433831593,F_breakeven
2024-11-10,0.0,101.33037005600995,-0.13705232433831593,F_breakeven
2024-11-11,0.0,101.33037005600995,-0.13705232433831593,F_breakeven
2024-11-12,0.0,101.33037005600995,-0.13705232433831593,F_breakeven
2024-11-13,0.0,101.33037005600995,-0.13705232433831593,F_breakeven
2024-11-14,-0.0045432597742905475,101.32582679623566,-0.1415297905990931,F_breakeven
2024-11-15,0.0,101.32582679623566,-0.1415297905990931,F_breakeven
2024-11-16,0.0,101.32582679623566,-0.1415297905990931,F_breakeven
2024-11-17,0.0,101.32582679623566,-0.1415297905990931,F_breakeven
2024-11-18,0.0,101.32582679623566,-0.1415297905990931,F_breakeven
2024-11-19,0.0,101.32582679623566,-0.1415297905990931,F_breakeven
2024-11-20,0.0,101.32582679623566,-0.1415297905990931,F_breakeven
2024-11-21,0.0,101.32582679623566,-0.1415297905990931,F_breakeven
2024-11-22,0.0,101.32582679623566,-0.1415297905990931,F_breakeven
2024-11-23,0.0,101.32582679623566,-0.1415297905990931,F_breakeven
2024-11-24,0.0,101.32582679623566,-0.1415297905990931,F_breakeven
2024-11-25,0.0,101.32582679623566,-0.1415297905990931,F_breakeven
2024-11-26,0.0,101.32582679623566,-0.1415297905990931,F_breakeven
2024-11-27,0.0,101.32582679623566,-0.1415297905990931,F_breakeven
2024-11-28,0.0,101.32582679623566,-0.1415297905990931,F_breakeven
2024-11-29,0.0,101.32582679623566,-0.1415297905990931,F_breakeven
2024-11-30,0.0,101.32582679623566,-0.1415297905990931,F_breakeven
2024-12-01,0.0,101.32582679623566,-0.1415297905990931,F_breakeven
2024-12-02,0.0,101.32582679623566,-0.1415297905990931,F_breakeven
2024-12-03,0.0,101.32582679623566,-0.1415297905990931,F_breakeven
2024-12-04,0.0,101.32582679623566,-0.1415297905990931,F_breakeven
2024-12-05,0.0,101.32582679623566,-0.1415297905990931,F_breakeven
2024-12-06,0.0,101.32582679623566,-0.1415297905990931,F_breakeven
2024-12-07,0.0,101.32582679623566,-0.1415297905990931,F_breakeven
2024-12-08,0.0,101.32582679623566,-0.1415297905990931,F_breakeven
2024-12-09,0.0,101.32582679623566,-0.1415297905990931,F_breakeven
2024-12-10,0.0,101.32582679623566,-0.1415297905990931,F_breakeven
2024-12-11,0.0,101.32582679623566,-0.1415297905990931,F_breakeven
2024-12-12,0.0,101.32582679623566,-0.1415297905990931,F_breakeven
2024-12-13,0.0,101.32582679623566,-0.1415297905990931,F_breakeven
2024-12-14,0.0,101.32582679623566,-0.1415297905990931,F_breakeven
2024-12-15,0.0,101.32582679623566,-0.1415297905990931,F_breakeven
2024-12-16,0.0,101.32582679623566,-0.1415297905990931,F_breakeven
2024-12-17,0.0,101.32582679623566,-0.1415297905990931,F_breakeven
2024-12-18,0.0,101.32582679623566,-0.1415297905990931,F_breakeven
2024-12-19,0.0,101.32582679623566,-0.1415297905990931,F_breakeven
2024-12-20,0.0,101.32582679623566,-0.1415297905990931,F_breakeven
2024-12-21,0.0,101.32582679623566,-0.1415297905990931,F_breakeven
2024-12-22,0.0,101.32582679623566,-0.1415297905990931,F_breakeven
2024-12-23,0.0,101.32582679623566,-0.1415297905990931,F_breakeven
2024-12-24,0.0,101.32582679623566,-0.1415297905990931,F_breakeven
2024-12-25,0.0,101.32582679623566,-0.1415297905990931,F_breakeven
2024-12-26,0.0,101.32582679623566,-0.1415297905990931,F_breakeven
2024-12-27,0.0,101.32582679623566,-0.1415297905990931,F_breakeven
2024-12-28,0.0,101.32582679623566,-0.1415297905990931,F_breakeven
2024-12-29,0.0,101.32582679623566,-0.1415297905990931,F_breakeven
2024-12-30,0.0,101.32582679623566,-0.1415297905990931,F_breakeven
2024-12-31,0.0,101.32582679623566,-0.1415297905990931,F_breakeven
2025-01-01,0.0,101.32582679623566,-0.1415297905990931,F_breakeven
2025-01-02,0.0,101.32582679623566,-0.1415297905990931,F_breakeven
2025-01-03,0.0,101.32582679623566,-0.1415297905990931,F_breakeven
2025-01-04,0.0,101.32582679623566,-0.1415297905990931,F_breakeven
2025-01-05,0.0,101.32582679623566,-0.1415297905990931,F_breakeven
2025-01-06,0.0,101.32582679623566,-0.1415297905990931,F_breakeven
2025-01-07,0.0,101.32582679623566,-0.1415297905990931,F_breakeven
2025-01-08,0.0,101.32582679623566,-0.1415297905990931,F_breakeven
2025-01-09,0.0,101.32582679623566,-0.1415297905990931,F_breakeven
2025-01-10,0.0,101.32582679623566,-0.1415297905990931,F_breakeven
2025-01-11,0.0,101.32582679623566,-0.1415297905990931,F_breakeven
2025-01-12,0.0,101.32582679623566,-0.1415297905990931,F_breakeven
2025-01-13,0.0,101.32582679623566,-0.1415297905990931,F_breakeven
2025-01-14,0.0,101.32582679623566,-0.1415297905990931,F_breakeven
2025-01-15,0.0,101.32582679623566,-0.1415297905990931,F_breakeven
2025-01-16,0.0,101.32582679623566,-0.1415297905990931,F_breakeven
2025-01-17,0.0,101.32582679623566,-0.1415297905990931,F_breakeven
2025-01-18,0.0,101.32582679623566,-0.1415297905990931,F_breakeven
2025-01-19,0.0,101.32582679623566,-0.1415297905990931,F_breakeven
2025-01-20,0.0,101.32582679623566,-0.1415297905990931,F_breakeven
2025-01-21,0.0,101.32582679623566,-0.1415297905990931,F_breakeven
2025-01-22,0.0,101.32582679623566,-0.1415297905990931,F_breakeven
2025-01-23,0.0,101.32582679623566,-0.1415297905990931,F_breakeven
2025-01-24,0.0,101.32582679623566,-0.1415297905990931,F_breakeven
2025-01-25,0.0,101.32582679623566,-0.1415297905990931,F_breakeven
2025-01-26,0.0,101.32582679623566,-0.1415297905990931,F_breakeven
2025-01-27,0.0,101.32582679623566,-0.1415297905990931,F_breakeven
2025-01-28,-0.10231926090678406,101.22350753532888,-0.24236730843799625,F_breakeven
2025-01-29,-0.01688041413249272,101.20662712119639,-0.259003267749347,F_breakeven
2025-01-30,0.0,101.20662712119639,-0.259003267749347,F_breakeven
2025-01-31,0.0,101.20662712119639,-0.259003267749347,F_breakeven
2025-02-01,0.0,101.20662712119639,-0.259003267749347,F_breakeven
2025-02-02,0.0,101.20662712119639,-0.259003267749347,F_breakeven
2025-02-03,0.0,101.20662712119639,-0.259003267749347,F_breakeven
2025-02-04,0.0,101.20662712119639,-0.259003267749347,F_breakeven
2025-02-05,0.0,101.20662712119639,-0.259003267749347,F_breakeven
2025-02-06,0.0,101.20662712119639,-0.259003267749347,F_breakeven
2025-02-07,0.0,101.20662712119639,-0.259003267749347,F_breakeven
2025-02-08,0.0,101.20662712119639,-0.259003267749347,F_breakeven
2025-02-09,0.0,101.20662712119639,-0.259003267749347,F_breakeven
2025-02-10,0.0,101.20662712119639,-0.259003267749347,F_breakeven
2025-02-11,0.0,101.20662712119639,-0.259003267749347,F_breakeven
2025-02-12,0.0,101.20662712119639,-0.259003267749347,F_breakeven
2025-02-13,0.0,101.20662712119639,-0.259003267749347,F_breakeven
2025-02-14,0.0,101.20662712119639,-0.259003267749347,F_breakeven
2025-02-15,0.0,101.20662712119639,-0.259003267749347,F_breakeven
2025-02-16,0.0,101.20662712119639,-0.259003267749347,F_breakeven
2025-02-17,0.0,101.20662712119639,-0.259003267749347,F_breakeven
2025-02-18,-0.002650737383821755,101.20397638381257,-0.2616156183063989,F_breakeven
2025-02-19,0.0,101.20397638381257,-0.2616156183063989,F_breakeven
2025-02-20,0.0,101.20397638381257,-0.2616156183063989,F_breakeven
2025-02-21,0.0,101.20397638381257,-0.2616156183063989,F_breakeven
2025-02-22,0.0,101.20397638381257,-0.2616156183063989,F_breakeven
2025-02-23,0.0,101.20397638381257,-0.2616156183063989,F_breakeven
2025-02-24,0.0,101.20397638381257,-0.2616156183063989,F_breakeven
2025-02-25,0.0,101.20397638381257,-0.2616156183063989,F_breakeven
2025-02-26,0.0,101.20397638381257,-0.2616156183063989,F_breakeven
2025-02-27,0.0,101.20397638381257,-0.2616156183063989,F_breakeven
2025-02-28,-0.005001674637770746,101.19897470917479,-0.26654486086583606,F_breakeven
2025-03-01,0.0,101.19897470917479,-0.26654486086583606,F_breakeven
2025-03-02,0.0,101.19897470917479,-0.26654486086583606,F_breakeven
2025-03-03,0.0,101.19897470917479,-0.26654486086583606,F_breakeven
2025-03-04,0.0,101.19897470917479,-0.26654486086583606,F_breakeven
2025-03-05,0.0,101.19897470917479,-0.26654486086583606,F_breakeven
2025-03-06,0.0,101.19897470917479,-0.26654486086583606,F_breakeven
2025-03-07,0.0,101.19897470917479,-0.26654486086583606,F_breakeven
2025-03-08,0.0,101.19897470917479,-0.26654486086583606,F_breakeven
2025-03-09,0.0,101.19897470917479,-0.26654486086583606,F_breakeven
2025-03-10,0.0,101.19897470917479,-0.26654486086583606,F_breakeven
2025-03-11,0.0,101.19897470917479,-0.26654486086583606,F_breakeven
2025-03-12,0.0,101.19897470917479,-0.26654486086583606,F_breakeven
2025-03-13,0.0,101.19897470917479,-0.26654486086583606,F_breakeven
2025-03-14,0.0,101.19897470917479,-0.26654486086583606,F_breakeven
2025-03-15,0.0,101.19897470917479,-0.26654486086583606,F_breakeven
2025-03-16,0.0,101.19897470917479,-0.26654486086583606,F_breakeven
2025-03-17,0.0,101.19897470917479,-0.26654486086583606,F_breakeven
2025-03-18,0.0,101.19897470917479,-0.26654486086583606,F_breakeven
2025-03-19,0.0,101.19897470917479,-0.26654486086583606,F_breakeven
2025-03-20,0.0,101.19897470917479,-0.26654486086583606,F_breakeven
2025-03-21,0.0,101.19897470917479,-0.26654486086583606,F_breakeven
2025-03-22,0.0,101.19897470917479,-0.26654486086583606,F_breakeven
2025-03-23,0.0,101.19897470917479,-0.26654486086583606,F_breakeven
2025-03-24,0.0,101.19897470917479,-0.26654486086583606,F_breakeven
2025-03-25,0.0,101.19897470917479,-0.26654486086583606,F_breakeven
2025-03-26,0.0,101.19897470917479,-0.26654486086583606,F_breakeven
2025-03-27,0.0,101.19897470917479,-0.26654486086583606,F_breakeven
2025-03-28,0.0,101.19897470917479,-0.26654486086583606,F_breakeven
2025-03-29,0.0,101.19897470917479,-0.26654486086583606,F_breakeven
2025-03-30,0.0,101.19897470917479,-0.26654486086583606,F_breakeven
2025-03-31,0.0,101.19897470917479,-0.26654486086583606,F_breakeven
2025-04-01,0.0,101.19897470917479,-0.26654486086583606,F_breakeven
2025-04-02,0.0,101.19897470917479,-0.26654486086583606,F_breakeven
2025-04-03,0.0,101.19897470917479,-0.26654486086583606,F_breakeven
2025-04-04,0.0,101.19897470917479,-0.26654486086583606,F_breakeven
2025-04-05,0.0,101.19897470917479,-0.26654486086583606,F_breakeven
2025-04-06,0.0,101.19897470917479,-0.26654486086583606,F_breakeven
2025-04-07,0.0,101.19897470917479,-0.26654486086583606,F_breakeven
2025-04-08,0.0,101.19897470917479,-0.26654486086583606,F_breakeven
2025-04-09,0.0,101.19897470917479,-0.26654486086583606,F_breakeven
2025-04-10,0.0,101.19897470917479,-0.26654486086583606,F_breakeven
2025-04-11,0.0,101.19897470917479,-0.26654486086583606,F_breakeven
2025-04-12,0.0,101.19897470917479,-0.26654486086583606,F_breakeven
2025-04-13,0.0,101.19897470917479,-0.26654486086583606,F_breakeven
2025-04-14,0.0,101.19897470917479,-0.26654486086583606,F_breakeven
2025-04-15,0.0,101.19897470917479,-0.26654486086583606,F_breakeven
2025-04-16,0.0,101.19897470917479,-0.26654486086583606,F_breakeven
2025-04-17,0.0,101.19897470917479,-0.26654486086583606,F_breakeven
2025-04-18,0.0,101.19897470917479,-0.26654486086583606,F_breakeven
2025-04-19,0.0,101.19897470917479,-0.26654486086583606,F_breakeven
2025-04-20,0.0,101.19897470917479,-0.26654486086583606,F_breakeven
2025-04-21,0.0,101.19897470917479,-0.26654486086583606,F_breakeven
2025-04-22,0.0,101.19897470917479,-0.26654486086583606,F_breakeven
2025-04-23,0.0,101.19897470917479,-0.26654486086583606,F_breakeven
2025-04-24,0.0,101.19897470917479,-0.26654486086583606,F_breakeven
2025-04-25,0.0,101.19897470917479,-0.26654486086583606,F_breakeven
2025-04-26,0.0,101.19897470917479,-0.26654486086583606,F_breakeven
2025-04-27,0.0,101.19897470917479,-0.26654486086583606,F_breakeven
2025-04-28,0.0,101.19897470917479,-0.26654486086583606,F_breakeven
2025-04-29,0.0,101.19897470917479,-0.26654486086583606,F_breakeven
2025-04-30,0.0,101.19897470917479,-0.26654486086583606,F_breakeven
2025-05-01,0.0,101.19897470917479,-0.26654486086583606,F_breakeven
2025-05-02,0.0,101.19897470917479,-0.26654486086583606,F_breakeven
2025-05-03,0.0,101.19897470917479,-0.26654486086583606,F_breakeven
2025-05-04,0.0,101.19897470917479,-0.26654486086583606,F_breakeven
2025-05-05,-0.07386712965086326,101.12510757952393,-0.3393422788482092,F_breakeven
2025-05-06,0.0,101.12510757952393,-0.3393422788482092,F_breakeven
2025-05-07,0.0,101.12510757952393,-0.3393422788482092,F_breakeven
2025-05-08,-0.004957337075712201,101.12015024244822,-0.3442278259228826,F_breakeven
2025-05-09,0.0,101.12015024244822,-0.3442278259228826,F_breakeven
2025-05-10,0.0,101.12015024244822,-0.3442278259228826,F_breakeven
2025-05-11,0.0,101.12015024244822,-0.3442278259228826,F_breakeven
2025-05-12,-0.000310546079192335,101.11983969636903,-0.3445338748087168,F_breakeven
2025-05-13,0.0,101.11983969636903,-0.3445338748087168,F_breakeven
2025-05-14,0.0,101.11983969636903,-0.3445338748087168,F_breakeven
2025-05-15,0.0,101.11983969636903,-0.3445338748087168,F_breakeven
2025-05-16,0.0,101.11983969636903,-0.3445338748087168,F_breakeven
2025-05-17,0.0,101.11983969636903,-0.3445338748087168,F_breakeven
2025-05-18,0.0,101.11983969636903,-0.3445338748087168,F_breakeven
2025-05-19,0.0,101.11983969636903,-0.3445338748087168,F_breakeven
2025-05-20,0.0,101.11983969636903,-0.3445338748087168,F_breakeven
2025-05-21,0.0,101.11983969636903,-0.3445338748087168,F_breakeven
2025-05-22,0.0,101.11983969636903,-0.3445338748087168,F_breakeven
2025-05-23,0.0,101.11983969636903,-0.3445338748087168,F_breakeven
2025-05-24,0.0,101.11983969636903,-0.3445338748087168,F_breakeven
2025-05-25,0.0,101.11983969636903,-0.3445338748087168,F_breakeven
2025-05-26,0.0,101.11983969636903,-0.3445338748087168,F_breakeven
2025-05-27,0.0,101.11983969636903,-0.3445338748087168,F_breakeven
2025-05-28,0.0,101.11983969636903,-0.3445338748087168,F_breakeven
2025-05-29,0.0,101.11983969636903,-0.3445338748087168,F_breakeven
2025-05-30,0.0,101.11983969636903,-0.3445338748087168,F_breakeven
2025-05-31,0.0,101.11983969636903,-0.3445338748087168,F_breakeven
2025-06-01,0.0,101.11983969636903,-0.3445338748087168,F_breakeven
2025-06-02,0.0,101.11983969636903,-0.3445338748087168,F_breakeven
2025-06-03,0.0,101.11983969636903,-0.3445338748087168,F_breakeven
2025-06-04,0.0,101.11983969636903,-0.3445338748087168,F_breakeven
2025-06-05,0.0002019111749269787,101.12004160754395,-0.34433488762367626,F_breakeven
2025-06-06,0.0,101.12004160754395,-0.34433488762367626,F_breakeven
2025-06-07,0.0,101.12004160754395,-0.34433488762367626,F_breakeven
2025-06-08,0.0,101.12004160754395,-0.34433488762367626,F_breakeven
2025-06-09,0.0,101.12004160754395,-0.34433488762367626,F_breakeven
2025-06-10,0.0,101.12004160754395,-0.34433488762367626,F_breakeven
2025-06-11,0.0,101.12004160754395,-0.34433488762367626,F_breakeven
2025-06-12,0.0,101.12004160754395,-0.34433488762367626,F_breakeven
2025-06-13,0.0,101.12004160754395,-0.34433488762367626,F_breakeven
2025-06-14,0.0,101.12004160754395,-0.34433488762367626,F_breakeven
2025-06-15,0.0,101.12004160754395,-0.34433488762367626,F_breakeven
2025-06-16,0.0,101.12004160754395,-0.34433488762367626,F_breakeven
2025-06-17,0.0,101.12004160754395,-0.34433488762367626,F_breakeven
2025-06-18,0.0,101.12004160754395,-0.34433488762367626,F_breakeven
2025-06-19,0.0,101.12004160754395,-0.34433488762367626,F_breakeven
2025-06-20,0.0,101.12004160754395,-0.34433488762367626,F_breakeven
2025-06-21,0.0,101.12004160754395,-0.34433488762367626,F_breakeven
2025-06-22,0.0,101.12004160754395,-0.34433488762367626,F_breakeven
2025-06-23,0.0,101.12004160754395,-0.34433488762367626,F_breakeven
2025-06-24,0.0,101.12004160754395,-0.34433488762367626,F_breakeven
2025-06-25,0.0,101.12004160754395,-0.34433488762367626,F_breakeven
2025-06-26,0.0,101.12004160754395,-0.34433488762367626,F_breakeven
2025-06-27,0.0,101.12004160754395,-0.34433488762367626,F_breakeven
2025-06-28,0.0,101.12004160754395,-0.34433488762367626,F_breakeven
2025-06-29,0.0,101.12004160754395,-0.34433488762367626,F_breakeven
2025-06-30,0.0,101.12004160754395,-0.34433488762367626,F_breakeven
2025-07-01,0.0,101.12004160754395,-0.34433488762367626,F_breakeven
2025-07-02,0.0,101.12004160754395,-0.34433488762367626,F_breakeven
2025-07-03,0.0,101.12004160754395,-0.34433488762367626,F_breakeven
2025-07-04,0.0,101.12004160754395,-0.34433488762367626,F_breakeven
2025-07-05,0.0,101.12004160754395,-0.34433488762367626,F_breakeven
2025-07-06,0.0,101.12004160754395,-0.34433488762367626,F_breakeven
2025-07-07,0.0,101.12004160754395,-0.34433488762367626,F_breakeven
2025-07-08,0.0,101.12004160754395,-0.34433488762367626,F_breakeven
2025-07-09,0.0,101.12004160754395,-0.34433488762367626,F_breakeven
2025-07-10,0.0,101.12004160754395,-0.34433488762367626,F_breakeven
2025-07-11,0.0,101.12004160754395,-0.34433488762367626,F_breakeven
2025-07-12,0.0,101.12004160754395,-0.34433488762367626,F_breakeven
2025-07-13,0.0,101.12004160754395,-0.34433488762367626,F_breakeven
2025-07-14,0.0,101.12004160754395,-0.34433488762367626,F_breakeven
2025-07-15,0.0,101.12004160754395,-0.34433488762367626,F_breakeven
2025-07-16,0.0,101.12004160754395,-0.34433488762367626,F_breakeven
2025-07-17,0.0,101.12004160754395,-0.34433488762367626,F_breakeven
2025-07-18,0.0,101.12004160754395,-0.34433488762367626,F_breakeven
2025-07-19,0.0,101.12004160754395,-0.34433488762367626,F_breakeven
2025-07-20,0.0,101.12004160754395,-0.34433488762367626,F_breakeven
2025-07-21,0.0,101.12004160754395,-0.34433488762367626,F_breakeven
2025-07-22,0.0,101.12004160754395,-0.34433488762367626,F_breakeven
2025-07-23,0.10709796174974015,101.2271395692937,-0.23878787201055962,F_breakeven
2025-07-24,0.0,101.2271395692937,-0.23878787201055962,F_breakeven
2025-07-25,0.0,101.2271395692937,-0.23878787201055962,F_breakeven
2025-07-26,0.0,101.2271395692937,-0.23878787201055962,F_breakeven
2025-07-27,0.0,101.2271395692937,-0.23878787201055962,F_breakeven
2025-07-28,0.0,101.2271395692937,-0.23878787201055962,F_breakeven
2025-07-29,0.0,101.2271395692937,-0.23878787201055962,F_breakeven
2025-07-30,0.0,101.2271395692937,-0.23878787201055962,F_breakeven
2025-07-31,-0.13046583544308088,101.09667373385062,-0.3673643579260033,F_breakeven
2025-08-01,-0.006454001827383914,101.09021973202323,-0.37372489570387524,F_breakeven
2025-08-02,0.0,101.09021973202323,-0.37372489570387524,F_breakeven
2025-08-03,0.0,101.09021973202323,-0.37372489570387524,F_breakeven
2025-08-04,-0.006753089012886972,101.08346664301034,-0.3803801894166181,F_breakeven
2025-08-05,0.0,101.08346664301034,-0.3803801894166181,F_breakeven
2025-08-06,0.0,101.08346664301034,-0.3803801894166181,F_breakeven
2025-08-07,0.0,101.08346664301034,-0.3803801894166181,F_breakeven
2025-08-08,0.0,101.08346664301034,-0.3803801894166181,F_breakeven
2025-08-09,0.0,101.08346664301034,-0.3803801894166181,F_breakeven
2025-08-10,0.0,101.08346664301034,-0.3803801894166181,F_breakeven
2025-08-11,0.0,101.08346664301034,-0.3803801894166181,F_breakeven
2025-08-12,0.0,101.08346664301034,-0.3803801894166181,F_breakeven
2025-08-13,0.0,101.08346664301034,-0.3803801894166181,F_breakeven
2025-08-14,0.0,101.08346664301034,-0.3803801894166181,F_breakeven
2025-08-15,0.0,101.08346664301034,-0.3803801894166181,F_breakeven
2025-08-16,0.0,101.08346664301034,-0.3803801894166181,F_breakeven
2025-08-17,0.0,101.08346664301034,-0.3803801894166181,F_breakeven
2025-08-18,0.0,101.08346664301034,-0.3803801894166181,F_breakeven
2025-08-19,0.0,101.08346664301034,-0.3803801894166181,F_breakeven
2025-08-20,0.0,101.08346664301034,-0.3803801894166181,F_breakeven
2025-08-21,0.0,101.08346664301034,-0.3803801894166181,F_breakeven
2025-08-22,0.0,101.08346664301034,-0.3803801894166181,F_breakeven
2025-08-23,0.0,101.08346664301034,-0.3803801894166181,F_breakeven
2025-08-24,0.0,101.08346664301034,-0.3803801894166181,F_breakeven
2025-08-25,0.0,101.08346664301034,-0.3803801894166181,F_breakeven
2025-08-26,0.0,101.08346664301034,-0.3803801894166181,F_breakeven
2025-08-27,0.0,101.08346664301034,-0.3803801894166181,F_breakeven
2025-08-28,0.0,101.08346664301034,-0.3803801894166181,F_breakeven
2025-08-29,0.0,101.08346664301034,-0.3803801894166181,F_breakeven
2025-08-30,0.0,101.08346664301034,-0.3803801894166181,F_breakeven
2025-08-31,0.0,101.08346664301034,-0.3803801894166181,F_breakeven
2025-09-01,0.0,101.08346664301034,-0.3803801894166181,F_breakeven
2025-09-02,0.0,101.08346664301034,-0.3803801894166181,F_breakeven
2025-09-03,0.0,101.08346664301034,-0.3803801894166181,F_breakeven
2025-09-04,0.0,101.08346664301034,-0.3803801894166181,F_breakeven
2025-09-05,0.0,101.08346664301034,-0.3803801894166181,F_breakeven
2025-09-06,0.0,101.08346664301034,-0.3803801894166181,F_breakeven
2025-09-07,0.0,101.08346664301034,-0.3803801894166181,F_breakeven
2025-09-08,0.0,101.08346664301034,-0.3803801894166181,F_breakeven
2025-09-09,0.0,101.08346664301034,-0.3803801894166181,F_breakeven
2025-09-10,0.0,101.08346664301034,-0.3803801894166181,F_breakeven
2025-09-11,0.0,101.08346664301034,-0.3803801894166181,F_breakeven
2025-09-12,0.0,101.08346664301034,-0.3803801894166181,F_breakeven
2025-09-13,0.0,101.08346664301034,-0.3803801894166181,F_breakeven
2025-09-14,0.0,101.08346664301034,-0.3803801894166181,F_breakeven
2025-09-15,0.0,101.08346664301034,-0.3803801894166181,F_breakeven
2025-09-16,0.0,101.08346664301034,-0.3803801894166181,F_breakeven
2025-09-17,0.0,101.08346664301034,-0.3803801894166181,F_breakeven
2025-09-18,0.0,101.08346664301034,-0.3803801894166181,F_breakeven
2025-09-19,0.0,101.08346664301034,-0.3803801894166181,F_breakeven
2025-09-20,0.0,101.08346664301034,-0.3803801894166181,F_breakeven
2025-09-21,0.0,101.08346664301034,-0.3803801894166181,F_breakeven
2025-09-22,0.0,101.08346664301034,-0.3803801894166181,F_breakeven
2025-09-23,0.0,101.08346664301034,-0.3803801894166181,F_breakeven
2025-09-24,0.0,101.08346664301034,-0.3803801894166181,F_breakeven
2025-09-25,0.0,101.08346664301034,-0.3803801894166181,F_breakeven
2025-09-26,0.0,101.08346664301034,-0.3803801894166181,F_breakeven
2025-09-27,0.0,101.08346664301034,-0.3803801894166181,F_breakeven
2025-09-28,0.0,101.08346664301034,-0.3803801894166181,F_breakeven
2025-09-29,-0.005362072352726558,101.07810457065762,-0.3856646105679151,F_breakeven
2025-09-30,0.0,101.07810457065762,-0.3856646105679151,F_breakeven
2025-10-01,0.0,101.07810457065762,-0.3856646105679151,F_breakeven
2025-10-02,0.0,101.07810457065762,-0.3856646105679151,F_breakeven
2025-10-03,0.0,101.07810457065762,-0.3856646105679151,F_breakeven
2025-10-04,0.0,101.07810457065762,-0.3856646105679151,F_breakeven
2025-10-05,0.0,101.07810457065762,-0.3856646105679151,F_breakeven
2025-10-06,0.0,101.07810457065762,-0.3856646105679151,F_breakeven
2025-10-07,0.0,101.07810457065762,-0.3856646105679151,F_breakeven
2025-10-08,0.0,101.07810457065762,-0.3856646105679151,F_breakeven
2025-10-09,0.0,101.07810457065762,-0.3856646105679151,F_breakeven
2025-10-10,0.0,101.07810457065762,-0.3856646105679151,F_breakeven
2025-10-11,0.0,101.07810457065762,-0.3856646105679151,F_breakeven
2025-10-12,0.0,101.07810457065762,-0.3856646105679151,F_breakeven
2025-10-13,0.0,101.07810457065762,-0.3856646105679151,F_breakeven
2025-10-14,0.0,101.07810457065762,-0.3856646105679151,F_breakeven
2025-10-15,0.0,101.07810457065762,-0.3856646105679151,F_breakeven
2025-10-16,0.0,101.07810457065762,-0.3856646105679151,F_breakeven
2025-10-17,0.0,101.07810457065762,-0.3856646105679151,F_breakeven
2025-10-18,0.0,101.07810457065762,-0.3856646105679151,F_breakeven
2025-10-19,0.0,101.07810457065762,-0.3856646105679151,F_breakeven
2025-10-20,0.0,101.07810457065762,-0.3856646105679151,F_breakeven
2025-10-21,0.0,101.07810457065762,-0.3856646105679151,F_breakeven
2025-10-22,0.0,101.07810457065762,-0.3856646105679151,F_breakeven
2025-10-23,0.0,101.07810457065762,-0.3856646105679151,F_breakeven
2025-10-24,0.02584665940385407,101.10395123006147,-0.3601922512524336,F_breakeven
2025-10-25,0.0,101.10395123006147,-0.3601922512524336,F_breakeven
2025-10-26,0.0,101.10395123006147,-0.3601922512524336,F_breakeven
2025-10-27,0.0,101.10395123006147,-0.3601922512524336,F_breakeven
2025-10-28,0.0,101.10395123006147,-0.3601922512524336,F_breakeven
2025-10-29,0.0,101.10395123006147,-0.3601922512524336,F_breakeven
2025-10-30,0.0,101.10395123006147,-0.3601922512524336,F_breakeven
2025-10-31,0.0,101.10395123006147,-0.3601922512524336,F_breakeven
2025-11-01,0.0,101.10395123006147,-0.3601922512524336,F_breakeven
2025-11-02,0.0,101.10395123006147,-0.3601922512524336,F_breakeven
2025-11-03,-0.032906085379540886,101.07104514468193,-0.39262180500468924,F_breakeven
2025-11-04,-0.0029185439606694372,101.06812660072126,-0.3954980838801414,F_breakeven
2025-11-05,0.0,101.06812660072126,-0.3954980838801414,F_breakeven
2025-11-06,-0.009848660895554012,101.0582779398257,-0.4052041207489032,F_breakeven
2025-11-07,-0.005339270608811721,101.0529386692169,-0.4104660703612262,F_breakeven
2025-11-08,0.0,101.0529386692169,-0.4104660703612262,F_breakeven
2025-11-09,0.0,101.0529386692169,-0.4104660703612262,F_breakeven
2025-11-10,-0.0064920632038876,101.046446606013,-0.416864118327287,F_breakeven
2025-11-11,0.0,101.046446606013,-0.416864118327287,F_breakeven
2025-11-12,0.0,101.046446606013,-0.416864118327287,F_breakeven
2025-11-13,0.0,101.046446606013,-0.416864118327287,F_breakeven
2025-11-14,0.0,101.046446606013,-0.416864118327287,F_breakeven
2025-11-15,0.0,101.046446606013,-0.416864118327287,F_breakeven
2025-11-16,0.0,101.046446606013,-0.416864118327287,F_breakeven
2025-11-17,0.0,101.046446606013,-0.416864118327287,F_breakeven
2025-11-18,0.0,101.046446606013,-0.416864118327287,F_breakeven
2025-11-19,0.0,101.046446606013,-0.416864118327287,F_breakeven
2025-11-20,0.0,101.046446606013,-0.416864118327287,F_breakeven
2025-11-21,0.0,101.046446606013,-0.416864118327287,F_breakeven
2025-11-22,0.0,101.046446606013,-0.416864118327287,F_breakeven
2025-11-23,0.0,101.046446606013,-0.416864118327287,F_breakeven
2025-11-24,0.0,101.046446606013,-0.416864118327287,F_breakeven
2025-11-25,0.0,101.046446606013,-0.416864118327287,F_breakeven
2025-11-26,0.0,101.046446606013,-0.416864118327287,F_breakeven
2025-11-27,0.0,101.046446606013,-0.416864118327287,F_breakeven
2025-11-28,0.0,101.046446606013,-0.416864118327287,F_breakeven
2025-11-29,0.0,101.046446606013,-0.416864118327287,F_breakeven
2025-11-30,0.0,101.046446606013,-0.416864118327287,F_breakeven
2025-12-01,0.0,101.046446606013,-0.416864118327287,F_breakeven
2025-12-02,0.0,101.046446606013,-0.416864118327287,F_breakeven
2025-12-03,0.0,101.046446606013,-0.416864118327287,F_breakeven
2025-12-04,0.0,101.046446606013,-0.416864118327287,F_breakeven
2025-12-05,0.0,101.046446606013,-0.416864118327287,F_breakeven
2025-12-06,0.0,101.046446606013,-0.416864118327287,F_breakeven
2025-12-07,0.0,101.046446606013,-0.416864118327287,F_breakeven
2025-12-08,0.0,101.046446606013,-0.416864118327287,F_breakeven
2025-12-09,0.0,101.046446606013,-0.416864118327287,F_breakeven
2025-12-10,0.0,101.046446606013,-0.416864118327287,F_breakeven
2025-12-11,0.0,101.046446606013,-0.416864118327287,F_breakeven
2025-12-12,0.0,101.046446606013,-0.416864118327287,F_breakeven
2025-12-13,0.0,101.046446606013,-0.416864118327287,F_breakeven
2025-12-14,0.0,101.046446606013,-0.416864118327287,F_breakeven
2025-12-15,0.0,101.046446606013,-0.416864118327287,F_breakeven
2025-12-16,0.0,101.046446606013,-0.416864118327287,F_breakeven
2025-12-17,0.0,101.046446606013,-0.416864118327287,F_breakeven
2025-12-18,0.0,101.046446606013,-0.416864118327287,F_breakeven
2025-12-19,0.0,101.046446606013,-0.416864118327287,F_breakeven
2025-12-20,0.0,101.046446606013,-0.416864118327287,F_breakeven
2025-12-21,0.0,101.046446606013,-0.416864118327287,F_breakeven
2025-12-22,0.0,101.046446606013,-0.416864118327287,F_breakeven
2025-12-23,0.0,101.046446606013,-0.416864118327287,F_breakeven
2025-12-24,0.0,101.046446606013,-0.416864118327287,F_breakeven
2025-12-25,0.0,101.046446606013,-0.416864118327287,F_breakeven
2025-12-26,0.0,101.046446606013,-0.416864118327287,F_breakeven
2025-12-27,0.0,101.046446606013,-0.416864118327287,F_breakeven
2025-12-28,0.0,101.046446606013,-0.416864118327287,F_breakeven
2025-12-29,0.0,101.046446606013,-0.416864118327287,F_breakeven
2025-12-30,0.0,101.046446606013,-0.416864118327287,F_breakeven
2025-12-31,0.0,101.046446606013,-0.416864118327287,F_breakeven
2026-01-01,0.0,101.046446606013,-0.416864118327287,F_breakeven
2026-01-02,0.0,101.046446606013,-0.416864118327287,F_breakeven
2026-01-03,0.0,101.046446606013,-0.416864118327287,F_breakeven
2026-01-04,0.0,101.046446606013,-0.416864118327287,F_breakeven
2026-01-05,0.0,101.046446606013,-0.416864118327287,F_breakeven
2026-01-06,0.0,101.046446606013,-0.416864118327287,F_breakeven
2026-01-07,0.0,101.046446606013,-0.416864118327287,F_breakeven
2026-01-08,0.0,101.046446606013,-0.416864118327287,F_breakeven
2026-01-09,0.0,101.046446606013,-0.416864118327287,F_breakeven
2026-01-10,0.0,101.046446606013,-0.416864118327287,F_breakeven
2026-01-11,0.0,101.046446606013,-0.416864118327287,F_breakeven
2026-01-12,0.0,101.046446606013,-0.416864118327287,F_breakeven
2026-01-13,0.0,101.046446606013,-0.416864118327287,F_breakeven
2026-01-14,0.0,101.046446606013,-0.416864118327287,F_breakeven
2026-01-15,0.0,101.046446606013,-0.416864118327287,F_breakeven
2026-01-16,0.0,101.046446606013,-0.416864118327287,F_breakeven
2026-01-17,0.0,101.046446606013,-0.416864118327287,F_breakeven
2026-01-18,0.0,101.046446606013,-0.416864118327287,F_breakeven
2026-01-19,0.0,101.046446606013,-0.416864118327287,F_breakeven
2026-01-20,-0.010447651230584006,101.03599895478243,-0.4271604712133614,F_breakeven
2026-01-21,0.0,101.03599895478243,-0.4271604712133614,F_breakeven
2026-01-22,0.0,101.03599895478243,-0.4271604712133614,F_breakeven
2026-01-23,0.0,101.03599895478243,-0.4271604712133614,F_breakeven
2026-01-24,0.0,101.03599895478243,-0.4271604712133614,F_breakeven
2026-01-25,0.0,101.03599895478243,-0.4271604712133614,F_breakeven
2026-01-26,0.0,101.03599895478243,-0.4271604712133614,F_breakeven
2026-01-27,0.05710348840592363,101.09310244318834,-0.3708839307090095,F_breakeven
2026-01-28,0.0,101.09310244318834,-0.3708839307090095,F_breakeven
2026-01-29,0.0,101.09310244318834,-0.3708839307090095,F_breakeven
2026-01-30,0.0,101.09310244318834,-0.3708839307090095,F_breakeven
2026-01-31,0.0,101.09310244318834,-0.3708839307090095,F_breakeven
2026-02-01,0.0,101.09310244318834,-0.3708839307090095,F_breakeven
2026-02-02,0.0,101.09310244318834,-0.3708839307090095,F_breakeven
2026-02-03,0.0313684442827947,101.12447088747115,-0.3399697506033861,F_breakeven
2026-02-04,0.0,101.12447088747115,-0.3399697506033861,F_breakeven
2026-02-05,0.0,101.12447088747115,-0.3399697506033861,F_breakeven
2026-02-06,0.0,101.12447088747115,-0.3399697506033861,F_breakeven
2026-02-07,0.0,101.12447088747115,-0.3399697506033861,F_breakeven
2026-02-08,0.0,101.12447088747115,-0.3399697506033861,F_breakeven
2026-02-09,0.0,101.12447088747115,-0.3399697506033861,F_breakeven
2026-02-10,0.0,101.12447088747115,-0.3399697506033861,F_breakeven
2026-02-11,0.0,101.12447088747115,-0.3399697506033861,F_breakeven
2026-02-12,0.0,101.12447088747115,-0.3399697506033861,F_breakeven
2026-02-13,-0.005636699693967206,101.11883418777717,-0.34552482206214874,F_breakeven
2026-02-14,0.0,101.11883418777717,-0.34552482206214874,F_breakeven
2026-02-15,0.0,101.11883418777717,-0.34552482206214874,F_breakeven
2026-02-16,0.0,101.11883418777717,-0.34552482206214874,F_breakeven
2026-02-17,0.0,101.11883418777717,-0.34552482206214874,F_breakeven
2026-02-18,0.0,101.11883418777717,-0.34552482206214874,F_breakeven
2026-02-19,0.0,101.11883418777717,-0.34552482206214874,F_breakeven
2026-02-20,0.0,101.11883418777717,-0.34552482206214874,F_breakeven
2026-02-21,0.0,101.11883418777717,-0.34552482206214874,F_breakeven
2026-02-22,0.0,101.11883418777717,-0.34552482206214874,F_breakeven
2026-02-23,0.0,101.11883418777717,-0.34552482206214874,F_breakeven
2026-02-24,0.0,101.11883418777717,-0.34552482206214874,F_breakeven
2026-02-25,0.0,101.11883418777717,-0.34552482206214874,F_breakeven
2026-02-26,-0.0014855245108656545,101.11734866326631,-0.3469888338526572,F_breakeven
2026-02-27,0.0,101.11734866326631,-0.3469888338526572,F_breakeven
2026-02-28,0.0,101.11734866326631,-0.3469888338526572,F_breakeven
2026-03-01,0.0,101.11734866326631,-0.3469888338526572,F_breakeven
2026-03-02,0.0,101.11734866326631,-0.3469888338526572,F_breakeven
2026-03-03,0.0,101.11734866326631,-0.3469888338526572,F_breakeven
2026-03-04,-0.01339682418650756,101.1039518390798,-0.3601916510536429,F_breakeven
2026-03-05,0.0,101.1039518390798,-0.3601916510536429,F_breakeven
2026-03-06,0.0,101.1039518390798,-0.3601916510536429,F_breakeven
2026-03-07,0.0,101.1039518390798,-0.3601916510536429,F_breakeven
2026-03-08,0.0,101.1039518390798,-0.3601916510536429,F_breakeven
2026-03-09,0.0,101.1039518390798,-0.3601916510536429,F_breakeven
2026-03-10,0.0,101.1039518390798,-0.3601916510536429,F_breakeven
2026-03-11,0.0,101.1039518390798,-0.3601916510536429,F_breakeven
2026-03-12,0.0,101.1039518390798,-0.3601916510536429,F_breakeven
2026-03-13,-0.009065159334261538,101.09488667974554,-0.36912553269019543,F_breakeven
2026-03-14,0.0,101.09488667974554,-0.36912553269019543,F_breakeven
2026-03-15,0.0,101.09488667974554,-0.36912553269019543,F_breakeven
2026-03-16,0.0,101.09488667974554,-0.36912553269019543,F_breakeven
2026-03-17,0.0,101.09488667974554,-0.36912553269019543,F_breakeven
2026-03-18,0.0,101.09488667974554,-0.36912553269019543,F_breakeven
2026-03-19,0.0,101.09488667974554,-0.36912553269019543,F_breakeven
2026-03-20,0.0,101.09488667974554,-0.36912553269019543,F_breakeven
2026-03-21,0.0,101.09488667974554,-0.36912553269019543,F_breakeven
2026-03-22,0.0,101.09488667974554,-0.36912553269019543,F_breakeven
2026-03-23,0.0,101.09488667974554,-0.36912553269019543,F_breakeven
2026-03-24,0.0,101.09488667974554,-0.36912553269019543,F_breakeven
2026-03-25,0.0,101.09488667974554,-0.36912553269019543,F_breakeven
2026-03-26,0.0,101.09488667974554,-0.36912553269019543,F_breakeven
2026-03-27,0.0,101.09488667974554,-0.36912553269019543,F_breakeven
2026-03-28,0.0,101.09488667974554,-0.36912553269019543,F_breakeven
2026-03-29,0.0,101.09488667974554,-0.36912553269019543,F_breakeven
2026-03-30,0.0,101.09488667974554,-0.36912553269019543,F_breakeven
2026-03-31,0.0,101.09488667974554,-0.36912553269019543,F_breakeven
2026-04-01,0.0,101.09488667974554,-0.36912553269019543,F_breakeven
2026-04-02,0.0,101.09488667974554,-0.36912553269019543,F_breakeven
2026-04-03,0.0,101.09488667974554,-0.36912553269019543,F_breakeven
2026-04-04,0.0,101.09488667974554,-0.36912553269019543,F_breakeven
2026-04-05,0.0,101.09488667974554,-0.36912553269019543,F_breakeven
2026-04-06,0.0,101.09488667974554,-0.36912553269019543,F_breakeven
2026-04-07,0.0,101.09488667974554,-0.36912553269019543,F_breakeven
2026-04-08,0.0,101.09488667974554,-0.36912553269019543,F_breakeven
2026-04-09,0.0,101.09488667974554,-0.36912553269019543,F_breakeven
2026-04-10,0.0,101.09488667974554,-0.36912553269019543,F_breakeven
2026-04-11,0.0,101.09488667974554,-0.36912553269019543,F_breakeven
2026-04-12,0.0,101.09488667974554,-0.36912553269019543,F_breakeven
2026-04-13,0.0,101.09488667974554,-0.36912553269019543,F_breakeven
2026-04-14,0.0,101.09488667974554,-0.36912553269019543,F_breakeven
2026-04-15,0.0,101.09488667974554,-0.36912553269019543,F_breakeven
2026-04-16,0.0,101.09488667974554,-0.36912553269019543,F_breakeven
2026-04-17,0.0,101.09488667974554,-0.36912553269019543,F_breakeven
2026-04-18,0.0,101.09488667974554,-0.36912553269019543,F_breakeven
2026-04-19,0.0,101.09488667974554,-0.36912553269019543,F_breakeven
2026-04-20,0.0,101.09488667974554,-0.36912553269019543,F_breakeven
2026-04-21,0.0,101.09488667974554,-0.36912553269019543,F_breakeven
2026-04-22,0.0,101.09488667974554,-0.36912553269019543,F_breakeven
2026-04-23,0.0,101.09488667974554,-0.36912553269019543,F_breakeven
2026-04-24,0.0,101.09488667974554,-0.36912553269019543,F_breakeven
2026-04-25,0.0,101.09488667974554,-0.36912553269019543,F_breakeven
2026-04-26,0.0,101.09488667974554,-0.36912553269019543,F_breakeven
2026-04-27,0.0,101.09488667974554,-0.36912553269019543,F_breakeven
2026-04-28,0.0,101.09488667974554,-0.36912553269019543,F_breakeven
2026-04-29,0.0,101.09488667974554,-0.36912553269019543,F_breakeven
2026-04-30,0.22311482747572037,101.31800150722125,-0.14924175717890842,F_breakeven
